id_fornecedor;cnpj_fornecedor;fornecedor
For00001;06974929000106;NOROESTE MEDICAMENTO LTDA - EPP
For00002;01140868000150;CIRURGICA OLIMPIO - EIRELI - EPP
For00003;61718946000182;DROGARIA DIAMARC LTDA
For00004;36325157000134;COSTA CARMAGO COM. DE PRODUTOS HOSPITALARES LTDA
For00005;26364969000135;HOSPITALARES - DISTRIBUIDORA DE MEDICAMENTOS E CORRELATOS EIRELI - EPP
For00006;23864942000113;UNIQUE DISTRIBUIDORA DE MEDICAMENTOS EIRELI
For00007;88212113022928;COMERCIO DE MEDICAMENTOS BRAIR LTDA
For00008;20989401000123;ARAUJO & UNTERNAHRER COM. DE PRODUTOS FARMACEUTICOS LTDA - ME
For00009;65817900000171;AGLON COMERCIO E REPRESENTAÇÕES LTDA
For00010;10586940000168;ONCOVIT DISTRIBUIDORA DE MEDICAMENTOS LTDA - ME
For00011;18269125000187;BIOHOSP PRODUTOS HOSPITALARES LTDA - EPP
For00012;30323616000164;QUICKBUM E-COMMERCE - EIRELI
For00013;02424344000153;DISTRIBUICAO DE MEDICAMENTOS PAMED LTDA
For00014;67729178000149;COMERCIAL CIRÚRGICA RIOCLARENSE
For00015;18459628000115;BAYER S.A
For00016;05343029000270;MEDLEVENSOHN COMERCIO E REPRESENTACOES DE PRODUTOS HOSPITALARES LTDA
For00017;35997345000146;HOSPIDROGAS COMERCIO DE PRODUTOS HOSPITALARES LTDA
For00018;09580548002257;SEROMA FARMACIAS E PERFUMARIAS LTDA
For00019;07590023000142;HAND LIFE SUPRIMENTOS MEDICOS E FISIOTERAPICOS LTDA - EPP
For00020;33009945000204;PRODUTOS ROCHE QUIMICOS E FARMACEUTICOS S.A
For00021;00809672000142;FARMALIBRA COMERCIO DE PRODUTOS HOSPITALARES LTDA - ME
For00022;11089732000116;STOKMED PRODUTOS HOSPITALARES LTDA - EPP
For00023;67729178000491;COMERCIAL CIRURGICA RIOCLARENSE LTDA
For00024;43295831000140;INTERLAB FARMACEUTICA LTDA
For00025;03652030000170;CENTERMEDI - COMERCIO DE PRODUTOS HOSPITARES LTDA.
For00026;03945035000191;ACACIA COMERCIO DE MEDICAMENTOS LTDA
For00027;12889035000102;INOVAMED COMERCIO DE MEDICAMENTOS LTDA - EPP
For00028;05847630000110;SOMA/SP PRODUTOS HOSPITALARES LTDA
For00029;11034934000160;NDS DISTRIBUIDORA DE MEDICAMENTOS LTDA
For00030;55309074000104;CIRÚRGICA SÃO JOSÉ LTDA
For00031;02520829000140;DIMASTER - COMERCIO DE PRODUTOS HOSPITALARES LTDA
For00032;44734671000151;CRISTALIA PRODUTOS QUIMICOS E FARMACEUTICOS LTDA
For00033;08231734000193;FUTURA COMERCIO DE PRODUTOS MEDICOS E HOSPITALARES LTDA - EPP
For00034;28123417000160;PARTNER FARMA DISTRIBUIDORA DE MEDICAMENTOS - EIRELI
For00035;31474414000186;BUTERI COMERCIO E REPRESENTACOES LTDA
For00036;04027894000750;DUPATRI HOSPITALAR COMERCIO, IMPORTACAO E EXPORTACAO LTDA.
For00037;05005873000100;PORTAL LTDA
For00038;14112327000160;BIOFAC INDUSTRIA, COMERCIO E REPRESENTACAO EIRELI
For00039;00874929000140;MED CENTER COMERCIAL LTDA
For00040;07118264000193;QUALITY MEDICAL COMERCIO E DISTRIBUIDORA DE MEDICAMENTOS LTDA
For00041;28911309000152;ESPIRITO SANTO DISTRIBUIDORA DE PRODUTOS HOSPITALARES EIRELI
For00042;22265663000170;N1 FARMA DISTRIBUIDORA DE MEDICAMENTOS EIRELI
For00043;10493969000103;TC ATUAL COMERCIO DE MEDICAMENTOS LTDA
For00044;60665981000975;UNIAO QUIMICA FARMACEUTICA NACIONAL S A
For00045;43940618000144;ELI LILLY DO BRASIL LTDA
For00046;27105456000172;MEDICENTRO COMERCIO DE MEDICAMENTOS - EIRELI
For00047;60318797000100;ASTRAZENECA DO BRASIL LTDA.
For00048;12499494000260;HOSPINOVA DISTRIBUIDORA DE PRODUTOS HOSPITALARES LTDA.
For00049;02513899000171;GRIFOLS BRASIL LTDA
For00050;61613881000100;DAKIFILM COMERCIAL LTDA
For00051;57532343000114;L M FARMA INDUSTRIA E COMERCIO LTDA
For00052;01328535000159;CLASSMED - PRODUTOS HOSPITALARES LTDA - EPP
For00053;19886616000130;PAULO CESAR PEDROZO
For00054;23510282000172;BENEDITO NETO DE SOUSA FEITOSA - EPP
For00055;09580548001447;SEROMA FARMACIAS E PERFUMARIAS LTDA
For00056;23232280000169;ZUCK PAPEIS LTDA
For00057;30082076000174;ABSOLUTA SAUDE IMP. EXP. E COMERCIO DE PRODUTOS PARA SAUDE EIRELI
For00058;29775313000101;SO SAUDE PRODUTOS HOSPITALAR EIRELI
For00059;16682179000144;DISMENE DISTRIBUIDORA DE MEDICAMENTOS DO NORDESTE LTDA - ME
For00060;06282624000125;MEDCEDRAL COMERCIO DE PRODUTOS MEDICOS E HOSPITALARES EIRELI
For00061;30641249000147;FABIO LUIZ BORGES - MEDICAMENTOS
For00062;17472278000164;GOLDENPLUS - COMERCIO DE MEDICAMENTOS E PRODUTOS HOSPITALARES LTDA - EPP
For00063;03968926000163;MASIF ARTIGOS MEDICOS E HOSPITALARES LTDA
For00064;04847959000118;REALMED HOSPITALAR EIRELI - ME
For00065;05487170000166;PB FARMA DISTRIBUIDORA DE MEDICAMENTOS LTDA
For00066;18489967000144;LB COMERCIO E SERVICOS LTDA
For00067;29010039000171;MONACO DISTRIBUIDORA DE MEDICAMENTOS LTDA
For00068;05997927000161;MEDIC STOCK COMERCIO DE PRODUTOS MEDICOS HOSPITALARES LTDA - EPP
For00069;00175233000125;TRES LEOES MATERIAL HOSPITALAR LTDA
For00070;27360084000120;BH MED DISTRIBUIDORA HOSPITALAR LTDA
For00071;31401798000107;DENTAL BH BRASIL COMERCIO DE PRODUTOS ODONTO-MEDICO-HOSPITALAR EIRELI
For00072;17892706000108;GLOBAL COMERCIAL EIRELI
For00073;59403410000126;INTERJET COMERCIAL EIRELI
For00074;30898181000186;DOROTHY RODINI DENTAL
For00075;09224765000180;LIFE MED PRODUTOS HOSPITALARES EIRELI
For00076;32861890000112;LUIZ FERREIRA LEITE NETO - ME
For00077;13547970000153;ELISVANDIA MATOS DONINI - ME
For00078;07377489000164;FOX BRASIL COMERCIO DE MATERIAL HOSPITALAR EIRELI
For00079;27401513000160;DEVANT CARE COMERCIAL LTDA
For00080;05343029000190;MEDLEVENSOHN COMERCIO E REPRESENTACOES DE PRODUTOS HOSPITALARES LTDA
For00081;25463374000174;MEDEFE PRODUTOS MEDICO- HOSPITALARES LTDA
For00082;08618163000144;GILMAR ARAUJO RODRIGUES - ME
For00083;28643008000195;SANTO REMEDIO -COMERCIO DE PRODUTOS MEDICO-HOSPITALAR EIRELI
For00084;31321329000188;CHM COMERCIO DE MEDICAMENTOS EIRELI
For00085;14271474000182;FRAGNARI DISTRIBUIDORA DE MEDICAMENTOS LTDA. - EPP
For00086;56081482000106;DIMEBRAS COMERCIAL HOSPITALAR LTDA
For00087;49228695000152;LUMAR COMÉRCIO DE PRODUTOS FARMACÊUTICOS LTDA
For00088;05782733000149;CIAMED DISTRIBUIDORA DE MEDICAMENTOS LTDA
For00089;11195057000100;AVAREMED DISTRIBUIDORA DE MEDICAMENTOS EIRELI - EPP
For00090;06968107000104;R.A.P.-APARECIDA - COMERCIO DE MEDICAMENTOS LTDA ME
For00091;02816696000154;PONTAMED FARMACEUTICA LTDA
For00092;31905076000190;RG2S DISTRIBUIDORA DE MEDICAMENTOS LTDA
For00093;49351786000423;BAXTER HOSPITALAR LTDA
For00094;67729178000220;COMERCIAL CIRÚRGICA RIOCLARENSE LTDA
For00095;27657308000160;M B DE CARVALHO DROGARIA
For00096;49324221000104;FRESENIUS KABI BRASIL LTDA.
For00097;04755530000109;IRMAOS YOKOO ARACATUBA LTDA - EPP
For00098;26984213000199;R.A. MARTINS - DISTRIBUIDORA
For00099;30766874000115;CIRURGICA PARANAVAI - EIRELI
For00100;48791685000168;C.B.S. MEDICO CIENTIFICA S/A
For00101;04063331000121;CIRURGICA UNIAO LTDA
For00102;43575877000113;DROGARIA NOVA ESPERANCA LTDA
For00103;16921603000166;NOVO NORDISK PRODUCAO FARMACEUTICA DO BRASIL LTDA.
For00104;32421421000182;MULTIHOSP COMERCIAL DE PRODUTOS HOSPITALARES LTDA
For00105;02600770000109;COMERCIAL VALFARMA LTDA - EPP
For00106;08778201000126;DROGAFONTE LTDA
For00107;11896538000142;SOLUMED DISTRIBUIDORA DE MEDICAMENTOS E PRODUTOS PARA SAUDE LTDA-EPP
For00108;14261377000109;MAIS SAUDE COMERCIO DE PRODUTOS HOSPITALARES LTDA - EPP
For00109;30109731000130;IMPACTO MED EIRELI
For00110;32364822000148;TERRA SUL COMERCIO DE MEDICAMENTOS LTDA
For00111;21681325000157;MULTIFARMA COMERCIAL LTDA
For00112;29228930000189;LIGIA MARIA CARNEIRO
For00113;19570720000706;HIPOLABOR FARMACEUTICA LTDA
For00114;16553940000148;MEDMAX COMERCIO DE MEDICAMENTOS LTDA - ME
For00115;26436406000105;CENTRAL DAS FRALDAS DISTRIBUIDORA LTDA
For00116;30096901000190;TOSETTI & ARANTES LTDA
For00117;04610769000182;OFTALMICA PROLENTES LTDA
For00118;15145035000196;RIOBAHIAFARMA COMERCIO E DISTRIBUICAO DE PRODUTOS MEDICOS E COSMETICOS LTDA - EPP
For00119;12420164000904;CM HOSPITALAR S.A.
For00120;09053134000226;ELFA MEDICAMENTOS LTDA
For00121;26570361000167;PORTAL DISTRIBUIDORA HOSPITALAR LTDA
For00122;17189700000179;ANDREIA LORENZI
For00123;15182741000108;BCR COMERCIO DE PRODUTOS NUTRICIONAIS E HOSPITALARES LTDA - ME
For00124;24926663000108;L. P. SANTOS ATACADISTA - ME
For00125;05106015000152;CALL MED COMERCIO DE MEDICAMENTOS E REPRESENTACAO LTDA
For00126;07752236000123;MEDILAR IMPORTACAO E DISTRIBUICAO DE PRODUTOS MEDICO HOSPITALARES LTDA
For00127;00802002000102;ALTERMED MATERIAL MEDICO HOSPITALAR LTDA
For00128;00656468000139;SOMA/PR COMERCIO DE PRODUTOS HOSPITALARES LTDA
For00129;17159229000176;LABORATORIO TEUTO BRASILEIRO S/A
For00130;09192829000108;ATONS DO BRASIL DISTRIBUIDORA DE PRODUTOS HOSPITALARES LTDA
For00131;10596721000160;MIRANDA & GEORGINI LTDA
For00132;21608296000106;MAMED COMERCIAL LTDA - EPP
For00133;05049432000100;COMERCIO E REPRESENTAÇÃO PRADO LTDA
For00134;04355394000151;PROHOSP DISTRIBUIDORA DE MEDICAMENTOS LTDA
For00135;82225947000165;A. G. KIENEN E CIA LTDA
For00136;16845253000104;MBR FERNANDES - EPP
For00137;18964366000146;RONDOLAB COMERCIO E SERVICOS LTDA
For00138;19430036000133;PERFIL HOSPITALAR LTDA - ME
For00139;12420164000319;CM HOSPITALAR LTDA
For00140;29494115000161;MEDICAM DISTRIBUIDORA DE MEDICAMENTOS E NUTRICAO LTDA
For00141;04356658000191;AAF DO BRASIL PRODUTOS ODONTOLOGICOS LTDA - ME
For00142;26240632000116;DENTAL HIGIX PRODUTOS ODONTOLOGICOS MEDICOS HOSPITALARES EIRELI
For00143;28093678000185;F&F DISTRIBUIDORA DE MEDICAMENTOS LTDA - ME
For00144;81706251000198;PROMEFARMA REPRESENTAÇÕES COMERCIAIS LTDA
For00145;04470877000105;MEDIGRAM DISTRIBUIDORA DE MEDICAMENTOS LTDA - ME
For00146;25279552000101;DISTRIBUIDORA DE MEDICAMENTOS BACKES EIRELI
For00147;03411908000186;GREEN FARMACEUTICA LTDA - ME
For00148;26898124000120;FARMANORTE COMERCIO E MANIPULACAO DE MEDICAMENTOS EIRELI
For00149;73856593000166;PRATI, DONADUZZI E CIA LTDA
For00150;21595464000168;UNI HOSPITALAR CEARA LTDA - EPP
For00151;13977860000121;ATECNOMED ASSISTENCIA E COMERCIO DE PRODUTOS HOSPITALARES EIRELI
For00152;01784792000103;EQUIPLEX INDUSTRIA FARMACEUTICA LTDA -
For00153;94516671000234;CIRURGICA SANTA CRUZ COM. DE PRODUTOS HOSPITALARES LTDA.
For00154;17114621000107;GO.MED DISTRIBUIDORA DE MEDICAMENTOS LTDA - ME
For00155;25288745000129;NEW MEDIC COMERCIO ATACADISTA DE MEDICAMENTOS E MATERIAL HOSPITALAR LTDA
For00156;03330630000112;WELLINGTON MORALES LAUREANO - ME
For00157;18337759000120;DISTRIBUIDORA MERISIO LTDA - ME
For00158;01722296000117;PANORAMA COMERCIO DE PRODUTOS MEDICOS E FARMACEUTICOS LTDA
For00159;26419311000183;LUMANN DISTRIBUIDORA DE MEDICAMENTOS LTDA
For00160;24586988000180;CIRURGICA NOSSA SENHORA - EIRELI
For00161;09944371000104;SULMEDIC COMERCIO DE MEDICAMENTOS LTDA. - EPP
For00162;05912018000183;MERCO SOLUCOES EM SAUDE LTDA
For00163;00331788001271;AIR LIQUIDE BRASIL LTDA
For00164;33551382000109;AMC SAUDE COMERCIAL HOSPITALAR EIRELI
For00165;23312871000146;EXEMPLARMED COMERCIO DE PRODUTOS HOSPITALARES LTDA - ME
For00166;17159229000257;LABORATÓRIO TEUTO BRASILEIRO LTDA
For00167;14336329000132;SOL-MILLENNIUM BRASIL IMPORTACAO E EXPORTACAO S.A.
For00168;11260846000187;ANBIOTON IMPORTADORA LTDA
For00169;04949905000163;F CARDOSO E CIA LTDA
For00170;07847837000110;CIENTIFICA MEDICA HOSPITALAR LTDA
For00171;21297758000103;PRO-SAUDE DISTRIBUIDORA DE MEDICAMENTOS EIRELI - ME
For00172;23228076000174;CMH - CENTRAL DE MEDICAMENTOS HOSPITALARES - EIRELI - ME
For00173;10571984000114;ASTRA FARMA COMERCIO DE MATERIAL MEDICO HOSPITALAR LTDA
For00174;07484373000124;UNI HOSPITALAR LTDA-EPP
For00175;53813267000164;CACHUCHO & CACHUCHO LTDA - ME
For00176;29907666000100;RANGEL HOSPITALAR - EIRELI
For00177;10749758000180;A. D. DAMINELLI - ME
For00178;22771751000144;V&V COMERCIO DE MEDICAMENTOS EIRELI
For00179;14115388000180;ELLO DISTRIBUICAO LTDA - ME
For00180;19872584000113;JUNIOR ZANQUI DROGARIA LTDA
For00181;11563145000117;COMERCIAL MOSTAERT LTDA
For00182;49432297000153;ANTONIO C. FIORIN & CIA LTDA
For00183;02794555000420;COLOPLAST DO BRASIL LTDA.
For00184;25631623000193;DENTAL GONTIJO LTDA
For00185;22480778000188;CIRURGICA CALIFORNIA EIRELI - ME
For00186;04106730000122;EMPORIO HOSPITALAR COMERCIO DE PRODUTOS CIRURGICOS HOSPITALARES LTDA
For00187;08183359000153;PRODIET NUTRICAO CLINICA LTDA
For00188;14192434000145;CALANDRIM & CALANDRIM DROGARIA LTDA. - EPP
For00189;01122234000174;IMPORT SERVICE MATERIAL MEDICO HOSPITALAR LTDA
For00190;32053182000155;DENTAL RONDONIA COMERCIO DE PRODUTOS PARA SAUDE LTDA
For00191;02475985000137;COVAN - COMERCIO VAREJISTA E ATACADISTA DO NORTE LTDA - ME
For00192;10656587000145;CIRURGICA MS LTDA - ME
For00193;28069066000157;OESTE MED PRODUTOS HOSPITALARES LTDA
For00194;44734671000828;CRISTALIA PRODUTOS QUIMICOS FARMACEUTICOS LTDA
For00195;05443348000177;CENTERMEDICA PRODUTOS HOSPITALARES LTDA - ME
For00196;27860256000125;VITALSUL DISTRIBUIDORA DE MEDICAMENTOS - EIRELI - ME
For00197;02520829000302;DIMASTER - COMERCIO DE PRODUTOS HOSPITALARES LTDA.
For00198;07640617000110;DISTRIBUIDORA BRASIL COML DE PRODUTOS MEDICOS HOSPITALARES LTDA
For00199;20590555000148;AGIL DISTRIBUIDORA DE MEDICAMENTOS LTDA - ME
For00200;15329061000174;DANIELA CRISTINA SOUZA SANTOS - ME
For00201;08676370000155;DISTRIBUIDORA DE MEDICAMENTOS PRO SAUDE LTDA - EPP
For00202;04162170000123;ESTRATTI VEGETALI FARMACIA E MANIPULACAO LTDA - ME
For00203;52605433000174;DROGARIA GREGIANA LTDA
For00204;01417694000120;DISTRIMIX DISTRIBUIDORA DE MEDICAMENTOS LTDA
For00205;12340717000161;POINT SUTURE DO BRASIL IND DE FIOS CIRURGICOS LTDA
For00206;54516661008005;JOHNSON & JOHNSON DO BRASIL INDUSTRIA E COMERCIO DE PRODUTOS PARA SAUDE LTDA.
For00207;37844479000152;BIOLINE FIOS CIRURGICOS LTDA
For00208;17252670000106;VITALMEDICA DISTRIBUIDORA DE MOVEIS E EQUIPAMENTOS HOSPITALARES LTDA
For00209;42799163000126;BH FARMA COMÉRCIO LTDA
For00210;00339246000192;LONDRICIR COMERCIO DE MATERIAL HOSPITALAR LTDA
For00211;58426628000133;SAMTRONIC INDUSTRIA E COMERCIO LTDA
For00212;04307650001298;ONCO PROD DISTRIBUIDORA DE PRODUTOS HOSPITALARES E ONCOLOGICOS LTDA.
For00213;96681861003177;ATACADO E COMERCIO DE MEDICAMENTOS AYMORE LTDA
For00214;61418042000131;CIRURGICA FERNANDES LTDA
For00215;56994502000130;NOVARTIS BIOCIENCIA S/A
For00216;01056338000128;ENDOCIRURGICA - COMERCIO DE PRODUTOS MEDICOS LTDA.
For00217;28418133000100;MED VITTA COMERCIO DE PRODUTOS HOSPITALARES LTDA
For00218;32910616000196;BS DISTRIBUIDORA HOSPITALAR EIRELI
For00219;12891104000112;VIANA FARMA COMERCIO E REPRESENTACOES LTDA
For00220;00659050000185;CENTER MED COMERCIAL LTDA
For00221;33891594000127;EXCLUSIVE PRODUTOS HOSPITALARES EIRELI
For00222;33598456000154;JMS DISTRIBUIDORA HOSPITALAR EIRELI
For00223;07865568000114;LUSMED COMERCIO DE PRODUTOS MEDICOS HOSPITALARES LTDA
For00224;04372020000144;WERBRAN DISTRIBUIDORA DE MEDICAMENTOS LTDA
For00225;21949562000156;YVMED PRODUTOS FARMACEUTICOS E HOSPITALARES EIRELI
For00226;06628333000146;FARMACE - INDUSTRIA QUIMICO-FARMACEUTICA CEARENSE LTDA
For00227;04274988000138;ATIVA COMERCIAL HOSPITALAR LTDA
For00228;03246587000101;SUFRAMED COMERCIO DE MATERIAL MEDICO HOSPITALAR LTDA
For00229;25211499000379;MEDCOM COMERCIO DE MEDICAMENTOS HOSPITALARES LTDA
For00230;24826631000122;FARMA 2 PRODUTOS PARA SAUDE LTDA - EPP
For00231;54375647018093;DROGAL FARMACEUTICA LTDA
For00232;14461796000194;M.DIAS COMERCIO DE PRODUTOS HOSPITALAR EIRELI
For00233;11657058000129;Farmacia Charles e Gustavo Ltda
For00234;07344756000105;PRO-SAUDE - COMERCIO DE PRODUTOS HOSPITALARES LTDA - ME
For00235;09315996000107;COMERCIAL MARK ATACADISTA LTDA - ME
For00236;21340481000154;CDR BRASIL COMERCIAL LTDA - ME
For00237;17756574000197;MANZATOS FARMA LTDA - ME
For00238;13485130000103;PHARMA LOG PRODUTOS FARMACEUTICOS LTDA
For00239;04071245000160;LUCIMED DISTRIBUIDORA DE MEDICAMENTOS, CORRELATOS E PRODUTOS MÉDICOS E HOSPITALAR
For00240;04380569000180;J R G DISTRIBUIDORA DE MEDICAMENTOS HOSPITALARES LTDA EPP
For00241;49324221001690;FRESENIUS KABI BRASIL LTDA.
For00242;61363032000146;CHIESI FARMACÊUTICA LTDA
For00243;30511964000165;MEDICAL COMERCIO DE COSMETICOS LTDA.
For00244;06886136000127;MEDCOM COMERCIO REPRESENTACOES E SERVICOS LTDA - EPP
For00245;03596923000146;MEDIMAC COMERCIO DE ARTIGOS MEDICOS LTDA - ME
For00246;32743242000161;CAVALLI COMERCIO DE PRODUTOS MEDICOS E HOSPITALARES - EIRELI
For00247;13470384000158;CMC PRODUTOS HOSPITALARES LTDA
For00248;79250676000274;CIRÚRGICA JAW COMÉRCIO DE MATERIAIS MÉDICO HOSP. LTDA
For00249;08958628000297;ONCOEXO DISTRIBUIDORA DE MEDICAMENTOS LTDA
For00250;04779188000179;FASTMED COMERCIO LTDA - EPP
For00251;03840189000119;RS MED LTDA
For00252;05400006000170;FABMED DISTRIBUIDORA HOSPITALAR LTDA.
For00253;13287059000154;JAMARI COMERCIO E EMPREENDIMENTOS LTDA - EPP
For00254;82277955000155;NOVO NORDISK FARMACEUTICA DO BRASIL LTDA
For00255;10461277000175;COMODORO COMERCIAL E NUTRICAO LTDA - ME
For00256;14724626000155;NUTRISOLUTION NUTRICAO E COMERCIO DE PRODUTOS HOSPITALARES E ONCOLOGICOS LTDA
For00257;56926298000110;BOLIS, MAESTRELLO & CIA LTDA
For00258;06271093008745;DMTOP COMERCIO DE MEDICAMENTOS E COSMETICOS LTDA
For00259;04851958000147;R.P.4 DISTRIBUIDORA DE MEDICAMENTOS LTDA
For00260;27855189000150;M. A. GIACOMETTI DROGARIA LTDA
For00261;00064780000133;HS MED COMERCIO DE ARTIGOS HOSPITALARES LTDA - EPP
For00262;33264996000100;CAIO TRUFFI POLACOW SABBAGH
For00263;12376395000100;NUTRI ARTHI COMERCIAL LTDA - ME
For00264;52202744000192;NACIONAL COMERCIAL HOSPITALAT LTDA
For00265;00826788000190;RICARDO RUBIO - EPP
For00266;01772798000233;MEDTRONIC COMERCIAL LTDA
For00267;09260071000106;CIRURGICA KD LTDA - EPP
For00268;09460388000188;VALMIR L. RIBEIRO JUNIOR ARTIGOS MEDICOS - EPP
For00269;29346301000153;LABORATORIO FARMACEUTICO VITAMED LTDA
For00270;08160290000142;FARMAGUEDES COMERCIO DE PRODUTOS FARMACEUTICOS, MEDICOS E HOSPITALARES LTDA - ME
For00271;15218561000139;NNMED - DISTRIBUICAO, IMPORTACAO E EXPORTACAO DE MEDICAMENTOS LTDA - EPP
For00272;10645510000170;DISTRIBUIDORA DE MEDICAMENTOS SAUDE & VIDA LTDA - EPP
For00273;10633441000184;FUSAO COMERCIO DE PRODUTOS ODONTOLOGICOS LTDA - ME
For00274;27330244000199;MC MEDICALL PRODUTOS MEDICO HOSPITALARES - EIRELI - ME
For00275;05746444000194;CIRURGICA PARANA - DISTRIBUIDORA DE EQUIPAMENTOS LTDA - EPP
For00276;04759433000186;FERNAMED LTDA
For00277;03894963000174;SAO MARCOS DISTRIBUIDORA DE MEDICAMENTOS, EQUIPAMENTOS E MATERIAL HOSPITALARES E
For00278;03748673000112;ELLO DISTRIBUIDORA DE MEDICAMENTOS LTDA - EPP
For00279;11144448000103;CONTROLL PHARMA COMERCIO DE MEDICAMENTOS LTDA - ME
For00280;00453515000147;FARMACIA GINAP LTDA
For00281;04027894000164;DUPATRI HOSPITALAR COMERCIO, IMPORTACAO E EXPORTACAO LTDA
For00282;09137934000225;NORDICA DISTRIBUIDORA HOSPITALAR LTDA
For00283;08476077000144;SW COMÉRCIO DE MEDICAMENTOS LTDA
For00284;29036138000122;SMC FARMACEUTICA LTDA
For00285;18811390000145;INARA BRASIL DA SILVA & CIA LTDA - ME
For00286;31673254000285;LABORATORIOS B BRAUN SA
For00287;30881804000108;MAGNUS MED COMERCIO DE PRODUTOS HOSPITALARES E MEDICAMENTOS LTDA
For00288;28547190000180;GRAZIELA VELANI ABUFARES COMERCIO DE MEDICAMENTOS EIRELI
For00289;27789446000101;AGUIA DISTRIBUIDORA DE MEDICAMENTOS E SUPRIMENTOS - EIRELI - ME
For00290;28289799000105;SOS DISTRIBUIDORA DE PRODUTOS PARA SAUDE LTDA
For00291;20069935000131;FARMACIA PRECO BAIXO VILHENA LTDA
For00292;11044066000108;GOLDEN FARM DISTRIBUIDORA LTDA - EPP
For00293;02814497000700;CIMED INDUSTRIA DE MEDICAMENTOS LTDA
For00294;87547444000391;ASSOCIACAO DR BARTHOLOMEU TACCHINI
For00295;84750918000148;J MARCAL SERVICOS DE PROTESE ODONTOLOGICA
For00296;04654861000144;INDALABOR INDAIA LABORATÓRIO FARMACÊUTICO LTDA
For00297;73665598000101;COMERCIO DE MEDICAMENTOS YUMIFARMA LTDA
For00298;23664355000180;INJEMED MEDICAMENTOS ESPECIAIS LTDA
For00299;18224182000140;HOSPMED COMERCIO EIRELI - EPP
For00300;29312896000126;BHDENTAL COMERCIAL EIRELI
For00301;27080739000107;PRIME SOLUCOES EM SAUDE EIRELI
For00302;02977362000162;A COSTA COMERCIO ATACADISTA DE PRODUTOS FARMACEUTICOS LTDA - ME
For00303;10972948000162;BRAZMIX COMERCIO VAREJISTA E ATACADISTA LTDA
For00304;06271093006963;DMTOP COMERCIO DE MEDICAMENTOS E COSMETICOS LTDA
For00305;80392566000145;AABA COMERCIO DE EQUIPAMENTOS MEDICOS EIRELI
For00306;08435077000104;DUTRAMED DISTRIBUIDORA LTDA - ME
For00307;09603161000144;BMD - COMERCIO DE PRODUTOS MEDICOS LTDA.
For00308;03648990000167;MC SURGICAL PRODUTOS MEDICO HOSPITALARES LTDA. - EPP
For00309;03302477000110;ROSSANE SERAFIM MATOS
For00310;54858014000501;ESSITY SOLUCOES MEDICAS DO BRASIL COMERCIO E DISTRIBUICAO LTDA.
For00311;46962122000321;CQC - TECNOLOGIA EM SISTEMAS DIAGNOSTICOS LTDA
For00312;05439635000456;ANTIBIOTICOS DO BRASIL LTDA.
For00313;07055280000184;F WILTON CAVALCANTE MONTEIRO EIRELI
For00314;22862531000126;TOP NORTE COMERCIO DE MATERIAL MEDICO HOSPITALAR EIRELI - EPP
For00315;04451626000256;PHOSPODONT LTDA
For00316;70104344000126;ENDOMED COM E REP DE MEDICAMENTOS LTDA
For00317;02771547000116;NATAN COMERCIO LTDA
For00318;10731996000169;M & A SUPRA COMERCIAL LTDA - ME
For00319;20202872000140;PROVIP DISTRIBUIDORA HOSPITALAR LTDA - EPP
For00320;10588595001092;SANOFI MEDLEY FARMACEUTICA LTDA
For00321;10854165000184;F & F DISTRIBUIDORA DE PRODUTOS FARMACEUTICOS LTDA
For00322;58430828000160;BLAUSIEGEL INDÚSTRIA E COMÉRCIO LTDA
For00323;23708186000133;VIVAMED COMERCIO E REPRESENTACAO DE MATERIAL HOSPITALAR EIRELI
For00324;10460674000122;MAX-MEDICAL COMERCIO DE PRODUTOS MEDICOS HOSPITALARES LTDA
For00325;05008240000156;EXATA DISTRIBUIDORA HOSPITALAR LTDA
For00326;27971020000166;VWPHARMA COMERCIO DE MEDICAMENTOS E MATERIAIS HOSPITALARES EIRELI
For00327;20627681000120;CENTER DENT SERVICO DE PROTESE DENTARIA LTDA
For00328;12308388000171;RMW MEDICAMENTOS E MATERIAIS HOSPITALARES EIRELI - EPP
For00329;08674752000140;CIRURGICA MONTEBELLO LTDA
For00330;33673687000185;J J SOUZA COMERCIO DE PRODUTOS MEDICOS HOSPITALARES EIRELI
For00331;33398831000112;FENIX COMERCIO DE PRODUTOS HOSPITALARES LTDA
For00332;19391064000199;LUVERMED DISTRIBUIDORA DE MEDICAMENTOS LTDA
For00333;19558081000178;CFV COMERCIO DE PRODUTOS NUTRICIONAIS, NATURAIS E ORGANICOS EIRELI
For00334;01409230000171;WOORD & MAURO LTDA
For00335;17263792000190;REALMED DISTRIBUIDORA LTDA - EPP
For00336;24868172000140;CASTROMED MEDICAMENTOS E MATERIAIS MEDICOS E HOSPITALARES EIRELI - EPP
For00337;06059923000103;CELIA DA CUNHA FRANCA EIRELI
For00338;05194502000467;ALFALAGOS LTDA.
For00339;06294126000100;RS - PRODUTOS HOSPITALARES LTDA
For00340;30036611000150;ECOFARMA COMERCIO DE MEDICAMENTOS EIRELI
For00341;82873068000735;GENESIO A MENDES & CIA LTDA
For00342;64171697000146;ACCORD FARMACÊUTICA LTDA
For00343;71336101000186;VALE COMERCIAL LTDA
For00344;09053134000145;ELFA MEDICAMENTOS LTDA
For00345;03434334000161;MEDIMPORT COMERCIO DE PRODUTOS HOSPITALARES LTDA - EPP
For00346;06086578000199;M. G. GIACOMETTI DROGARIA LTDA - EPP
For00347;20740314000138;J M M PAULA GARCIA DISTRIBUIDORA - ME
For00348;08393709000106;SILVA E DELGADO LTDA - ME
For00349;29868059000188;HOSPITALMED EIRELI
For00350;31368706000134;DROGAMIX DISTRIBUIDORA DE MEDICAMENTOS EIRELI
For00351;14905502000176;EXCLUSIVA DISTRIBUIDORA DE MEDICAMENTOS LTDA - EPP
For00352;24994990000199;FOXMED MEDICAMENTOS E PRODUTOS HOSPITALARES LTDA
For00353;10831701000126;LARMED DISTRIBUIDORA DE MEDICAMENTOS E MATERIAL MEDICO HOSPITALAR LTDA
For00354;04350315000110;FORTUCCI & GRAVINA LTDA - EPP
For00355;63848345000110;POLYANA DISTRIBUIDORA DE MEDICAMENTOS LTDA - EPP
For00356;07269677000179;RINALDI & COGO LTDA - ME
For00357;06106005000180;STOCK MED PRODUTOS MEDICO-HOSPITALARES LTDA.
For00358;01648513000176;PKB PRODUTOS QUIMICOS LTDA
For00359;29043834000166;3MED DISTRIBUIDORA DE MEDICAMENTOS LTDA.
For00360;16826305000197;SOS MEDICAL DISTRIBUIDORA DE MEDICAMENTOS E MATERIAIS HOSPITALARES LTDA
For00361;09676256000198;MEDICAMENTOS DE AZ EIRELI - EPP
For00362;85477586000132;ECO - FARMAS - COMERCIO DE MEDICAMENTOS LTDA - ME
For00363;24480341000170;SAUDMED DISTRIBUIDORA DE PRODUTOS HOSPITALARES EIRELI
For00364;12811487000171;MULTISUL COMERCIO E DISTRIBUICAO LTDA
For00365;83157032000122;METROMED COM DE MATERIAL MEDICO HOSPITALAR LTDA
For00366;54565478000198;SISPACK MEDICAL LTDA. - EPP
For00367;21947632000137;LABMEDIC COMERCIO E MANUTENCAO DE EQUIPAMENTOS MEDICOS EIRELI
For00368;21268634000108;MULTIPLIER DISTRIBUIDORA EIRELI
For00369;09222369000113;DENTAL MARIA LTDA - ME
For00370;67403154000103;A. M. MOLITERNO - EPP
For00371;08665289000170;M.M. CAPELLARO COMERCIO DE PRODUTOS MEDICOS E ODONTOLOGICOS LTDA
For00372;20259895000190;MEDPRO COMERCIO DE PRODUTOS HOSPITALARES LTDA
For00373;10757876000130;SR PRODUTOS MEDICOS LTDA
For00374;11463608000179;ERIMAR INDUSTRIA E COMERCIO DE PRODUTOS PARA SAUDE LTDA - ME
For00375;19316473000120;BERNIERI & CIA LTDA
For00376;78742491000133;JOAOMED COMERCIO DE MATERIAIS CIRURGICOS LTDA
For00377;11187037000197;DISTRIBUIDORA OMEGA LTDA - ME
For00378;10642769000167;DEYVIS MASCKIO SERENI DROGARIA
For00379;00236193000184;M J BEZERRA DE MELO SILVA
For00380;21581445000182;ALTAMED DISTRIBUIDORA DE MEDICAMENTOS LTDA
For00381;05159591000168;PRO-REMEDIOS DISTRIBUIDORA DE PRODUTOS FARMACEUTICOS E COSMETICOS EIRELI - ME
For00382;03817043000152;PHARMAPLUS LTDA
For00383;25296849000185;TIDIMAR COMERCIO DE PRODUTOS MEDICOS HOSPITALARES LTDA - EPP
For00384;04598413000170;RECOL REPRESENTAÇÕES E COMERCIO LTDA
For00385;27718661000103;ARMAZEM DOS MEDICAMENTOS EIRELI
For00386;54426937000152;CREMONESI & RODRIGUES LTDA - ME
For00387;04419989000123;A. R. VERISSIMO LTDA - EPP
For00388;10842256000108;GROW QUIMICA E FARMACEUTICA LTDA.
For00389;07955424000159;ASTHAMED COMERCIO DE PRODUTOS E EQUIPAMENTOS HOSPITALARES EIRELI - EPP
For00390;00545222000190;PROFARM COMERCIO DE MEDICAMENTOS E MATERIAL HOSPITALAR LTDA
For00391;18018256000191;K J FERNANDES - EPP
For00392;05022486000182;MACRO LIFE IMPORTADORA DE PRODUTOS MEDICOS - EIRELI
For00393;12014370000167;ABC DISTRIBUIDORA DE MEDICAMENTOS LTDA
For00394;10269296000102;SEMEAR DISTRIBUIDORA EIRELI - EPP
For00395;10638214000141;GM FARMA COMERCIAL LTDA - EPP
For00396;31794085000150;A. C. F. FERNAINE COMERCIO & SERVICO LTDA
For00397;82291311000111;AMARILDO BASEGGIO & CIA LTDA - ME
For00398;48647564000147;DROGARIA NOSSA SENHORA DAS DORES LTDA
For00399;11195977000128;MEDICAH COMERCIO DE MEDICAMENTOS EIRELI
For00400;20344116000155;NEVALLI ARTIGOS MEDICOS E ORTOPEDICOS LTDA - ME
For00401;22465640000100;MJ COMERCIO DE ARTIGOS MÉDICOS E ORTOPÉDICOS LTDA - ME
For00402;04679119000193;CRM COMERCIAL LTDA - ME
For00403;40790727000134;RN COMERCIO DE MEDICAMENTOS E MATERIAL HOSPITALAR LTDA - ME
For00404;04362282000128;D E A FARMA LTDA - EPP
For00405;34680592000151;BRASIL DEVICES EQUIPAMENTOS HOSPITALARES EIRELI
For00406;18279039000155;JN-MAXIMED COMERCIO DE PRODUTOS HOSPITALARES LTDA.
For00407;33255787001163;IBF INDUSTRIA BRASILEIRA DE FILMES S/A
For00408;01884446000199;TECNOVIDA COMERCIAL LTDA
For00409;23706033000157;LAISE DE LIMA E SILVA - EPP
For00410;19125796000137;NORDMARKET COMERCIO DE PRODUTOS HOSPITALARES LTDA - ME
For00411;05215423000142;RCM COMERCIO LTDA ME
For00412;13324282000124;KASVI IMPORTACAO E DISTRIBUICAO DE PRODUTOS PARA LABORATORIOS LTDA
For00413;03634617000157;AZULPHARMA DISTRIBUIDORA DE MEDICAMENTOS LTDA - EPP
For00414;28039635000111;SM HOSPITALAR EIRELI
For00415;07094705000164;IMAGEM PRODUTOS HOSPITALARES EIRELI
For00416;13994852000193;HIPERDENTAL COMERCIO E REPRESENTACAO DE PRODUTOS ODONTOLOGICOS E MEDICO - HOSPITA
For00417;24614797000185;KATIA CILENE DIAS QUARANTA DISTRIBUIDORA DE MEDICAMENTOS - ME
For00418;05895525000156;OBJETIVA PRODUTOS E SERVICOS P/ LABORATORIOS LTDA - EPP
For00419;27130979000179;OPEN FARMA COMERCIO DE PRODUTOS HOSPITALARES LTDA
For00420;31246364000180;MED RIOS COMERCIO DE MEDICAMENTOS E MATERIAIS HOSPITALARES EIRELI
For00421;07160019000144;VITALE COMERCIO LTDA
For00422;09390408000191;DMAX - DISTRIBUIDORA DE MEDICAMENTOS E MATERIAL HOSPITALAR LTDA. - EPP
For00423;20419709000133;CIRURGICA ONIX - EIRELI - ME
For00424;54375647012648;DROGAL FARMACEUTICA LTDA
For00425;21794870000150;DROGARIA FIDALGA LTDA
For00426;10447355000187;VIVA COMERCIO ATACADISTA DE MEDICAMENTOS EIRELI
For00427;27985664000103;EUROMED COMERCIO DE MEDICAMENTOS LTDA
For00428;00098242000160;PRONTOFAR LTDA
For00429;31442383000181;A. C. DE MORAES EIRELI
For00430;29552649000105;ILCARA MARIA DE CASTRO BAILLY
For00431;85081446000140;JOHNNY FELIPE CONTESINI DE OLIVEIRA - EPP
For00432;33541640000168;DENTAL OTTONAVES EIRELI
For00433;11002975000175;TECVIDA COMERCIO E DISTRIBUICAO LTDA
For00434;10985550000160;IC EQUIPAMENTOS HOSPITALARES LTDA - ME
For00435;20226846000151;ALLMED DISTRIBUIDORA E COMERCIO DE PRODUTOS FARMACEUTICOS LTDA - EPP
For00436;65823148000171;COMERCIAL RIBEIRAOPRETANA DE PROD.ODONTOLOGICOS LTDA - ME
For00437;02136854000125;E.C. DOS SANTOS COMERCIAL EIRELI
For00438;26551165000145;GUSTAVO NICOLINO - EPP
For00439;30249069000114;BRASIL DISTRIBUIDORA DE MEDICAMENTOS E EQUIPAMENTOS HOSPITALARES LTDA
For00440;40787152000109;CIRUFARMA COMERCIAL LTDA
For00441;33174811000168;C M COMERCIO DE MEDICAMENTOS FARMACEUTICOS LTDA
For00442;11101919000198;JC PRODUTOS FARMACEUTICOS E HOSPITALARES LTDA
For00443;07788510000114;IN-DENTAL PRODUTOS ODONTOLOGICOS, MEDICOS E HOSPITALARES LTDA - EPP
For00444;06175908000112;BIO - LOGICA COMERCIO DE PRODUTOS HOSPITALARES LTDA
For00445;59752691000122;FARMACIA DO POVO SANJOANENSE LTDA
For00446;28675331000140;DIABETICOS EIRELI
For00447;16366888000110;DISTRIBUIDORA DE PRODUTOS ODONTOLOGICOS E MATERIAIS LTDA - ME
For00448;79430682000122;FARMACIA E DROGARIA NISSEI S.A.
For00449;23121920000163;MARYMED DISTRIBUIDORA DE MEDICAMENTOS E CORRELATOS LTDA - ME
For00450;06987995000102;BIOLAR IMPORTACAO E EXPORTACAO LTDA
For00451;09478023000180;ODONTOMED COMERCIO DE PRODUTOS MEDICO HOSPITALARES LTDA - ME
For00452;19859630000144;L R F BATISTA - ME
For00453;09105835000180;RIO MEDI COMERCIO ASSISTENCIA E REPRESENTACAO HOSPITALAR EXP. & IMP. - EIRELI
For00454;31230522000103;ANA CAROLINA A DE A RUELLA
For00455;22291182000130;VITAMED COMÉRCIO E DISTRIBUIDORA DE MEDICAMENTOS EIRELI
For00456;15345613000138;HOTTSILVA DISTRIBUIDORA LTDA
For00457;12305387000173;RDF - DISTRIBUIDORA DE PRODUTOS PARA SAUDE LTDA
For00458;73856593001057;PRATI, DONADUZZI & CIA LTDA
For00459;04451626000175;PHOSPODONT LTDA
For00460;82873068000140;GENESIO A MENDES E CIA LTDA
For00461;26396672000151;BRASMED COMERCIO DE PRODUTOS HOSPITALARES EIRELI - ME
For00462;02685377000157;SANOFI-AVENTIS FARMACEUTICA LTDA
For00463;18656923000323;SERVNUTRI COMERCIO DE PRODUTOS NUTRICIONAIS LTDA
For00464;05893097000122;CENUT - CENTRO ESPECIALIZADO DE NUTRICAO LTDA
For00465;01733345000117;NOELI VIEIRA DISTRIBUIDORA DE SOROS
For00466;01417694000472;DISTRIMIX DISTRIBUIDORA DE MEDICAMENTOS LTDA
For00467;21189554000159;TS FARMA DISTRIBUIDORA EIRELI - EPP
For00468;21036417000184;NOVA HOSPITALAR COMERCIAL E IMPORTADORA EIRELI - ME
For00469;06194440000103;ODONTOMEDI - PRODUTOS ODONTOLOGICOS E HOSPITALARES LTDA - EPP
For00470;57507378000608;EMS S/A
For00471;33659604000101;DROGARIAS ULTRA POPULAR AB EIRELI
For00472;15800545000311;ABBVIE FARMACEUTICA LTDA.
For00473;12828039000180;PREMIER COMERCIO DE PRODUTOS HOSPITALARES LTDA
For00474;29004099000181;BONIN & BONIN LTDA
For00475;51780468000268;JANSSEN-CILAG FARMACEUTICA LTDA
For00476;13120044000105;WANDERLEY & REGIS COMERCIO E PRODUTOS MEDICO-HOSPITALAR LTDA
For00477;08516958000141;DISTRIMED COMERCIO E REPRESENTACOES LTDA
For00478;27325768000191;PREMIUM HOSPITALAR EIRELI
For00479;14595725000184;NOVASUL COMERCIO DE PRODUTOS HOSPITALARES LTDA - ME
For00480;26965609000199;CECHETTI & CADINI - COMERCIO E DISTRIBUIDORA DE MEDICAMENTOS LTDA
For00481;21227039000116;LIFE CENTER COMERCIO E DISTRIBUIDORA DE MEDICAMENTOS LTDA - EPP
For00482;31123992000178;MR MED COMERCIO DE PRODUTOS HOSPITALARES EIRELI
For00483;28591670000149;VETSUL COMERCIO DE MEDICAMENTOS EIRELI
For00484;16686340000158;CRIS BELLA FARMACIA E MANIPULACAO EIRELI
For00485;03545386000105;H C ALMEIDA NETO
For00486;31556536000111;DL DISTRIBUIDORA DE MEDICAMENTOS EIRELI
For00487;01571702000198;HALEX ISTAR INDÚSTRIA FARMACÊUTICO LTDA
For00488;02605669000132;ROSANGELA SOARES SARDINHA CORNETTA - ME
For00489;03155958000140;MEDPEJ - EQUIPAMENTOS MEDICOS LTDA
For00490;31131938000174;MEDIC MANUTENCAO E REPARACAO DE EQUIPAMENTOS EIRELI
For00491;59231530000193;KOLPLAST C I LTDA
For00492;23160692000130;LIFE COMERCIO DE MEDICAMENTOS E MANIPULACAO LTDA
For00493;56994502002779;NOVARTIS BIOCIENCIAS SA
For00494;04890798000145;ORTOM INDUSTRIA TEXTIL LTDA - ME
For00495;00376959000126;IFAL IND E COM DE PRODUTOS FARMACEUTICOS LTDA
For00496;07936621000120;DROGA MAIS FARMACEUTICA EIRELI
For00497;05656727000145;MYLAN BRASIL DISTRIBUIDORA DE MEDICAMENTOS LTDA.
For00498;26605573000132;CENUTRI COMERCIO E SERVICOS EIRELI
For00499;29032903000136;PLENA MEDICA HOSPITALAR - EIRELI
For00500;27463638000115;DANIEL DA SILVA DISTRIBUIDORA
For00501;21368399000138;ALIANCA HOSPITALAR LTDA
For00502;05194502000114;ALFALAGOS LTDA
For00503;13085369000196;CAPROMED FARMACEUTICA LTDA - ME
For00504;63478895000194;JOSE NERGINO SOBREIRA
For00505;26547099000130;M. CALGAROTO
For00506;07569029000138;CHOLMED COMERCIAL HOSPITALAR LTDA. EPP
For00507;21257684000181;KENAN MEDICAMENTOS LTDA - ME
For00508;08602104000188;IVANISE ARAUJO MANGUEIRA
For00509;69950913000175;MED FARMACE DISTRIBUIDORA DE MEDICAMENTOS LTDA.
For00510;23680034000170;D.ARAUJO COMERCIAL EIRELI
For00511;64815897000194;TRIUNFAL MARILIA COMERCIAL LTDA - EPP
For00512;01857076000109;VANLINPHARMA COMERCIO E REPRESENTACOES LTDA
For00513;56998701003301;ABBOTT LABORATORIOS DO BRASIL LTDA
For00514;15414528000184;OLIVEIRA FARMA & CIA LTDA
For00515;27672908000106;WIENSKOSKI & FAIOLA LTDA
For00516;26847096000111;CIRURGICA ITAMBE - EIRELI
For00517;00895119000170;SANFARMA
For00518;10436813000182;MAIS SAUDE EIRELI - EPP
For00519;08822673000139;COMERCIAL 3V - MEDICAMENTOS E PERFUMARIA EIRELI - EPP
For00520;09194169000102;ROSA DOS SANTOS EIRELI
For00521;39499710000143;MEDICON RIO FARMA LTDA
For00522;02456955000183;NATULAB LABORATORIO S.A
For00523;08588015000124;JARDIM MEDICA LTDA - ME
For00524;04301884000175;AUROBINDO PHARMA INDUSTRIA FARMACEUTICA LIMITADA
For00525;34707920000166;ONMED DISTRIBUIDORA DE MEDICAMENTOS EIRELI
For00526;06131363000142;WERLANG E BRANDALIZZE MEDICAMENTOS LTDA
For00527;04959327000146;PRODUTOS FARMACEUTICOS VIEIRA LTDA
For00528;10869890000126;AR FIORENZANO DISTRIBUIDORA DE MEDICAMENTOS LTDA
For00529;33808504000191;L. S. K. DISTRIBUIDORA DE MEDICAMENTOS LTDA
For00530;28846752000197;INNOVAPHARMA LABORATORIO E MANIPULACAO LTDA
For00531;10310873000154;MCMED COMERCIO DE MATERIAL MEDICO HOSPITALAR LTDA - ME
For00532;18483775000120;DU BOM DISTRIBUICAO DE PRODUTOS MEDICO-HOSPITALAR EIRELI - EPP
For00533;04385090000137;MAURO ROBERTO RODRIGUES DE MOURA
For00534;67729178000572;comercial cirurgia rioclarense ltda
For00535;03315618000139;DISTRIBUIDORA NOGUEIRA DE MEDICAMENTOS LTDA - EPP
For00536;24595488000105;MS SAUDE DISTRIBUIDORA DE MATERIAL HOSPITALAR LTDA
For00537;10566711000181;DIFE DISTRIBUIDORA DE MEDICAMENTOS LTDA - ME
For00538;21870007000134;MC PRODUTOS MEDICO HOSPITALARES LTDA - ME
For00539;05973242000185;OMEGA MED PRODUTOS MEDICO HOSPITALARES LTDA
For00540;81887838000736;PROFARMA SPECIALTY S.A
For00541;32138304000106;INOVACOES COMERCIO DE MEDICAMENTOS E PRODUTOS PARA SAUDE LTDA
For00542;26853028000165;CIRUMED COMÉRCIO LTDA
For00543;03051739000110;OX-AIR GASES LTDA
For00544;22652688000127;J C N COMERCIO E EMPREENDIMENTOS EIRELI
For00545;28345933000130;BRAMED COMERCIO DE PROD. HOSPITALARES E FARMACEUTICOS LTDA
For00546;10978106000118;CIRURGICA FAMED DISTRIBUIDORA DE PRODUTOS HOSPITALARES EIRELI
For00547;05864669000145;DISMAP - PRODUTOS PARA A SAUDE LTDA
For00548;21515353000102;BASCEL SOLUCOES LTDA - EPP
For00549;85247385000149;PROSAUDE DISTRIBUIDORA DE MEDICAMENTOS LTDA
For00550;02911193000168;APOGEU CENTER COMERCIAL DE PRODUTOS HOSPITALARES E MEDICAMEN
For00551;05932624000160;MEGAMED COMERCIO LTDA - EPP
For00552;05782733000300;CIAMED - DISTRIBUIDORA DE MEDICAMENTOS LTDA.
For00553;07199135000177;HOSPSETE - DISTRIBUIDORA DE MATERIAIS MEDICO HOSPITALARES LTDA
For00554;04216957000120;DISK MED PADUA DISTRIBUIDORA DE MEDICAMENTOS LTDA
For00555;31374700000170;SOIN VIE FARMACEUTICA E NUTRICAO LTDA
For00556;09607807000161;INJEFARMA CAVALCANTI E SILVA DISTRIBUIDORA LTDA
For00557;53918116000170;DIGUINHO INDUSTRIA E COMERCIO DE FRALDAS LTDA
For00558;06948769000112;TECNOCENTER MATERIAIS MEDICOS HOSPITALARES LTDA
For00559;26156923000120;EXPRESS DISTRIBUIDORA DE MEDICAMENTOS LTDA - EPP
For00560;76386283000113;DIMEVA DISTRIBUIDORA E IMPORTADORA LTDA - EPP
For00561;00203590000150;SIDD COMERCIAL DISTRIBUIDORA DE MEDICAMENTOS LTDA
For00562;05090156000124;AGUIAR MEDICAMENTOS HOSPITALAR LTDA - EPP
For00563;07978528000189;MEG-LAB MATERIAL HOSPITALAR LTDA
For00564;02842909000112;SANEWS DISTRIBUIDORA DE PRODUTOS PARA LABORATORIO E MEDICAMENTOS PARA USO AMBULAT
For00565;07150093000180;NEWDIAG PRODUTOS MEDICOS E DIAGNOSTICOS LTDA.
For00566;04724729000161;MAXLAB PRODUTOS PARA DIAGNOSTICOS E PESQUISAS LTDA - EPP
For00567;21670010000104;COMERCIAL CIRURGICA IPERO EIRELI - ME
For00568;12927876000167;SOMA/MG PRODUTOS HOSPITALARES LTDA
For00569;09144625000100;INDIANARA POSSATO & CIA LTDA
For00570;30888187000172;S. V. BRAGA IMPORTADORA
For00571;29032826000114;DATA - MEDICAL PRODUTOS MEDICOS HOSPITALARES LTDA
For00572;10541396000138;CYN FARMA DISTRIBUIDORA LTDA
For00573;34758599000149;MEDICAL DA AMAZONIA EIRELI
For00574;04086552000115;BIOPLASMA PRODUTOS PARA LABORATORIO E CORRELATOS LTDA
For00575;02472743000190;DIMALAB ELETRONICS DO BRASIL LTDA EPP
For00576;23420875000148;G. M. VALENCIA - PRODUTOS HOSPITALARES - ME
For00577;07762103000138;DROGARIA DOURADOQUARA LTDA
For00578;07404801000161;GUTIERRE - CENTRAL DE COMPRAS ODONTOLOGICAS LTDA.
For00579;10719048000108;RITA DE ANDRADE VIEIRA - ME
For00580;02433631000120;ASPEN PHARMA INDUSTRIA FARMACEUTICA LTDA
For00581;71957310000147;GREINER BIO-ONE BRASIL PRODUTOS MEDICOS HOSPITALARES LTDA
For00582;02477571000147;DENTAL MED SUL ARTIGOS ODONTOLOGICOS LTDA
For00583;07472938000153;ARAUJO COMERCIO DE PRODUTOS FARMACEUTICOS LTDA
For00584;72733306000168;DROGARIA BATATAIS LTDA
For00585;12164483000149;DUPAC COMERCIAL EIRELI
For00586;53611125000114;CENTROVALE SOLUÇÕES PARA SAUDE LTDA
For00587;01854654000145;PONTUAL COMERCIAL EIRELI
For00588;08093976000168;HOFFMANN & GOMES LTDA
For00589;05431736000138;ASTRA CIENTIFICA LTDA - ME
For00590;11619992000156;PRIOM TECNOLOGIA EM EQUIPAMENTOS EIRELI - ME
For00591;32889057000180;DOUGLAS MEDICO CIENTIFICA LTDA
For00592;27376022000107;PRIME CIRURGICA DISTRIBUIDORA DE MATERIAIS E EQUIPAMENTOS MEDICOS E HOSPITALARES
For00593;13889622000164;MOMILLI COMERCIAL LTDA - EPP
For00594;15725489000136;FABRICIO DE RAMOS & CIA. LTDA
For00595;09245539000185;DSL DISTRIBUIDORA DE MEDICAMENTOS E PRODUTOS HOSPITALARES LTDA
For00596;26401571000121;TRES PHARMA DISTRIBUIDORA E SERVICOS LTDA
For00597;73679623000106;T C A FARMA COMERCIO LTDA
For00598;01294500000146;CENTERMED CIRURGICA EIRELI - ME
For00599;26476191000156;HIROMED PRODUTOS HOSPITALARES EIRELI
For00600;23359559000108;ABASANTOS DISTRIBUIDORA LTDA
For00601;27806274000129;PROMEDI DISTRIBUIDORA DE PRODUTOS HOSPITALARES LTDA
For00602;09441460000120;PADRAO DIST PROD E EQUIP HOSPITALARES PE CALLOU LTDA
For00603;19010052000177;FABIO ROBERTO DE MONTI & CIA LTDA
For00604;27292082000141;MEDIPRO COMERCIO DE PRODUTOS HOSPITALARES EIRELI
For00605;11054242000184;DENTAL COSTA PRODUTOS ODONTOLOGICOS LTDA - EPP
For00606;03047744000150;L. J. PRODUTOS NATURAIS LTDA
For00607;06081203000136;HOSP - LOG COMERCIO DE PRODUTOS HOSPITALARES LTDA
For00608;94389400000184;MCW PRODUTOS MEDICOS E HOSPITALARES LTDA
For00609;94516671000153;CIRURGICA SANTA CRUZ COM. DE PRODUTOS HOSPITALARES LTDA.
For00610;18588224000121;NACIONAL COMERCIO E REPRESENTACAO LTDA - ME
For00611;35250434000124;GONZALEZ E TELLIS COMERCIO DE MEDICAMENTOS LTDA
For00612;15800545000150;ABBVIE FARMACEUTICA LTDA
For00613;31111756000131;ALEXANDRE SOUSA DA SILVA DROGARIA
For00614;10454996000169;LIFETEC COMERCIO, MANUTENCAO E LOCACAO DE MATERIAL MEDICO EIRELI
For00615;02776642000102;PESENTI & PELAIS LTDA - EPP
For00616;09260831000177;ATACAMED COMERCIO DE PRODUTOS FARMACEUTICOS E HOSPITALARES LTDA
For00617;29101445000140;VIA HOSPITALAR LTDA
For00618;25725813000170;EQUIPAR MEDICO E HOSPITALAR LIMITADA q
For00619;36078616000122;W M COMERCIO E REPRESENTACOES HOSPITALAR LTDA
For00620;12409711000101;NUTRIMIX COMERCIAL LTDA
For00621;01226416000195;NUTRIMED SERV.MEDICOS EM NUTRICAO PARENT.E ENTERAL LTDA
For00622;18716271000103;REAL NUTRICAO COMERCIO E SERVICOS EIRELI
For00623;01925587000102;NUTRIC - NUTRICIONAL COMERCIO LTDA
For00624;08173123000136;ORGANICA BRASIL COMERCIAL EIRELI
For00625;11142575000165;BELINUTRI DISTRIBUIDORA DE MEDICAMENTOS LTDA - ME
For00626;14912933000160;INVICTOS DISTRIBUIDORA EIRELI - EPP
For00627;10438280000178;KASA MED DISTRIBUIDORA DE MEDICAMENTOS E MATERIAIS HOSPITALARES LTDA - ME
For00628;19247489000129;MARIA ALICE CASTELAO DIAS MARCHEZEPE
For00629;11215901000117;CIRURGICA BIOMEDICA LTDA - ME
For00630;04624944000190;RICARDO MOTTA DE ANDRADE
For00631;26892450000120;JPH BARROS COMERCIAL EIRELI
For00632;15031173000144;MERCANTIL BARRETO COMERCIAL DE PRODUTOS HOSPITALARES E SUPRIMENTOS LTDA
For00633;49475833001684;BIOLAB SANUS FARMACEUTICA LTDA
For00634;31509165000117;ULTRAMED DISTRIBUIDORA DE MEDICAMENTOS EIRELI
For00635;03526176000170;DENTMED - MATERIAIS MEDICOS E ODONTOLOGICOS LTDA - EPP
For00636;19570720000382;HIPOLABOR FARMACEUTICA LTDA
For00637;88212113029183;COMERCIO DE MEDICAMENTOS BRAIR LTDA
For00638;06629745000109;NOVAFARMA INDUSTRIA FARMACEUTICA LTDA
For00639;56785256000106;BASTOS & CIA LTDA
For00640;05348580000126;DROGA ROCHA DISTRIBUIDORA DE MEDICAMENTOS LTDA - EPP
For00641;03407436000198;SULMED - ARTIGOS HOSPITALARES LTDA - EPP
For00642;09204127000105;POLLO HOSPITALAR LTDA - ME
For00643;00097489000161;L A VIDAL
For00644;30535468000141;MARQUES MED DISTRIBUIDORA DE MEDICAMENTOS LTDA
For00645;10720389000101;EDILSON ANGELOTI - ME
For00646;09182725000112;ATIVA MEDICO CIRURGICA LTDA
For00647;17676642000108;HORTOPLUS PRODUTOS ODONTOLOGICOS E HOSPITALARES LTDA - ME
For00648;01402400000196;CHRISPIM NEDI CARRILHO
For00649;04274988000219;ATIVA COMERCIAL HOSPITALAR LTDA
For00650;01184342000171;A C P CORREA & CIA LTDA-EPP
For00651;18161599000100;UBIMED DISTRIBUIDORA MEDICO HOSPITALAR - EIRELI - EPP
For00652;20138626000176;PHARMED COMERCIO E DISTRIBUICAO DE PRODUTOS HOSPITALARES LTDA - EPP
For00653;56998982003122;BRISTOL-MYERS SQUIBB FARMACEUTICA LTDA.
For00654;27376632000100;EXATA DISTRIBUIDORA DE MEDICAMENTOS - EIRELI
For00655;62969589001593;CSL BEHRING COMERCIO DE PRODUTOS FARMACEUTICOS LTDA
For00656;04394210000162;FARMACIA FARMA FLORIDA LTDA
For00657;81754038000151;MARIN & MARIN LTDA
For00658;49475833000106;BIOLAB SANUS FARMACÊUTICA LTDA
For00659;04880586000187;CIRURGICA REAL - COMERCIAL HOSPITALAR E FARMACEUTICA - EIRELI - ME
For00660;32593430000150;M. CARREGA COMERCIO DE PRODUTOS HOSPITALARES LTDA
For00661;32282308000163;J DE BRITO - DISTRIBUIDORA DE MEDICAMENTOS E CORRELATOS
For00662;08836350000102;AWR DISTRIBUIDORA DE PRODUTOS DE LIMPEZA LTDA - ME
For00663;11776334000178;DENTAL SHOW - COMERCIO DE PRODUTOS ODONTOLOGICOS E HOSPITALARES LTDA - ME
For00664;12095582000116;NOSSA DENTAL PRODUTOS ODONTOLÓGICOS LTDA.
For00665;13107128000109;SUPRITECNICA EIRELI
For00666;33009945000123;PRODUTOS ROCHE QUIMICOS E FARMACEUTICOS S.A
For00667;23700376000104;CACOAL GASES COMERCIO E DISTRIBUICAO EIRELI
For00668;50687433000135;DROGAREMA III DROGARIA E PERFUMARIA LTDA
For00669;04889315000192;S & R DISTRIBUIDORA LTDA
For00670;10854165000508;F & F DISTRIBUIDORA DE PRODUTOS FARMACEUTICOS LTDA
For00671;57507378000365;EMS S/A
For00672;15229287000101;BAHIA MED DISTRIBUIDORA DE MEDICAMENTOS - EIRELI
For00673;13008903000160;MILLENIUM COMERCIO SERVICO LTDA
For00674;55972087000150;JP INDUSTRIA FARMACEUTICA S/A
For00675;29700587000123;PRIORITTA PRODUTOS HOSPITALARES - EIRELI
For00676;19877178000143;CRUZEL COMERCIAL LTDA - ME
For00677;31997707000148;CUIDA PRODUTOS PARA A SAUDE EIRELI
For00678;17227485000153;L G PRODUTOS HOSPITALARES LTDA - ME
For00679;33160739000110;HOSP MEDICAL - COMERCIO DE MATERIAL MEDICO E MEDICAMENTOS HOSPITALARES LTDA
For00680;14420817000123;CANAA DISTRIBUIDORA DE MEDICAMENTOS LTDA
For00681;50916311000173;FARMASUL LTDA
For00682;55249650000167;MAZIERO COMERCIO FARMACEUTICO LTDA - ME
For00683;03924435000110;DIMENSAO COMERCIO DE ARTIGOS MEDICOS HOSPITALARES LTDA
For00684;18255796000199;M. MAGALHAES - PRODUTOS HOSPITALARES - ME
For00685;32350180000128;NOVA LINEA COMERCIO DE PRODUTOS FARMACEUTICOS EIRELI
For00686;18123155000180;JUMEL DISTRIBUIDORA DE MEDICAMENTOS EIRELI
For00687;00088317000121;VICTÓRIA COMÉRCIO DE PRODUTOS HOSPITALARES LTDA
For00688;24562614000125;VIVA CARE MATERIAL MEDICO HOSPITALAR LTDA.
For00689;30034749000110;MARCELA CAROLINE BASTOS SALDANHA EIRELI
For00690;02956130000128;DIMENSAO DISTRIBUIDORA DE MEDICAMENTOS LTDA - ME
For00691;02628660000147;DROGA TEM DE ARARAQUARA LTDA
For00692;05359481000140;CONEXAO MEDICA COMERCIAL EIRELI
For00693;26794414000123;HELIOMED DISTRIBUIDORA HOSPITALAR LTDA
For00694;09210219000190;PAULO JOSE MAIA ESMERALDO SOBREIRA - ME
For00695;61282661000141;LABORATORIO QUIMICO FARMACEUTICO BERGAMO LTDA
For00696;30547487000198;ANTUNES & BOEING LTDA
For00697;03492927000184;FARMACIA NOSSA SENHORA DE FATIMA DE LINS LTDA - ME
For00698;23993232000193;MEDIAL SAUDE DISTRIBUIDORA DE PRODUTOS MEDICOS HOSPITALAR LTDA
For00699;19571361000116;DROGARIA VITA DE UBA LTDA - ME
For00700;78935400002391;FARMACIA VALE VERDE LTDA
For00701;07946534000154;MT COMERCIAL MEDICA LTDA - ME
For00702;79250676000193;CIRÚRGICA JAW COMÉRCIO MATERIAL MÉDICO HOSPITALAR LTDA
For00703;10849617000130;LIVRARIA E PAPELARIA RENASCER LTDA
For00704;03132196000166;PLACIDOS COMERCIAL LTDA
For00705;31504080000146;ESTEVIA DISTRIBUIDORA DE MEDICAMENTOS EIRELI
For00706;23533848000181;R T COSTA FELICIANO
For00707;18841889000103;P.G. RIO MEDICAMENTOS LTDA
For00708;27943693000102;FACIL PRODUTOS HOSPITALARES EIRELI
For00709;25386146000148;ALECHSSANDRA RESSETTI OLIVEIRA
For00710;33069212001237;MERCK S/A
For00711;06065614000138;SUPERMEDICA DISTRIBUIDORA HOSPITALAR EIRELI - ME
For00712;16632133000110;DROGUISTA CEARENSE EIRELI
For00713;60665981000541;UNIÃO QUIMICA FARMACEUTICA NACIONAL S/A
For00714;31097402000180;ADL MED COMERCIO DE MEDICAMENTOS LTDA
For00715;03944035000177;BARBALUI COMERCIAL LTDA
For00716;30572915000132;HAROLDO CAMPO
For00717;54375647020071;DROGAL FARMACEUTICA LTDA
For00718;03612312000497;NUTRIPORT COMERCIAL LTDA
For00719;11138620000108;A C - MATERIAIS MEDICOS LTDA - ME
For00720;24622755000196;YARA KEIKO NAGAO LEAL
For00721;30936479000133;DORA MEDICAMENTOS LTDA
For00722;16752682000129;C. LEMOS - DISTRIBUIDORA HOSPITALAR EIRELI - ME
For00723;12057503000182;HOSPVIDA LTDA - EPP
For00724;31151224000128;ANJOMEDI DISTRIBUIDORA DE MEDICAMENTOS LTDA
For00725;24079703000115;J F FARMA DISTRIBUIDORA DE PRODUTOS FARMACEUTICOS LTDA
For00726;06230386000104;SOROMED MARILIA LTDA - ME
For00727;21043162000187;BIOTECH INDUSTRIA, COMERCIO, IMPORTACAO E EXPORTACAO DE DESCARTAVEIS LTDA
For00728;04192876000138;CRISMED COMERCIAL HOSPITALAR LTDA.
For00729;15631841000174;CLAUBER HUMBERTO ZANIN EIRELI
For00730;05689439000197;LUAT COMERCIO DE COMPRESSORES E PECAS EIRELI
For00731;06105362000123;ACCUMED PRODUTOS MEDICO HOSPITALARES LTDA
For00732;17700763000148;FUTURA DISTRIBUIDORA DE MEDICAMENTOS E PRODUTOS DE SAUDE LTDA
For00733;10436883000130;GLORIA FARMA DISTRIBUIDORA LTDA - ME
For00734;59225268000174;SOQUÍMICA LABORATÓRIOS LTDA
For00735;01310222000254;CIRURGICA MAFRA LTDA
For00736;23326462000107;JUNIOR COMERCIO E SERVICO EIRELI
For00737;05768154000141;CIRURGICA PAULISTA COMERCIO DE MATERIAL MEDICO HOSPITALAR LTDA
For00738;34638788000188;ANTONIO CARLOS OLIVEIRA MARTINS
For00739;07322719000198;R PLUS COMERCIAL VAREJISTA LTDA
For00740;05134822000189;ROSEMAR EDUVIRGEM MUNIZ
For00741;07642426000198;EQUILIBRIUM DISTRIBUIDORA DE MEDICAMENTOS EIRELI
For00742;01447737000110;BRW SUPORTE E LOGISTICA PARA SAUDE LTDA
For00743;28145496000100;INJEMED DISTRIBUIDORA HOSPITALAR LTDA
For00744;15068089000103;KFMED DISTRIBUIDORA DE MEDICAMENTOS LTDA - EPP
For00745;04932432000191;ELMED DISTRIBUIDORA DE MEDICAMENTOS LTDA - ME
For00746;22635177000105;MEDICOM EIRELI
For00747;08532602000100;GIBRALTAR COMERCIO DE PRODUTOS DE LIMPEZA LTDA
For00748;11877124000176;PREVIX PRODUTOS PARA SAUDE LTDA
For00749;14842681000140;MSR EXPRESS MEDICAMENTOS ESPECIAIS LTDA - EPP
For00750;07316691000186;FORMULAS MAGISTRAIS FARMACIA DE MANIPULACAO LTDA EPP
For00751;08958628000106;ONCOEXO DISTRIBUIDORA DE MEDICAMENTOS LTDA EPP
For00752;15161670000167;FACIMED COMERCIO E REPRESENTACOES EIRELI
For00753;11101480000101;EFETIVE PRODUTOS MEDICO- HOSPITALARES LTDA - ME
For00754;08446915000137;DAHER DISTRIBUIDORA DE MEDICAMENTOS LTDA - EPP
For00755;08819724000173;LAGEAN COMERCIO E REPRESENTAÇÃO LTDA
For00756;04937243000101;OLYMPUS OPTICAL DO BRASIL LTDA.
For00757;44363661000580;GLENMARK FARMACEUTICA LTDA
For00758;30584194000180;CROMO COMERCIO E DISTRIBUICAO DE MATERIAIS ODONTO-MEDICO HOSPITALARES LTDA.
For00759;05375249000103;DENTAL ALTA MOGIANA - COMERCIO DE PRODUTOS ODONTOLOGICOS LTDA.
For00760;19848316000166;BIOMEDICAL PRODUTOS CIENTIFICOS MEDICOS E HOSPITALARES S A
For00761;05638301000169;TECMEDIC COMERCIO DE PRODUTOS MEDICOS LTDA.
For00762;07912772000149;CIRURGICA CAPIXABA COMERCIO DE PRODUTOS MEDICOS E ORTOPEDICOS EIRELI
For00763;06114172000172;MAX MED - PRODUTOS CIRURGICOS LTDA - EPP
For00764;58295213002111;PHILIPS MEDICAL SYSTEMS LTDA
For00765;27545656000146;FORAL FORNECEDORA ALIANCA COMERCIAL EIRELI
For00766;22437236000122;PRIMAZIA MATERIAIS MEDICO HOSPITALARES LTDA - ME
For00767;16705291000153;PHITO FORMULAS - NUCLEO DE PESQUISA FARMACEUTICA EIRELI
For00768;24325781000152;FLAVIA GENELHU PENNA - ME
For00769;27156872000108;VILLE COMERCIO E SERVICOS DE MOVEIS EIRELI
For00770;29127216000102;AF EMPREENDIMENTOS EIRELI
For00771;05515873000150;CIRUROMA COMERCIAL LTDA - ME
For00772;08798468000185;DIEX DISTRIBUIDORA ATACADISTA IMPORTADORA E EXPORTADORA DE MED. E PRODUTOS PARA S
For00773;38544763000176;FLORIVALDO MARTINS & CIA LTDA
For00774;19691725000100;SERRAMED PRODUTOS HOSPITALARES EIRELI
For00775;31499939000176;M.K.R. COMERCIO DE EQUIPAMENTOS EIRELI
For00776;04793887000173;CIRÚRGICA ZANIN LTDA
For00777;21504525000134;DENTAL PRIME - PRODUTOS ODONTOLOGICOS MEDICOS HOSPITALARES - EIRELI - ME
For00778;61610283000188;VITAL HOSPITALAR COMERCIAL LTDA
For00779;04210418000184;NOSSA PHARMACIA EIRELI
For00780;18466544000109;PROTECTOR INDUSTRIA E COMERCIO DE PRODUTOS MEDICO HOSPITALARES LTDA - EPP
For00781;62916416000101;SISTEMA NACIONAL FARMACÊUTICO LTDA
For00782;28004857000107;DANIEL FERRARI ABRANTES - DISTRIBUIDORA DE MEDICAMENTOS
For00783;08211767000171;P.H.O.- PRODUTOS HOSPITALARES E ODONTOLOGICOS LTDA.
For00784;01200068000187;ALPHAMED PAULISTA LTDA - ME
For00785;25153414000181;Z3 HOSPITALAR LTDA
For00786;25034906000158;FLYMED COMERCIO DE PRODUTOS HOSPITALARES LTDA
For00787;20918668000120;MEDICINALI PRODUTOS PARA SAUDE EIRELI - ME
For00788;72150550000106;POSSATTO & MARCELLO LTDA - ME
For00789;04360651000143;ANA MARIA PIRES BELEM - ME
For00790;33247743004450;GLAXOSMITHKLINE BRASIL LTDA
For00791;21438123000189;BR SUL DISTRIBUIDORA DE MEDICAMENTOS EIRELI - ME
For00792;03485572000104;GEOLAB INDUSTRIA FARMACÊUTICA LTDA
For00793;46592333000158;DROGARIA MODERNA FERNANDOPOLIS LTDA
For00794;07724523000120;ALVES E SARTOR LTDA - ME
For00795;06347171000178;X-TEC COMERCIO E SERVICOS LTDA
For00796;35042079000106;RF LEITE DISTRIBUIDORA DE MEDICAMENTOS E PRODUTOS PARA SAUDE EIRELI
For00797;12047164000153;GLOBAL HOSPITALAR IMPORTACAO E COMERCIO LTDA - ME
For00798;24067457000181;FORCE MEDICAL DISTRIBUIDORA EIRELI
For00799;08675528000172;ARL COMERCIO E SERVICOS DE METAIS LTDA
For00800;35041852000101;BIONUTRI COMERCIO E REPRESENTACOES DE PRODUTOS MEDICO-HOSPITALARES LTDA
For00801;15736240000126;H. O. DA SILVA - MATERIAIS MEDICOS E HOSPITALARES - ME
For00802;02527107000118;G V S DO BRASIL LTDA
For00803;01154827000112;FENIX DISTRIBUIDORA DE MATERIAIS MEDICO HOSPITALAR LTDA
For00804;95433397000111;COMÉRCIO DE MAT. MÉD. HOSP. MACROSUL LTDA
For00805;33264154000140;APPARAT BRASIL COMERCIO DE REAGENTES IMPORTADORA LTDA
For00806;26395502000152;DENTAL UNIVERSO EIRELI - EPP
For00807;20273404000166;BIODIAG DIAGNOSTICA E HOSPITALAR LTDA - EPP
For00808;31807361000178;G.A. MED. DISTRIBUIDORA LTDA
For00809;04307650001530;ONCO PROD DISTRIBUIDORA DE PRODUTOS HOSPITALARES E ONCOLOGICOS LTDA.
For00810;53730982000133;BENEDITO CARLOS VIEIRA DA SILVA - EPP
For00811;18774815000193;AMGEN BIOTECNOLOGIA DO BRASIL LTDA.
For00812;09204816000101;NOGUEIRA & BUZANELI DROGARIA LTDA
For00813;30949099000133;VIA FHARMA DO BRASIL EIRELI
For00814;47063094000101;CIRULABOR PRODUTOS CIRURGICOS LTDA - EPP
For00815;11836572000121;DUOFARM COMERCIO DE PRODUTOS FARMACEUTICOS LTDA
For00816;19924663000120;RIOS E CAMBRAIA PRODUTOS DE DIETA LTDA - ME
For00817;05593067000109;UBER MEDICA E HOSPITALAR LTDA - EPP
For00818;25398752000183;DJ COMERCIO E SERVICO EM GERAL EIRELI
For00819;25165389000156;PHARMTECH DISTRIBUIDORA DE MEDICAMENTOS E MATERIAL HOSPITALAR EIRELI
For00820;03946428000110;DISTRIBUIDORA DE MEDIC. BRASIL MIRACEMA LTDA
For00821;84972926000139;J. RIBEIRO COMERCIO ATACADISTA LTDA - EPP
For00822;32998325000100;F. G. I. COMERCIO DE PRODUTOS HOSPITALARES - EIRELI
For00823;31375959000135;INFRAMED SOLUCOES TECNOLOGICAS EIRELI
For00824;20331303000102;NOVA BIO - INDUSTRIA E COMERCIO EIRELI
For00825;00857492000136;SOGAMAX-DISTRIBUIDORA DE PERFUMARIA LTDA ME
For00826;10897919000183;DIVERTIX COMERCIO ATACADISTA DE PAPELARIA EIRELI
For00827;29426310000154;CIRURGICA ITAMARATY COMERCIAL - EIRELI
For00828;28199997000170;MOGI MEDICAL EQUIPAMENTOS EIRELI
For00829;07947536000168;PRÓ-SAÚDE COMÉRCIO DE PRODUTOS HOSPITALARES LTDA
For00830;05412147000102;DENTAL OESTE EIRELI
For00831;22094574000109;HB SUL COMERCIO DE ALIMENTOS LTDA
For00832;21324430000139;CARDOSO & SILVA MEDICAMENTOS LTDA
For00833;08849206000100;DENTAL OPEN - COMERCIO DE PRODUTOS ODONTOLOGICOS LTDA. - EPP
For00834;12418191000195;CONQUISTA DISTRIBUIDORA DE MEDICAMENTOS E PRODUTOS HOSPITALARES LTDA - EPP
For00835;82292574000145;DENTAL RRK LTDA
For00836;01057428000214;DESCARPACK DESCARTAVEIS DO BRASIL LTDA
For00837;18712730000180;MAYCON WILL EIRELI
For00838;10600372000102;DENTAL SUL PRODUTOS ODONTOLOGICOS EIRELI
For00839;05286960000183;V. S. COSTA & CIA LTDA
For00840;04027894000326;DUPATRI HOSPITALAR COMERCIO, IMPORTACAO E EXPORTACAO LTDA.
For00841;15442606000154;V.R. VALADARES SUPRIMENTOS EIRELI
For00842;15864150000110;TEREZINHA PEDRO BROLLO GIOVANINI - ME
For00843;22416818000122;DJE DISTRIBUIDORA DE ALIMENTOS EIRELI
For00844;14200301000173;J C S DE SOUZA COMERCIO EIRELI
For00845;10350473000172;FLEX - COMERCIO E REPRESENTACAO EIRELI
For00846;15250965000100;GOLDEN CLEAN PRODUTOS COMERCIAIS EIRELI - ME
For00847;19611064000157;PIZANI EQUIPAMENTOS DE SEGURANCA LTDA
For00848;16970999000131;DMC DISTRIBUIDORA DE MEDICAMENTOS E CORRELATOS LTDA - ME
For00849;11858797000189;BALSAMO DISTRIBUIDORA DE MEDICAMENTOS EIRELI
For00850;21881617000133;AUDAX MED PRODUTOS MEDICOS HOSPITALARES LTDA
For00851;16667433000135;V. T. A. MACHADO DE ARRUDA EIRELI
For00852;73856593001138;PRATI, DONADUZZI & CIA LTDA
For00853;04860742000148;SANTOS SOARES COM. DE PRODS. FARMACEUTICOS LTDA-ME
For00854;26385056000103;PAULA GONCALVES DA SILVA 38627195889
For00855;72899016000512;ESSITY DO BRASIL INDUSTRIA E COMERCIO LTDA
For00856;32635445000134;VALE COMERCIO DE PRODUTOS MEDICOS E HOSPITALARES - EIRELI
For00857;42374207000176;LABORATÓRIOS SERVIER DO BRASIL LTDA
For00858;35147358000126;NOROESTE HOSPITALAR COMERCIO DE MATERIAIS HOSPITALARES EIRELI
For00859;17499185000123;JC MEDICA COMERCIO DE PRODUTOS MEDICO-HOSPITALARES EIRELI
For00860;04440002000152;RHOSSE INSTRUMENTOS E EQUIPAMENTOS CIRURGICOS EIRELI
For00861;80003221000152;FARMACIA RODA LTDA
For00862;09236133000136;CASAGRANDE & MIAN LTDA
For00863;01541283000141;INDÚSTRIA QÍMICA DO ESTADO DE GOIÁS SA IQUEGO
For00864;33791137000160;MINAS SOLUCOES EM IMAGENS EIRELI
For00865;23182890000103;DROGARIA SAO LUCAS DE LINS LTDA
For00866;08667233000154;MULTIMED DISTRIBUIDORA DE EQUIPAMENTOS HOSPITALAR LTDA
For00867;09623401000172;MACEDO COMERCIO DE PRODUTOS DE LIMPEZA LTDA
For00868;09340228000103;ART VITA DISTRIBUIDORA DE MEDICAMENTOS E ALIMENTOS LTDA
For00869;11738593000104;MC EQUIPAMENTOS HOSPITALARES E SERVICOS LTDA
For00870;05439635000103;ANTIBIOTICOS DO BRASIL LTDA
For00871;15439366000139;EREFARMA PRODUTOS PARA SAUDE EIRELI
For00872;75014167000100;NUNESFARMA DISTRIBUIDORA DE PRODUTOS FARMACEUTICOS LTDA
For00873;21719710000146;PATOS DISTRIBUIDORA LTDA
For00874;05618222000196;EXFARMA LTDA
For00875;10850316000126;MONTPELLIER MONDE INDUSTRIA E COMERCIO DE COSMETICOS EIRELI
For00876;29022681000170;BKP COMERCIO E SERVICOS MEDICOS E HOSPITALARES LTDA
For00877;21177990000108;MIRANDI SANTOS REIS
For00878;31600475000142;JM DE PAULA PRODUTOS FARMACEUTICOS LTDA
For00879;04064641000160;DIMEDONT DISTRIBUIDORA DE MEDICAMENTOS E EQUIPAMENTOS LTDA - ME
For00880;10862824000124;DROGARIA E PERFUMARIA HISAMATU LTDA
For00881;26518793000129;RESENDE DIAGNOSTICOS LTDA
For00882;68095702000130;ABEMED PRODUTOS MEDICO CIENTIFICOS LTDA EPP.
For00883;02377937000106;R.C - MOVEIS LTDA
For00884;11541499000160;ORTONUTRE - COM. DE PRODUTOS HOSPITALARES LTDA - EPP
For00885;00447822000115;ROBERTA JOAO & CIA LTDA
For00886;08583229000108;Carla de Oliveira Correa
For00887;07370983000105;J.R. COMERCIO DE FIOS LTDA
For00888;20657155000102;ILG COMERCIAL LTDA - ME
For00889;03755215000534;DIVCOM S/A
For00890;02799882000122;LOTUS INDUSTRIA E COMERCIO LTDA.
For00891;83625228000102;SANTA ISABEL DISTRIBUIDORA DE MATERIAL HOSPITALAR LTDA
For00892;33255787000191;IBF INDUSTRIA BRASILEIRA DE FILMES S/A.
For00893;26760171000102;DRM - DISTRIBUIDORA REGIONAL DE MEDICAMENTOS LTDA
For00894;05971158000122;INDUSTRIA E COMERCIO DE PRODUTOS DE LIMPEZA MACATUBA LTDA - ME
For00895;15434359000144;UNICARE COMERCIO E SERVICOS EIRELI
For00896;12021151000105;DIAG SOLUTION ARTIGOS MEDICOS LTDA
For00897;06029006000178;MDA INDUSTRIA E COMERCIO EIRELI - EPP
For00898;79733572000130;CIRUPAR - COMERCIO DE EQUIPAMENTOS MEDICOS CIRURGICOS LTDA - EPP
For00899;24652465000195;R.C.S. DENDENA COMERCIO DE MATERIAIS EM GERAL
For00900;18702558000184;A FAVARIN DISTRIBUIDORA LTDA
For00901;04075052000188;RDF COMERCIAL HOSPITALAR LTDA. ME
For00902;08905257000102;MARIA CRISTINA PEREIRA ZUMERLI E CIA LTDA - ME
For00903;05675713000179;SUPERFIO COMERCIO DE PRODUTOS MEDICOS E HOSPITALARES LTDA
For00904;02355225000196;MULTI MED HOSPITALAR LTDA.
For00905;11145401000156;L A DALLA PORTA JUNIOR
For00906;87651345000193;G GOTUZZO E CIA LTDA
For00907;10212250000149;W. S. COMERCIO E SERVICOS LTDA - ME
For00908;11318264000104;WEL DISTRIBUIDORA DE MEDICAMENTOS E PRODUTOS PARA A SAUDE LTDA - ME
For00909;07396733000136;MARINGA HOSPITALAR DISTR. DE MEDICAMENTOS E CORRELATOS LTDA - EPP
For00910;45774320000137;FARMACIA CENTRAL DE BROTAS LTDA
For00911;10807173000170;MEDPOA COMERCIO DE MATERIAL HOSPITALAR LTDA - ME
For00912;30737387000124;ONCOSUL DISTRIBUIDORA DE MEDICAMENTO LTDA
For00913;31133295000106;FACIOLI & FACIOLI COMERCIO DE PRODUTOS HOSPITALARES LTDA
For00914;74127473000190;DIMERIOS COMERCIO DE MATERIAIS CIRURGICOS EIRELI - EPP
For00915;68577063000149;ELIAH FARMACIA DE MANIPULACAO LTDA
For00916;04437209000178;MULTIMEDE DISTRIBUIDORA DE MEDICAMENTOS LTDA
For00917;30289820000106;R4 COMERCIO DE MEDICAMENTOS LTDA
For00918;29602808000120;DIAMANTE MATERIAL MEDICO HOSPITALAR LTDA
For00919;49351786001071;BAXTER HOSPITALAR LTDA
For00920;74626607000118;FABRIMED COMERCIAL LTDA
For00921;22627453000185;A C L ASSISTÊNCIA E COMÉRCIO DE PRODUTOS PARA LABORATÓRIOS LTDA - EPP
For00922;07295038000188;MAX MEDICAL COMERCIO DE PRODUTOS MEDICOS E HOSPITALARES LTDA
For00923;27435570000160;NUTRI CENTER PRODUTOS NUTRICIONAIS EIRELI
For00924;05531725000120;SOMA/SC PRODUTOS HOSPITALARES LTDA
For00925;26915908000119;COMERCIAL C.V.M. LTDA - EPP
For00926;22554493000144;ABM HOSPITALAR LTDA - EPP
For00927;29614830000190;MEDITON FARMACEUTICA LTDA -
For00928;31396050000163;DM LOGISTICA HOSPITALAR LTDA.
For00929;11018062000147;ADISUL DISTRIBUIDORA DE MEDICAMENTOS LTDA - EPP
For00930;08328835000187;M.U. BACKES & CIA LTDA
For00931;27710825000156;MINAS MED BRASIL LTDA
For00932;18031325000105;I. S. COSTA CENTRAL TELEMEDICINA EIRELI
For00933;12420164000157;CM HOSPITALAR LTDA
For00934;01891218000146;MSD BRASIL LTDA. - ME
For00935;20739844000328;MODENA & SILVA LTDA
For00936;19844928000180;G. F. CARDOSO LEITE & CIA LTDA - ME
For00937;01371480000160;PREVENCAO COMERCIAL HOSPITALAR LTDA
For00938;02921711000124;MIX COMERCIO LTDA - ME
For00939;03489343000150;BK COMERCIAL DE EQUIPAMENTOS TECNOLOGICOS LTDA
For00940;27656480000108;PROATIVA HOSPITALAR EIRELI
For00941;03580760000103;PH COMERCIO E IMPORTACAO DE PRODUTOS HOSPITALARES LTDA
For00942;27187758000137;BML HOSPITALAR LTDA
For00943;09300300000160;LEMARC - PRODUTOS MEDICOS HOSPITALARES LTDA
For00944;49324221000880;FRESENIUS KABI BRASIL LTDA - 49.324.221/0008-80
For00945;11681717000162;H. A. MOREIRA FILHO
For00946;07969641000106;MARQ TECH COMERCIO E SERVICOS LTDA - ME
For00947;35979061000127;MEDIC LAR COMERCIO DE PRODUTOS FARMACEUTICOS EIRELI
For00948;24768176000156;STRAFER PRODUTOS MEDICO HOSPITALARES EIRELI
For00949;20782880000102;NORDESTE MEDICAL, REPRESENTACAO, IMPORTACAO E EXPORTACAO DE PRODUTOS HOSPITALARES
For00950;07760277000161;MEDMAX - COMERCIO DE EQUIPAMENTOS MEDICOS E SIMILARES EIRELI - ME
For00951;20637873000117;MEDIC VET LTDA - ME
For00952;05155425000193;CASULA & VASCONCELOS INDUSTRIA FARMACEUTICA E COMERCIO LTDA EPP
For00953;27011022000103;BL INDÚSTRIA ÓTICA LTDA
For00954;96261607000102;KIDY BIRIGUI CALCADOS INDUSTRIA E COMERCIO LTDA
For00955;68949239000570;UNITED MEDICAL LTDA
For00956;18500770000169;NUTRICAO ORIGINAL LTDA - ME
For00957;20371330000109;MUNDI EQUIPAMENTOS MEDICOS, ODONTOLOGICOS E VETERINARIOS EIRELI
For00958;02607956000181;ANGEOMED COMERCIO DE PRODUTOS MEDICO HOSPITALAR EIRELI
For00959;43312503000105;SUPERA FARMA LABORATORIOS S.A.
For00960;33068320000132;ASCLEPIOS EQUIPAMENTOS HOSPITALARES EIRELI
For00961;40382970000113;HEALTH-CARE COM DE MAT MEDICO CIR HOSPITALAR LTDA ME
For00962;34620735000130;GHOLDMED DISTRIBUIDORA DE PRODUTOS HOSPITALARES - EIRELI
For00963;02946060000127;PROLINE INDUSTRIA E COMERCIO LTDA - EPP
For00964;04971211000122;ODONTOSUL LTDA - EPP
For00965;12694747000176;NUTRICLIN SAUDE COMERCIO DE PRODUTOS NUTRICIONAIS LTDA - EPP
For00966;07311678000134;DROGARIA RESENDE & RESENDE LTDA
For00967;18435186000177;DROGARIA COELHO & HIPOLITO LTDA
For00968;07211319000105;DROGARIA FERREIRA EIRELI
For00969;11424477000200;LEO PHARMA LTDA
For00970;31378288000166;MEDICAMENTAL HOSPITALAR LTDA
For00971;24658613000189;INTEGRA SOLUCOES MEDICAS LTDA
For00972;31317338000103;SARAIVA & QUEIROZ LTDA
For00973;26651036000129;JAC MED DIST DE MEDIC EIRELI
For00974;12391412000189;NOROMED DISTRIBUIDORA DE MEDICAMENTOS E MATERIAIS HOSPITALARES LTDA - ME
For00975;84551191000170;SILVA & SILVA PRODUTOS FARMACEUTICOS LTDA
For00976;10369523000163;MS TOTAL CARE PRODUTOS PARA SAUDE EIRELI
For00977;25245772000114;LARA CAROLINA REINO BARBOSA 31246581833
For00978;09251627000190;K.C.R. INDUSTRIA E COMERCIO DE EQUIPAMENTOS EIRELI - EPP
For00979;03479428000157;ATUANTE COMERCIAL LTDA
For00980;07700245000170;CIRURGICA VITORIA COMERCIO DE MEDICAMENTOS - EIRELI
For00981;37573425000108;DIMED COMERCIO E SERVICOS LTDA
For00982;02356205000130;A.B.S. PRODUTOS HOSPITALARES LTDA
For00983;35067853000125;TECHPHARMA HOSPITALAR COMERCIO, IMPORTACAO E EXPORTACAO EIRELI
For00984;21940274000130;JOSIANE CRISTINA FUSCO CARRARO - EPP
For00985;97520618000114;JG DE MELLO - PINTURAS
For00986;09058456000187;MINDRAY DO BRASIL - COMERCIO E DISTRIBUICAO DE EQUIPAMENTOS MEDICOS LTDA
For00987;02814497000107;CIMED INDUSTRIA DE MEDICAMENTOS LTDA
For00988;44734671000402;CRISTALIA PRODUTOS QUIMICOS FARMACEUTICOS LTDA
For00989;23637718000199;AIRMED EIRELI - EPP
For00990;23443459000165;CAROLAYNE CARBONI BERNARDO
For00991;03952368000148;HOSPLIFE COMERCIO DE EQUIPAMENTOS HOSPITALARES LTDA EPP
For00992;09721729000121;G D C DA SILVA COSTA - EIRELI - EPP
For00993;82478140000134;SALVI, LOPES & CIA. LTDA - ME
For00994;00331788002910;AIR LIQUIDE BRASIL LTDA
For00995;07238104000188;W. A. COMERCIO DE MEDICAMENTOS LTDA
For00996;17979679000105;A L DALCIN PIRES DROGARIA
For00997;25067657000105;GILMAR CHIZZOLINI - ME
For00998;01571702000511;HALEX ISTAR INDUSTRIA FARMACEUTICA LTDA
For00999;38849493000101;JOAQUIM XAVIER DE BARROS NETO
For01000;31890783000150;RIO MEIER COMERCIO DE MATERIAIS ODONTO-HOSPITALARES LTDA.
For01001;19416856000170;SMART COMERCIO DE PRODUTOS FARMACEUTICOS LTDA
For01002;07994516000148;D & D EMPREENDIMENTOS COMERCIAIS EIRELI
For01003;05746252000188;STERI-GRAU PRODUTOS HOSPITALARES EIRELI
For01004;03661563000119;HOSPIMEDICAL MATERIAIS MEDICOS HOSPITALARES LTDA
For01005;07308989000144;VIGILANTE DA GLICOSE COMERCIO DE PRODUTOS PARA DIABETICOS LTDA - ME
For01006;21971041000103;K.C.R.S. COMERCIO DE EQUIPAMENTOS EIRELI - EPP
For01007;21879362000174;FARMASHOPPING DISTRIBUIDORA DE COSMETICOS E MEDICAMENTOS EIRELI
For01008;24039450000156;HDX COMERCIAL EIRELI
For01009;02351301000195;SPADON & CALIXTO LTDA
For01010;63615058000160;GILSON MONTEIRO DA SILVA EIRELI
For01011;29515361000152;NORTE NUTRI PRODUTOS MEDICOS E NUTRICAO EIRELI
For01012;09222411000104;CENTRALMIX COMERCIO E SERVICOS LTDA
For01013;01130257000120;W NANDI E CIA LTDA
For01014;23980789000190;VALE DIAGNOSTICOS LTDA
For01015;01264836000166;POLIDERM COMERCIAL E DISTRIBUIDORA LTDA - ME
For01016;24399184000172;CIRURGICA PLENA PRODUTOS HOSPITALARES - EIRELI
For01017;34761779000180;NUCLEO COMERCIO DE PRODUTOS PARA SAUDE LTDA
For01018;18448863000191;V P SILVA BRINQUEDOS
For01019;02916028000107;FRADEL-MED INDUSTRIA E COMERCIO DE APARELHOS MEDICOS LTDA - EPP
For01020;90909631000110;INSTRAMED INDUSTRIA MEDICO HOSPITALAR LTDA
For01021;10853028000125;VIDA RESGATE COMERCIO DE PRODUTOS A.P.H. LTDA
For01022;14272952000179;VERA LUCIA FRANCISCA DOS SANTOS
For01023;23015239000130;SAO BERNARDO COMERCIO DE PRODUTOS PARA SAUDE EIRELI
For01024;27311107000107;SC MED DISTRIBUIDORA MEDICO HOSPITALAR LTDA
For01025;22654814000182;RAPHAEL GONCALVES NICESIO - ME
For01026;35186943000135;SINERGIA FARMACEUTICA LTDA
For01027;07009697000100;FARMALINTO COMERCIO DE MEDICAMENTOS LTDA
For01028;09240575000156;MARCA MAIOR DISTRIBUICAO LTDA
For01029;04050750000129;GARDENIA AZUL RIO TECH SERVICE LTDA
For01030;21600055000102;2A HOSPITALAR LTDA
For01031;83929976000170;R C ZAGALLO MARQUES & CIA LTDA EPP
For01032;04389760000193;PRADO PHARMA LTDA
For01033;12255403000160;IMEX MEDICAL COMERCIO E LOCACAO LTDA
For01034;10696551000195;HOLY MED COMERCIO DE PRODUTOS MEDICOS HOSPITALARES EIRELI - ME
For01035;12811919000144;FARMACIA FAMILIA LTDA - ME
For01036;05674440000148;ODONTOPLUS LTDA
For01037;25123729000186;PLACIDO- COMERCIO DE MATERIAIS CIRURGICOS E HOSPITALAR EIRELI
For01038;30754325000120;MEDSI DISTRIBUIDORA DE MEDICAMENTOS LTDA
For01039;31673254001095;LABORATORIOS B BRAUN SA
For01040;79430682014506;FARMACIA E DROGARIA NISSEI S.A.
For01041;83214833000182;PRONTOLAB EQUIPAMENTOS E PRODUTOS CIENTIFICOS LTDA
For01042;30223022000181;MULTI CLINICA CATARINA LTDA.
For01043;09610762000184;APROVADAGUA COMERCIO E CONFECCOES LTDA
For01044;03489799000110;TOLENTINO & CASTRO FARMACIA DE MANIPULACAO LTDA
For01045;39639612000164;RILAB COMERCIO ATACADISTA E IMPORTACAO E EXPORTACAO LTDA
For01046;85032019000172;POLYMEDICAL IMPORTACAO E COM DE PRODUTOS MEDICOS LTDA
For01047;18872656000160;INOVA COMERCIAL HOSPITALAR LTDA. - EPP
For01048;22391401000152;MEGA + FARMA COMERCIO DE MEDICAMENTOS LTDA
For01049;56998701003212;ABBOTT LABORATORIOS DO BRASIL LTDA
For01050;02507452000190;SC -BRINDES LTDA
For01051;69299360000132;DROGARIA BARAO EIRELI
For01052;34182886000153;SEVEN PRODUTOS LABORATORIAIS PARA DIAGNOSTICO LTDA
For01053;05888612000186;DISACRE COMERCIO ATACADISTA DE PRODUTOS FARMACEUTICOS DE USO HUMANO LTDA
For01054;11226885000168;TORRES VALPORTO COMERCIO E DISTRIBUICAO DE PRODUTOS MEDICOS LTDA - ME
For01055;40802993000130;J. S. NUNES - EPP
For01056;10483434000143;CASA DAS FORMULAS FARMACIA E MANIPULACAO LTDA
For01057;35153207000180;ESSENCIA HOSPITALAR EIRELI
For01058;06366038000169;MAXIMA COMERCIO DE PRODUTOS HOSPITALARES LTDA
For01059;10729492000104;QUIMICENTER PRODUTOS PARA LABORATORIOS LTDA
For01060;60665981000622;UNIÃO QUÍMICA FARMACÊUTICA NACIONAL S/A
For01061;13345594000203;DROGAFORTE MEDICAMENTOS E PERFUMARIA LTDA
For01062;09615457000185;SODROGAS DISTRIBUIDORA DE MEDICAMENTOS E MATERIAIS MEDICO HOSPITALARES LTDA.
For01063;05964983000108;D & V COMÉRCIO DE MATERIAL HOSPITALAR LTDA ME
For01064;74913278000196;PETINELI DISTRIBUIDORA DE MATERIAL MEDICO HOSPITALAR LTDA - ME
For01065;36780625000160;DROGARIA ALEGRIA LTDA
For01066;04797536000130;JOAO CARLOS ANACLETO
For01067;27817504000155;SP HOSPITALAR LTDA
For01068;08077211000134;T S COMERCIAL DE MEDICAMENTOS E REPRESENTACAO LTDA
For01069;61817664000132;NEWMED IMPORTADORA LTDA
For01070;24595557000180;AGIL PRODUTOS PARA SAUDE EIRELI - ME
For01071;40175705000164;C.E.I .- COM. EXPORT. E IMPORT. MATERIAL MED. LTDA
For01072;03948933000101;REPRESS DISTRIBUIDORA LTDA
For01073;10267695000126;MEDICALL FARMA DISTRIBUIDORA DE PRODUTOS MEDICOS E HOSPITALARES LTDA - ME
For01074;11311773000105;OKEY MED - DISTRIBUIDORA DE MEDICAMENTOS HOSPITALARES E ODOTOLOGICOS LTDA - ME
For01075;58538372000156;BIO-ART EQUIPAMENTOS ODONTOLOGICOS LTDA
For01076;82641325004377;CREMER S/A
For01077;31498120000194;BELLAMED PRODUTOS HOSPITALARES EIRELI
For01078;05211777000119;CAPERPASS INDUSTRIA E COMERCIO DE ARTIGOS PLASTICOS LTDA
For01079;12040718000190;GRADUAL COMERCIO E SERVICOS LTDA - ME
For01080;02357251000153;LIFEMED INDUSTRIAL DE EQUIPAMENTOS E ARTIGOS MEDICOS E HOSPITALARES S.A.
For01081;10692852000140;DESCARBOX EMBALAGENS LTDA. - ME
For01082;34396122000160;SC COMERCIO DE PRODUTOS HOSPITALARES EIRELI
For01083;00358519000146;RCC - DISTRIBUIDORA DE MEDICAMENTOS, CORRELATOS E PRODUTOS MEDICOS E HOSPITALARES
For01084;21783698000139;VISAO DISTRIBUIDORA DE MEDICAMENTOS LTDA - EPP
For01085;32649525000149;M C P COMERCIO ATACADISTA DE PRODUTOS HOSPITALARES - EIRELI
For01086;20758465000113;S. C. COMERCIAL EIRELI
For01087;24864422000173;C. E. CARVALHO - COMERCIAL
For01088;17507751000100;O DE SENA LTDA
For01089;00949616000103;FARMACIA FELIPE LTDA
For01090;04187384000154;LEISTUNG EQUIPAMENTOS LTDA.
For01091;25555046000106;DISTRIBUIDORA DOM CABRAL LTDA
For01092;13046855000103;MIRASSOL MED COMERCIO DE MEDICAMENTOS - EIRELI
For01093;10450805000190;FLUKKA FARMACIA DE MANIPULACAO LTDA - EPP
For01094;00085822000112;ESPECIFARMA COMÉRCIO DE MED. E PRODUTOS HOSPITALARES LTDA
For01095;07095372000198;TUCUMANTEL E TUCUMANTEL LTDA - ME
For01096;66000787000108;WAMA PRODUTOS PARA LABORATORIO LTDA
For01097;36325157000215;COSTA CAMARGO COM. DE PRODUTOS HOSPITALARES LTDA - EPP
For01098;81887838000655;PROFARMA SPECIALTY S.A
For01099;10696932000174;T.D. & V. COMERCIO DE PRODUTOS ODONTOLOGICOS E HOSPITALARES LTDA - ME
For01100;32534670000184;URBANOMED COMERCIO DE PRODUTOS HOSPITALARES EIRELI
For01101;13021891000104;CASA DA SOGRA COMERCIO VAREJISTA LTDA - ME
For01102;12419620000149;VIER PHARMA DISTRIBUIDORA HOSPITALAR, REPRESENTACAO E CONSULTORIA LTDA
For01103;04948894000105;GPACK ECO EMBALAGENS LTDA
For01104;60442241000112;SANESMAR COMÉRCIO DE PRODUTOS HOSPITALARES LTDA
For01105;13656820000420;SMITH & NEPHEW COMERCIO DE PRODUTOS MEDICOS LTDA.
For01106;23236167000151;NORTH MED DISTRIBUIDORA DE PRODUTOS MEDICOS E HOSPITALARES LTDA
For01107;74400052000191;COMERCIAL 3 ALBE LTDA.
For01108;05652247000106;Lumiar Helth Builders Equipamentos Hospitalares LTDA
For01109;02684044000103;CEZAR MARIANO
For01110;24140823000180;GABRIELA WISSMANN FABRICACAO DE ARTIGOS DO VESTUARIO
For01111;21284068000110;FARMATEX DO BRASIL S/A
For01112;24568268000192;ROBERTA MARTINS DA SILVA
For01113;03460480000161;A P LIMA PRODUTOS HOSPITALARES ME
For01114;66130642000113;ALL-TECH INDUSTRIA E COMERCIO DE PRODUTOS HOSPITALARES LTDA.
For01115;29468746000106;RAMA COMERCIO E IMPORTACAO DE PRODUTOS PERSONALIZADOS LTDA
For01116;17875154000391;MEDQUIMICA INDUSTRIA FARMACEUTICA LTDA.
For01117;33173097000193;CELLERA FARMACEUTICA S.A.
For01118;02955937000146;FORMED BR MATERIAIS MEDICOS E HOSPITALARES LTDA - EPP
For01119;49601107000427;FRESENIUS HEMOCARE BRASIL LTDA.
For01120;26942958000195;NSC COMERCIO DE PRODUTOS MEDICOS HOSPITALARES EIRELI
For01121;35820448009435;WHITE MARTINS GASES INDUSTRIAIS LTDA
For01122;04550922000123;INTERATIVA NUTRICAO CLINICA LTDA ME
For01123;00535818000109;M MARCHIORE COMERCIAL FARMACEUTICA LTDA
For01124;25101524000108;R&C DISTRIBUIDORA DE PRODUTOS FARMACEUTICOS EIRELI
For01125;35230010000106;REPIFARMA COMERCIAL DE MEDICAMENTOS LTDA
For01126;10630293000225;ONCORIO DISTRIBUIDORA DE MEDICAMENTOS LTDA
For01127;23654188000197;ARAUCCOM INDUSTRIAL EIRELI
For01128;04709243000154;BS EQUIPAMENTOS, INDUSTRIA E COMERCIO LTDA - EPP
For01129;06127890000183;CONKAST VENDAS LTDA.
For01130;17523381000196;DROGARIA CRISOSTIMO LTDA
For01131;07415772000133;MICROSUTURE INDUSTRIA, COMERCIO, IMPORTACAO, EXPORTACAO E REPRESENTACAO DE MATERI
For01132;28387424000170;M MED COMERCIAL DE MEDICAMENTOS E PRODUTOS HOSPITALARES - EIRELI
For01133;27602134000139;HEALTH SANTA LUZIA LTDA
For01134;11174696000199;DROGARIA BORTOLINI LTDA
For01135;21707794000106;FASTLABOR COMERCIAL EIRELI
For01136;66969262000177;UNIT - INDUSTRIA, COMERCIO, IMPORTACAO E EXPORTACAO LIMITADA - EPP
For01137;05993698000107;1000MEDIC DISTRIBUIDORA IMPORTADORA EXPORTADORA DE MEDICAMENTOS LTDA
For01138;02457692000127;QUALIQUIMICA ARTIGOS PARA LABORATORIOS LTDA
For01139;49324221002077;FRESENIUS KABI BRASIL LTDA.
For01140;01422569000108;DROGARIA E FARMACIA NUNES PEREIRA LTDA - EPP
For01141;26756192000154;CIRURGICA SOUZA RIO PRETO - EIRELI - ME
For01142;13469442000123;B. M. - PAPELARIA, ARTIGOS DE INFORMATICA E DESCARTAVEIS LTDA
For01143;20995679000103;MC MURA PEREIRA COMERCIO DE PRODUTOS FARMACEUTICOS
For01144;00192190000196;OFTALMOPHARMA INDUSTRIA E COMERCIO DE PRODUTOS FARMACEUTICOS LTDA
For01145;04506487000130;HELIANTO FARMACEUTICA LTDA - EPP
For01146;17365046000107;HAVERIM COMERCIAL LTDA
For01147;07626776000160;CIRURGICA SAO FELIPE PRODUTOS PARA SAUDE LTDA - EPP
For01148;29884628000189;MEDICALL TOP COMERCIO DE PRODUTOS HOSPITALARES - EIRELI
For01149;33546315000198;K. S. EQUIPAMENTOS HOSPITALARES EIRELI
For01150;10468505000139;LIFE COMERCIO E SERVICOS EIRELI
For01151;61100244000130;FANEM LTDA
For01152;20489064000105;PROSPER COMERCIO E DISTRIBUICAO EIRELI - ME
For01153;03475822000117;BLUE OCEAN CONFECCOES S.A.
For01154;06907776000176;SAGRES - PRODUTOS FARMACEUTICOS - EIRELI
For01155;00029372000736;GE HEALTHCARE DO BRASIL COMERCIO E SERVICOS PARA EQUIPAMENTOS MEDICO-HOSPITALARES
For01156;21610147000173;CDA COMERCIAL DISTRIBUIDORA ARMINI LTDA
For01157;01578276000114;ASLI COMERCIAL EIRELI
For01158;11369348000177;FIX HOSPITALAR EIRELI
For01159;21685018000144;MH SUPRIMENTO E COMERCIO DE PRODUTOS MEDICOS LTDA
For01160;55126981000100;GFE DO BRASIL LIMITADA
For01161;21551379002141;BECTON DICKINSON INDUSTRIAS CIRURGICAS LTDA
For01162;03595984000199;JR LACERDA MATERIAL MEDICO HOSPITALAR EIRELI
For01163;15346274000104;HOSPLAB PRODUTOS HOSPITALARES E LABORATORIAL EIRELI
For01164;09560267000108;BETANIAMED COMERCIAL EIRELI - EPP
For01165;26685436000155;GOLD CARE COMERCIO DE MATERIAIS CIRURGICOS E HOSPITALARES LTDA
For01166;10903996000107;N. A. do Nascimento Almeida
For01167;13465838000100;ONCOLIVERY - DISTRIBUIDORA DE MEDICAMENTOS E PRODUTOS HOSPITALARES LTDA. - ME
For01168;34729047000102;NSA DISTRIBUIDORA DE MEDICAMENTOS EIRELI
For01169;29412918000120;MALTACARE DISTRIBUIDORA EIRELI
For01170;59375006000196;FARMACIA BESSI LTDA - ME
For01171;16926052000123;KILL & OHASHI LTDA
For01172;18096092000110;DEISE PILTZ
For01173;03779851000172;DISTRIBUIDORA DE MEDICAMENTOS CASTRO E MARQUES LTDA
For01174;13094578000104;SANOFI AVENTIS COMERCIAL E LOGISTICA LTDA
For01175;02160869000129;JAIR MAURO RIBEIRO
For01176;03460198000184;DISTRIBUIDORA VIDA LTDA
For01177;27117540000106;DISTRIBUIDORA HOSPITALAR RAMOS E MENDONCA LTDA
For01178;13056315000100;CENTRAX COMERCIAL LTDA
For01179;17992985000181;D M C MESSIAS EIRELI
For01180;24118004000137;ANGULAR PRODUTOS PARA SAUDE LTDA - ME
For01181;04707391000130;J E S FONSECA COMERCIO EIRELI EPP
For01182;11933772000100;ADL CONEXAO COMERCIAL LTDA - ME
For01183;06697493000228;REINALDO PERSONA FARMACIA DE MANIPULACAO EIRELI
For01184;00733472000153;DINAMICA ODONTO-HOSPITALAR LTDA - EPP
For01185;01242950000195;A L F COMERCIO DE PRODUTOS HOSPITALARES LTDA - EPP
For01186;55266308000175;DROGARIA DROGAVITA DE ITAPETININGA LTDA
For01187;28834716000103;CARMED DISTRIBUIDORA DE MEDICAMENTOS EIRELI
For01188;15834405000100;COMERCIAL BATUIRA EIRELI ME
For01189;58598368000183;KONIMAGEM COMERCIAL LTDA
For01190;29565364000109;C G FARMA DISTRIBUIDORA EIRELI
For01191;06964297000191;CIRURGICA SANTA MARIA COMERCIO DE ARTIGOS MEDICOS LTDA - EPP
For01192;32981941000140;I. C. LEMES DA SILVA
For01193;00647694000153;R N F DE SOUZA & CIA LTDA
For01194;02305767000154;MAT MED HOSPITALAR LTDA
For01195;30778749000125;G.P. VEZONO EIRELI
For01196;19338456000194;ALFRS INDUSTRIA DE MOVEIS LTDA
For01197;10368534000129;CIRURGICA PARMA LTDA
For01198;02501297000285;PHARLAB INDUSTRIA FARMACEUTICA S.A
For01199;61068755000112;SANVAL COMERCIO E INDUSTRIA LTDA
For01200;30540358000178;BIOGRAM COMERCIO DE INSUMOS FARMACEUTICOS LTDA
For01201;10569258000167;ESPACO SAUDE COMERCIO DE PRODUTOS HOSPITALARES LTDA - ME
For01202;33688692000161;DISMART DISTRIBUIDORA HOSPITALAR EIRELI
For01203;72677933000129;HMEDIC DISTRIBUIDORA DE MEDICAMENTOS LTDA
For01204;33013528000154;S N C DISTRIBUIDORA DE PRODUTOS HOSPITALARES EIRELI
For01205;08846431000185;LUIZ FRANCISCO EMYGDIO
For01206;14512806000173;NUTRILIFE NUTRICAO ESPORTIVA LTDA
For01207;26918586000161;DROGARIA DUARTE LTDA
For01208;05439635000294;ANTIBIOTICOS DO BRASIL LTDA.
For01209;35687208000105;PETBONE COMERCIO E INDUSTRIA DE ARTIGOS PARA ANIMAIS LTDA
For01210;37260261000150;MEDICAL SYSTEM BRASIL IMPORTACAO E COMERCIO DE PRODUTOS MEDICOS LTDA
For01211;36392321000126;IS7 IMPORTACAO, EXPORTACAO E COMERCIO DE PECAS LTDA
For01212;26581761000178;HIGIBEST COMERCIO E SERVICOS EIRELI
For01213;13097795000140;FARMACIA SANTA RITA DE CASSIA LTDA
For01214;26735921000196;NEW RIBE COMERCIAL EIRELI
For01215;33656835000153;INNOVARE INDUSTRIA E COMERCIO DE PECAS PLASTICAS EIRELI
For01216;03578434000161;CALUX COMERCIAL EIRELI
For01217;37365601000108;OLIVEIRA INDUSTRIA E COMERCIO LTDA
For01218;09213849000118;ELFORT IMPORTACAO E DISTRIBUICAO DE PRODUTOS EIRELI
For01219;37014740000197;MAPLE HOSPITALAR COMERCIO E SERVICOS EIRELI
For01220;11388997000115;STRA COMERCIO DE PRODUTOS PARA SAUDE LTDA
For01221;24728467000110;N. S. KARYDI EIRELI
For01222;07925705000169;AUROBINDO PHARMA PRODUTOS FARMACEUTICOS LIMITADA
For01223;23036879000127;SUPREME ARTIGOS DE PLASTICO LTDA
For01224;10772529000187;T. D. WILL
For01225;05667064000164;MARCOS AURELIO OGANDO DE OLIVEIRA - EPP
For01226;02350719000188;EQUIMED - PRODUTOS E EQUI. MEDICO HOSPITALAR E ODONTOLOGICO LTDA ME
For01227;22580510000118;UNIFAR DISTRIBUIDORA DE MEDICAMENTOS LTDA
For01228;00231468000197;CMH COMERCIAL MÉDICO HOSPITALAR LTDA. ME
For01229;09046469000136;YELO COMERCIO DE MATERIAIS HOSPITALARES LTDA
For01230;12942081000128;DANIELE DAGIOS - EPP
For01231;01463618000150;SERGILAB PRODUTOS HOSPITALARES E LABORATORIAIS EIRELI
For01232;78451614000187;A P TORTELLI REPRESENTAÇÕES COMERCIAIS LTDA
For01233;02537890000109;COFARMINAS COMERCIO DE PRODUTOS FARMACEUTICOS LTDA
For01234;30553793000137;JASMED DISTRIBUIDORA DE MEDICAMENTOS LTDA
For01235;32708161000120;PROLINE MATERIAL HOSPITALAR - EIRELI
For01236;07763606000128;SINERGIA COMERCIO E SERVICO LTDA ME
For01237;42180406000143;GUERBET PRODUTOS RADIOLOGICOS LIMITADA
For01238;05264280000169;MEDICATTO COMERCIO DE PRODUTOS MEDICO HOSPITALARES LTDA
For01239;60499639000195;ABBOTT PRODUTOS PARA SAUDE LTDA.
For01240;07415627000403;TKL IMPORTACAO E EXPORTACAO DE PRODUTOS MEDICOS E HOSPITALARES LTDA
For01241;45453214003177;PROFARMA DISTRIBUIDORA DE PRODUTOS FARMACEUTICOS SA
For01242;03606635000125;FLEX HOSPITALAR LTDA
For01243;17602864000186;DELTA INDUSTRIA E COM. LTDA
For01244;06283056000187;CW ARTIGOS DO VESTUARIO EIRELI
For01245;35335996000170;C. OLIVEIRA PINTO JUNIOR LTDA
For01246;61129409000105;OPHTHALMOS S/A
For01247;07164711000140;FUFA-SC COMERCIO E REPRESENTACAO LTDA
For01248;20978588000160;NUTRIMIL COMERCIO DE PRODUTOS ALIMENTICIOS LTDA
For01249;92037480000183;FARMAMED PRODUTOS HOSPITALARES LTDA
For01250;31504150000166;POSITIVA COMERCIAL LTDA
For01251;16809398000141;HOPE COMERCIAL LTDA
For01252;31434320000183;RAVIMED DISTRIBUIDORA DE PRODUTOS HOSPITALARES LTDA
For01253;01831385000100;BLISFARMA INDUSTRIA ALIMENTICIA LTDA
For01254;13229567000186;VENEZA - DISTRIBUIDORA DE PRODUTOS HOSPITALARES LTDA - ME
For01255;32669289000122;SUPPLYMED DISTRIBUIDORA DE MEDICAMENTOS LTDA
For01256;01107391001263;SUPPORT PRODUTOS NUTRICIONAIS LTDA
For01257;31538876000110;DROGARIA POPULAR MELHOR PRECO RGS EIRELI
For01258;23720752000122;JARDIM COSMETICOS LTDA - ME
For01259;34686134000120;SNOP CORRELATOS INDUSTRIA E COMERCIO LTDA
For01260;21579468000152;TEKMARKET INDUSTRIA, COMERCIO E SERVICOS LTDA
For01261;33221055000180;RAMOS & PESSOA LTDA
For01262;06131330000100;VIVAMED EQUIPAMENTOS MEDICO-HOSPITALARES LTDA - EPP
For01263;04150605000462;MEDCITY PRODUTOS MEDICOS LTDA
For01264;37109539000193;C3 HEALTH SUPRIMENTOS MEDICOS E HOSPITALARES LTDA
For01265;26231202000138;BRAVONUTRI COMERCIO DE PRODUTOS NUTRICIONAIS EIRELI
For01266;03889336000145;PRO-VIDA COMERCIO DE EQUIPAMENTOS LTDA - EPP
For01267;29715704000122;B. DE OLIVEIRA BERGAMASCHO - PRODUTOS NUTRICIONAIS
For01268;25078142000100;RAFAEL NERES DA COSTA 36419550840
For01269;36830917000160;C & C HOSPITALAR LTDA - EPP
For01270;11697594000310;AGILLE COMERCIO DE MEDICAMENTOS LTDA
For01271;01324654000133;IMPORT HOSPITALAR EIRELI - EPP
For01272;08719794000150;CENTRAL DISTRIBUIDORA DE MEDICAMENTOS LTDA
For01273;28167665000103;SOS COMERCIO DE MATERIAIS MEDICOS HOSPITALARES EIRELI
For01274;26921908000202;HOSPFAR IND. E COM. DE PRODUTOS HOSPITALARES LTDA
For01275;33511513000116;DROGA SOL DISTRIBUIDORA DE MEDICAMENTOS LTDA
For01276;31030858000122;BAZA MEDICAMENTOS LTDA
For01277;26291613000119;EDERA DISTRIBUIDORA DE MEDICAMENTOS EIRELI - ME
For01278;06204131001653;PEROLA DISTRIBUICAO E LOGISTICA LTDA.
For01279;62413869000115;GIGANTE RECEM NASCIDO LTDA.
For01280;03869526000281;J.R.D. INDUSTRIA FARMACEUTICA LTDA
For01281;07118503000105;ATHOS COMERCIAL HOSPITALAR EIRELI
For01282;11112146000145;BIOTECH DIAGNOSTICA - COMERCIAL LTDA - ME
For01283;03505263000140;PRODUVALE PRODUTOS HOSPITALARES LTDA
For01284;08713696000105;SIRLENE APARECIDA PEREIRA DA SILVA
For01285;34440014000148;DEFERTEX INDUSTRIA E COMERCIO LTDA
For01286;24875483000136;ESSENCIAL RIO DISTRIBUIDORA DE PRODUTOS MEDICOS E HOSPITALARES EIRELI - ME
For01287;00969505000169;OLIVA & OLIVA FARMACIA LTDA
For01288;07936090000176;BIOMED DISTRIBUIDORA HOSPITALAR E LABORATORIAL NOSSA SENHORA DA CONCEICAO LTDA -
For01289;10769075000195;M A BATISTA EIRELI - ME
For01290;14308899000119;CIRURGICA OURO VERDE - COMERCIO DE MATERIAIS MEDICOS - EIRELI
For01291;03134249000188;MULTIFARMA COMERCIO DE PRODUTOS MEDICOS LTDA
For01292;05216859000156;BIOBASE INDUSTRIA E COMERCIO LTDA
For01293;34180445000112;DISMATH DISTRIBUIDORA DE MATERIAIS MEDICOS E HOSPITALARES LTDA
For01294;06209557000113;AM MEDICAL COMERCIO DE MEDICAMENTOS E PRODUTOS HOSPITALARES LTDA
For01295;93305910000163;FUFAMED COMERCIO E IMPORTAÇÃO LTDA
For01296;92666817000111;SAAVEDRA REPRESENTAÇÕES LTDA
For01297;33851567000120;UNIAO SUL COMERCIAL DE ARTIGOS DA SAUDE LTDA
For01298;93480192000161;CIEX DO BRASIL INDUSTRIA E COMERCIO DE PRODUTOS CIRURGICOS LTDA
For01299;02881877000164;POLAR FIX INDUSTRIA E COMERCIO DE PRODUTOS HOSPITALARES LTDA
For01300;31085156000146;MACMED SOLUCOES EM SAUDE LTDA.
For01301;22077847000107;JOSE DANTAS DINIZ FILHO
For01302;30597921000144;IS 8 INTERNATIONAL SUPPLIES IMPORTACAO E COMERCIO DE PRODUTOS HOSPITALARES LTDA
For01303;12268625000207;E. A. BATISTA DA SILVA
For01304;35167731000100;TH7 HOSPITALAR PRODUTOS HOSPITALARES LTDA
For01305;34635183000133;PROMED ACESSORIA EM SAUDE EIRELI
For01306;13496848000103;DISTRIBUIDORA INTENSIVA MATERIAL MEDICO HOSPITALAR LTDA
For01307;32624131000136;COMERCIAL PROMOSTORE CONFECCOES - EIRELI
For01308;10675016000158;K MEDICA PRODUTOS MEDICO HOSPITALAR LTDA
For01309;02228938000199;D-X INDUSTRIA, COMERCIO, IMPORTACAO E EXPORTACAO LTDA - EPP
For01310;30788967000140;C. O DE SOUZA
For01311;23376715000149;OXIMONT GASES E MONTAGEM INDUSTRIAIS LTDA
For01312;60412327000100;ALCON LABORATÓRIOS DO BRASIL LTDA
For01313;06285066000151;OXIGENIO PIUMHI EIRELI
For01314;22355622000175;BIOMIG MATERIAIS MÉDICO-HOSPITALAR
For01315;15772566000109;L.D. FARMACEUTICA LTDA
For01316;35880234000155;D M COMERCIAL MEDICA LTDA
For01317;27256185000156;MEDBRANDS COMERCIO E DISTRIBUIDORA EIRELI
For01318;59309302000199;INJEX INDUSTRIAS CIRURGICAS LTDA
For01319;60665981000118;UNIÃO QUÍMICA FARM. NACIONAL S/A
For01320;08108696000186;DISTRIBUIDORA DE PRODUTOS G.C.R. EIRELI
For01321;43575877000466;DROGARIA NOVA ESPERANCA EIRELI
For01322;28470340000103;METROSAUDE COMERCIO DE MATERIAIS MEDICOS E HOSPITALARES LTDA
For01323;32838716000159;FARMAC PRODUTOS HOSPITALARES E LABORATORIAIS LTDA
For01324;18519219000167;POUSO FARMA HOSPITALAR LTDA
For01325;32875635000129;W.M.W COMERCIAL E MATERIAIS DE LIMPEZA LTDA.
For01326;30984346000132;DISTRIBUIDORA KLEAN LTDA
For01327;22218845000190;NUTRIMINAS COMERCIO DE NUTRICOES DIETETICAS E MATERIAIS HOSPITALARES LTDA - EPP
For01328;17545961000184;ICARAI DO BRASIL INDUSTRIA QUIMICA LTDA
For01329;04183656000148;DISTRICENTER DISTRIBUIDORA DE MEDICAMENTOS LTDA - EPP
For01330;11872656000110;HDL LOGISTICA HOSPITALAR LTDA.
For01331;22889282000162;ALMED ALDENIO DISTRIBUIDORA DE MEDICAMENTOS E MATERIAL MEDICO - HOSPITALAR LTDA -
For01332;17631154000184;ORION FARMACEUTICA LTDA
For01333;06697493000147;REINALDO PERSONA FARMACIA DE MANIPULACAO EIRELI
For01334;10778913000197;METAL SOLUTION DO BRASIL IND. E COM. DE MOVEIS LTDA - ME
For01335;13240906000125;AFH EQUIPAMENTOS HOSPITALARES LTDA.
For01336;00740696000192;PMH PRODUTOS MEDICOS HOSPITALARES LTDA
For01337;01987265000198;VALLITECH INDUSTRIA E COMERCIO DE ARTEFATOS METALICOS LTDA
For01338;65271900000119;NATIVITA INDUSTRIA E COMERCIO LTDA
For01339;23889701000129;ECOLOGY PAPER LTDA
For01340;26234900000197;LUCAS DELPHIM GUERRA DA SILVA
For01341;09070307000133;LICIT RIB COMERCIO ATACADISTA E VAREJISTA LTDA - EPP
For01342;03760925000129;FORMULLAR SANTA RITA LTDA
For01343;00542467000163;A B DESCARTAVEIS INDUSTRIA E COMERCIO - EIRELI
For01344;26640161000133;SAVIMED COMERCIO DE PRODUTOS MEDICOS LTDA - ME
For01345;13759813000292;SINGULAR DROGARIA E MEDICAMENTOS ESPECIAIS LTDA
For01346;20712427000120;I9 SOLUTIONS COMERCIO LTDA
For01347;09020873000130;FILMEX PRODUTOS MEDICOS E ODONTOLOGICOS LTDA
For01348;13163794000156;MONTALTEC SERVICOS LTDA
For01349;04168171000185;BIOLOGICAL LTDA
For01350;33951571000160;DANIEL FERNANDES ROMANO NETO - PAPELARIA
For01351;34016593000104;PENEDO DISTRIBUIDORA & SERVICOS EIRELI
For01352;08325711000490;BELEM FARMACIA E MANIPULACAO EIRELI
For01353;00350160000160;HOSP RIO MATERIAL HOSPITALAR LTDA EPP
For01354;04307650000135;ONCO PROD DISTRIBUIDORA DE PRODUTOS HOSPITALARES E ONCOLOGICOS LTDA
For01355;17927869000189;JAMED COMERCIO E SERVICOS LTDA
For01356;09523533000122;DENTAL NITEROI LTDA - ME
For01357;10485530000120;J.A.ARAÚJO DO VALE
For01358;19845390000129;R. A. DA SILVA COMERCIO DE EQUIPAMENTOS - EPP
For01359;28467781000148;VEM EMPREENDIMENTOS COMERCIAIS LTDA
For01360;22870240000180;LOBIANCO & LIMA LTDA
For01361;59844662000190;LOKTAL MEDICAL ELECTRONICS INDUSTRIA E COMERCIO LTDA - EPP
For01362;07174735000180;OXIGENIO JOACABA COMERCIO DE GASES ATMOSFERICOS E PRODUTOS PARA SAUDE LTDA
For01363;18574431000127;VACCARIN & ALFF LTDA - ME
For01364;18459628009767;BAYER S.A.
For01365;51780468000187;JANSSEN-CILAG FARMACEUTICA LTDA
For01366;13861454000107;VILLA MED - COMERCIAL HOSPITALAR LTDA - ME
For01367;11372104000143;D&D PRODUTOS DE HIGIENE E LIMPEZA EIRELI - ME
For01368;19570720000110;HIPOLABOR FARMACEUTICA LTDA
For01369;26129177000186;AS3 HOSPITALAR LTDA
For01370;07504668000115;DROGARIA PRATA LTDA
For01371;31419958000145;MERCADAO DAS MASCARAS EIRELI
For01372;17581504000145;SOMEDICA CIRURGICA RIO PRETO EIRELI
For01373;60831658002110;BOEHRINGER INGELHEIM DO BRASIL QUIMICA E FARMACEUTICA LTDA.
For01374;06271093009474;DMTOP COMERCIO DE MEDICAMENTOS E COSMETICOS LTDA
For01375;30728087000189;MBT COMERCIO HOSPITALAR EIRELI
For01376;01988925000155;CORE COMERCIO E REPRESENTACOES DE PRODUTOS MEDICO-HOSPITALAR LTDA
For01377;19458719000107;FLASH PRESTACAO DE SERVICOS EIRELI
For01378;78688660000102;COMERCIAL DENTARIA HOSPITALAR FONTANNA LTDA - ME
For01379;12655453000135;FORLAB COMERCIO DE EQUIPAMENTOS E MATERIAIS PARA LABORATORIOS EIRELI
For01380;76345370000122;CICAVEL CIRURGICA CASCAVEL LTDA
For01381;38007920000104;V & V NUTRICAO HOSPITALAR LTDA
For01382;32737279000187;NOEM MEDICAL IMPORTACAO E EXPORTACAO DE PRODUTOS MEDICOS-HOSPITALARES LTDA
For01383;13630407000144;ALCANCE NORDESTE COMERCIO DE MEDICAMENTOS, DISTRIBUICAO, REPRESENTACAO E ASSESSOR
For01384;05340608000189;SIPROLIMP - SIMIONATO PRODUTOS DE LIMPEZA LTDA
For01385;16826856000150;ACR MEDCAL PRODUTOS PARA SAUDE LTDA - ME
For01386;06157734000165;GLOBAL TEC INDUSTRIA E COMERCIO DE PRODUTOS MEDICOS EIRELI - EPP
For01387;03951140000133;DE PAULI COMERCIO REP. IMP. E EXPORTAÇÃO LTDA
For01388;05818423000137;AMCOR FLEXIBLES BRASIL LTDA
For01389;18950262000182;FARMACIA VIDORI LTDA
For01390;07976695000190;VIVER EQUIPAMENTOS MÉDICOS LTDA
For01391;58950775000108;COTAÇÃO COMÉRCIO REPRESETAÇÃO. IMPORTAÇÃO E EXPORTAÇÃO LTDA
For01392;97481519000170;S H COMERCIAL LTDA
For01393;08088996000140;CIRURGICA ALIANCA PRODUTOS HOSPITALARES LTDA - EPP
For01394;05356421000173;ALPHA IMPORTADORA E EXPORTADORA LTDA
For01395;02282433000102;FRANLAB COMERCIO E REPRESENTACOES DE PRODUTOS MEDICO-HOSPITALARES LTDA
For01396;47193115000103;CIRURGICA BRASIL COMERCIO IMPORT. LTDA
For01397;07654936000185;L A DOS SANTOS DISTRIBUIDORA DE MEDICAMENTOS
For01398;08145933000189;FAMADER FARMACIA DE MANIPULACAO LTDA
For01399;05657559000102;AGLAMED-MATERIAL MEDICO HOSPITALAR LTDA - EPP
For01400;05658906000111;GOYAZES BIOTECNOLOGIA LTDA
For01401;32713461000106;KAUE DE MATTOS COMERCIO E SERVICOS
For01402;07731777000175;NOEMIA SILVA DOS SANTOS DE ASSIS
For01403;04013164000104;ORLA DISTRIBUIDORA DE PRODUTOS EIRELI
For01404;31049803000164;EDEVANIA JOSEANE JARDIM LEANDRO
For01405;30322475000165;DOCTORMED COMERCIAL EIRELI
For01406;35381312000177;APARECIDA MORTARI AGUILLAR DE PAIVA
For01407;12824334000169;C.M. ORATHES CONFECCOES E EQUIPAMENTOS LTDA
For01408;00339495000188;MULTHOSP MAT. HOSPITALAR LTDA
For01409;10542511000199;ONCOTECH COMERCIO DE MEDICAMENTO  ONCOLOGICO LTDA
For01410;11634742000195;HRX PRODUTOS HOSPITALARES EIRELI
For01411;32075199000103;CUBOMED - COMERCIO ATACADISTA DE PRODUTOS PARA SAUDE EIRELI
For01412;60409075000152;NESTLE BRASIL LTDA.
For01413;08572890000118;ARCMED ANDREOLI COMERCIO DE ARTIGOS HOSPITALARES EIRELI
For01414;17174657000178;HYPOFARMA INSTITUTO DE HYPODERMIA E FARMACIA LTDA
For01415;11399644000110;R C FERREIRA & CIA LTDA
For01416;48939276000166;MEDI HOUSE IND E COM DE PRODUTOS CIRURGICOS LTDA
For01417;08924875000191;BIOVALIC COMERCIO DE EQUIPAMENTOS MEDICOS LTDA. - ME
For01418;29178366000137;VITAL PRODUTOS PARA SAUDE LTDA
For01419;19159159000181;KEYS CONSULTORIA E TREINAMENTOS LTDA
For01420;56998982001260;BRISTOL-MYERS SQUIBB FARMACEUTICA LTDA.
For01421;17739128000174;FARMACIA DE MANIPULACAO DE ALAGOAS EIRELI
For01422;22065938000122;CCK COMERCIAL EIRELI
For01423;23829339000109;M.TESTA CONFECCAO
For01424;75755363000136;FARMACIA CONFIANCA LTDA
For01425;32952698000131;BERIZA COMERCIO DE LIMPEZA LTDA
For01426;13990290000100;STORE DO BRASIL EIRELI
For01427;61374161000130;BAUMER S A
For01428;04355394000313;PROHOSP DISTRIBUIDORA DE MEDICAMENTOS LTDA
For01429;19281319000160;LMS BIOMEDICAL COMERCIO DE PRODUTOS HOSPITALARES LTDA
For01430;07090403000118;TRIMEDCALL COMERCIO DE MATERIAIS MEDICOS E HOSPITALARES LTDA
For01431;03652030000332;CENTERMEDI-COMERCIO DE PRODUTOS HOSPITALARES LTDA
For01432;31219338000162;JLF DISTRIBUIDORA DE MEDICAMENTOS LTDA
For01433;27066602000106;TS MEDICAL COMERCIO E SERVICO DE PRODUTOS HOSPITALARES LTDA
For01434;39032974000192;VIC PHARMA INDÚSTRIA E COMÉRCIO LTDA
For01435;06132785000132;MEDVIDA DISTRIBUIDORA DE MEDICAMENTOS HOSPITALAR EIRELI - ME
For01436;04880586000187;CIRURGICA REAL
For01437;24586988000180;CIRURGICA NOSSA
For01438;01122234000174;IMPORT SERVICE
For01439;37844479000152;BIOLINE FIOS CI
For01440;34396122000160;SC COMERCIO DE
For01441;25463374000174;MEDEFE PRODUTOS
For01442;05782733000149;CIAMED DISTRIBU
For01443;67729178000491;COMERCIAL CIRUR
For01444;56081482000106;DIMEBRAS COMERC
For01445;05847630000110;SOMA/SP PRODUTO
For01446;29228930000189;LIGIA MARIA CAR
For01447;08231734000193;FUTURA COMERCIO
For01448;24614797000185;INDMED HOSPITAL
For01449;28004857000107;DANIEL FERRARI
For01450;04522343000177;FARMACIA DE MAN
For01451;25101524000108;R&C DISTRIBUIDO
For01452;21940274000130;JOSIANE CRISTIN
For01453;12420164000319;CM HOSPITALAR L
For01454;07752236000123;MEDILAR IMPORTA
For01455;04086552000115;BIOPLASMA PRODU
For01456;00175233000125;TRES LEOES MATE
For01457;13120044000105;WANDERLEY & REG
For01458;71336101000186;VALE COMERCIAL
For01459;32910616000196;BS DISTRIBUIDOR
For01460;30553793000137;JASMED DISTRIBU
For01461;12889035000102;INOVAMED COMERC
For01462;15031173000144;MERCANTIL BARRE
For01463;03945035000191;ACACIA COMERCIO
For01464;11401085000136;MEDPLUS LTDA -
For01465;67729178000220;COMERCIAL CIRÚR
For01466;06628333000146;FARMACE - INDUS
For01467;04210418000184;NOSSA PHARMACIA
For01468;31219338000162;JLF DISTRIBUIDO
For01469;22218845000190;NUTRIMINAS COME
For01470;44734671000151;CRISTALIA PRODU
For01471;07484373000124;UNI HOSPITALAR
For01472;21681325000157;MULTIFARMA COME
For01473;13630407000144;ALCANCE NORDEST
For01474;34707920000166;ONMED DISTRIBUI
For01475;04301884000175;AUROBINDO PHARM
For01476;14261377000109;MAIS SAUDE COME
For01477;31123992000178;MR MED COMERCIO
For01478;49324221000880;FRESENIUS KABI
For01479;12418191000195;CONQUISTA DISTR
For01480;10436883000130;GLORIA FARMA DI
For01481;33891594000127;EXCLUSIVE PRODU
For01482;35067853000125;TECHPHARMA HOSP
For01483;60665981000975;UNIAO QUIMICA F
For01484;32053182000155;DENTAL RONDONIA
For01485;04307650001530;ONCO PROD DISTR
For01486;15145035000196;RIOBAHIAFARMA C
For01487;60318797000100;ASTRAZENECA DO
For01488;05439635000456;ANTIBIOTICOS DO
For01489;28591670000149;VETSUL COMERCIO
For01490;00941837000135;J BASILIO COMER
For01491;57532343000114;L M FARMA INDUS
For01492;07032320000172;MEDICAL CENTER
For01493;02816696000154;PONTAMED FARMAC
For01494;18269125000187;BIOHOSP PRODUTO
For01495;12927876000167;SOMA/MG PRODUTO
For01496;25296849000185;TIDIMAR COMERCI
For01497;10436813000182;MAIS SAUDE EIRE
For01498;31673254001095;LABORATORIOS B
For01499;00802002000102;ALTERMED MATERI
For01500;44734671000828;CRISTALIA PRODU
For01501;05159591000168;PRO-REMEDIOS DI
For01502;34729047000102;NSA DISTRIBUIDO
For01503;49324221001690;FRESENIUS KABI
For01504;28911309000152;ESPIRITO SANTO
For01505;10447355000187;VIVA COMERCIO A
For01506;85247385000149;PROSAUDE DISTRI
For01507;04027894000750;DUPATRI HOSPITA
For01508;23312871000146;EXEMPLARMED COM
For01509;71957310000147;GREINER BIO-ONE
For01510;08973252000109;LIMP SAFE COMER
For01511;27330244000199;MC MEDICALL PRO
For01512;05431736000138;ASTRA CIENTIFIC
For01513;38398257000116;PGSA COMERCIAL
For01514;02985070000171;JOSILMED COMERC
For01515;08157293000127;NATCOFARMA DO B
For01516;17700085000113;CCP MED DISTRIB
For01517;11634742000195;HRX PRODUTOS HO
For01518;24728467000110;N. S. KARYDI EI
For01519;27080739000107;PRIME SOLUCOES
For01520;33068320000132;ASCLEPIOS EQUIP
For01521;78742491000133;JOAOMED COMERCI
For01522;14766081000140;MEDGRAN INDUSTR
For01523;20442743000129;REPUBLIC COMERC
For01524;63848345000110;POLYMEDH. EIREL
For01525;19458719000280;FLASH PRESTACAO
For01526;54375647018093;DROGAL FARMACEU
For01527;49324221002077;FRESENIUS KABI
For01528;03485572000104;GEOLAB INDUSTRI
For01529;81706251000198;PROMEFARMA REPR
For01530;20657155000102;ILG COMERCIAL L
For01531;09944371000104;SULMEDIC COMERC
For01532;17472278000164;GOLDENPLUS - CO
For01533;67729178000149;COMERCIAL CIRÚR
For01534;30511964000165;MEDICAL COMERCI
For01535;03912958000147;DALLAS CENTER M
For01536;34027398000171;JETHAMED COMERC
For01537;73856593000166;PRATI, DONADUZZ
For01538;03652030000170;CENTERMEDI - CO
For01539;09315996000107;COMERCIAL MARK
For01540;06131363000142;WERLANG E BRAND
For01541;04071245000160;LUCIMED DISTRIB
For01542;13977860000121;ATECNOMED ASSIS
For01543;23228076000174;CMH - CENTRAL D
For01544;76386283000113;DIMEVA DISTRIBU
For01545;02814497000700;CIMED INDUSTRIA
For01546;31151224000128;ANJOMEDI DISTRI
For01547;01857076000109;VANLINPHARMA CO
For01548;04355394000151;PROHOSP DISTRIB
For01549;55309074000104;CIRÚRGICA SÃO J
For01550;43295831000140;INTERLAB FARMAC
For01551;13485130000103;PHARMA LOG PROD
For01552;33009945000204;PRODUTOS ROCHE
For01553;02520829000140;DIMASTER - COME
For01554;09053134000145;ELFA MEDICAMENT
For01555;10483434000143;CASA DAS FORMUL
For01556;04372020000144;WERBRAN DISTRIB
For01557;28123417000160;PARTNER FARMA D
For01558;04274988000138;ATIVA COMERCIAL
For01559;11260846000187;ANBIOTON IMPORT
For01560;11195057000100;AVAREMED DISTRI
For01561;10749758000180;A. D. DAMINELLI
For01562;02600770000109;COMERCIAL VALFA
For01563;11563145000117;COMERCIAL MOSTA
For01564;23232280000169;ZUCK PAPEIS LTD
For01565;27718661000103;ARMAZEM DOS MED
For01566;09053134000226;ELFA MEDICAMENT
For01567;34999637000155;WL PHARMA COMER
For01568;06366038000169;MAXIMA COMERCIO
For01569;49228695000152;LUMAR COMÉRCIO
For01570;04192876000138;CRISMED COMERCI
For01571;49324221000104;FRESENIUS KABI
For01572;16970999000131;DMC DISTRIBUIDO
For01573;73679623000106;T C A FARMA COM
For01574;51780468000268;JANSSEN-CILAG F
For01575;17700763000148;MEDFUTURA DISTR
For01576;38460625000109;JGM PRODUTOS PA
For01577;25341162000114;MEGA DENTAL IMP
For01578;14927939000100;PRO-ONCO DISTRI
For01579;28857335000140;MAXIMA DENTAL I
For01580;52605433000174;DROGARIA GREGIA
For01581;35153207000180;ESSENCIA HOSPIT
For01582;10638214000141;GM FARMA COMERC
For01583;00656468000139;SOMA/PR COMERCI
For01584;26853028000165;CIRUMED COMÉRCI
For01585;07344756000105;PRO-SAUDE - COM
For01586;10588595001092;SANOFI MEDLEY F
For01587;61363032000146;CHIESI FARMACÊU
For01588;24595557000180;AGIL PRODUTOS P
For01589;06175908000112;BIO LOGICA DIST
For01590;80392566000145;AABA COMERCIO D
For01591;36121635000194;CG HOSPITALAR D
For01592;18489967000144;LB COMERCIO E S
For01593;26231202000138;BRAVONUTRI COME
For01594;20590555000148;AGIL MEDICAMENT
For01595;10596721000160;GEORGINI PRODUT
For01596;10645510000170;DISTRIBUIDORA D
For01597;10454996000169;LIFETEC COMERCI
For01598;01140868000150;CIRURGICA OLIMP
For01599;28418133000100;MED VITTA COMER
For01600;00647694000153;R N F DE SOUZA
For01601;00733472000153;DINAMICA ODONTO
For01602;03330630000112;WELLINGTON MORA
For01603;21608296000106;MAMED COMERCIAL
For01604;14271474000182;FRAGNARI DISTRI
For01605;30203451000197;VILHEMED COM. A
For01606;34739557000160;A . P. DA SILVA
For01607;65817900000171;AGLON COMERCIO
For01608;74913278000196;PETINELI DISTRI
For01609;29032826000114;DATA - MEDICAL
For01610;23326462000107;JUNIOR COMERCIO
For01611;20344116000155;NEVALLI ARTIGOS
For01612;03812429000171;POLYSUTURE INDU
For01613;09100467000188;W.N. DIAGNOSTIC
For01614;56926298000110;BOLIS, MAESTREL
For01615;06209557000113;AM MEDICAL COME
For01616;19391064000199;LUVERMED DISTRI
For01617;32282308000163;J DE BRITO - DI
For01618;18848403000150;GOLDEN MATERIAI
For01619;16482201000102;ATOS MEDICAL BR
For01620;06157734000165;GLOBAL TEC INDU
For01621;61613881000100;DAKIFILM COMERC
For01622;12420164000904;CM HOSPITALAR S
For01623;08958628000297;ONCOEXO DISTRIB
For01624;10448145000103;GRAMS & GRAMS L
For01625;13547970000153;ELISVANDIA MATO
For01626;82478140000134;SALVI, LOPES &
For01627;03652030000332;CENTERMEDI-COME
For01628;05531725000120;SOMA/SC PRODUTO
For01629;05782733000300;CIAMED - DISTRI
For01630;25725813000170;EQUIPAR MEDICO
For01631;27117540000106;DISTRIBUIDORA H
For01632;00339246000192;LONDRICIR COMER
For01633;21504525000134;DENTAL PRIME -
For01634;65823148000171;COMERCIAL RIBEI
For01635;21596355000165;DENTAX COMERCIO
For01636;94389400000184;MCW PRODUTOS ME
For01637;00453515000147;FARMACIA GINAP
For01638;36325157000215;COSTA CAMARGO C
For01639;01417694000472;DISTRIMIX DISTR
For01640;56785256000106;BASTOS & CIA LT
For01641;36325157000134;COSTA CARMAGO C
For01642;31913075000197;MOLIMED HOSPITA
For01643;35959514000153;TOLESUL DISTRIB
For01644;05652247000106;LUMIAR HEALTH B
For01645;71505564000124;EMIGE MATERIAIS
For01646;23829339000109;M.TESTA CONFECC
For01647;04027894000164;DUPATRI HOSPITA
For01648;06294126000100;RS - PRODUTOS H
For01649;13287059000154;JAMARI COMERCIO
For01650;22654814000182;RAPHAEL GONCALV
For01651;34380863000153;SOU MAIS SAUDE
For01652;10656587000145;CIRURGICA MS LT
For01653;82225947000165;A. G. KIENEN E
For01654;22771751000144;V&V COMERCIO DE
For01655;26419311000183;LUMANN DISTRIBU
For01656;04889315000192;S & R DISTRIBUI
For01657;08676370000155;DISTRIBUIDORA D
For01658;35042079000106;RF LEITE DISTRI
For01659;04307650001298;ONCO PROD DISTR
For01660;70220801000148;DROGAMEDICA HEL
For01661;31905076000190;RG2S DISTRIBUID
For01662;94516671000153;CIRURGICA SANTA
For01663;10807173000170;MEDPOA COMERCIO
For01664;04949905000163;F CARDOSO E CIA
For01665;01571702000198;HALEX ISTAR IND
For01666;12395255000180;ODONTOMEDICA CO
For01667;06106005000180;STOCK MED PRODU
For01668;04162170000123;ESTRATTI VEGETA
For01669;25279552000101;DISTRIBUIDORA D
For01670;84551191000170;SILVA & SILVA P
For01671;59844662000190;LOKTAL MEDICAL
For01672;05675713000179;SUPERFIO COMERC
For01673;05400006000170;FABMED DISTRIBU
For01674;21949562000156;YVMED PRODUTOS
For01675;27325768000191;PREMIUM HOSPITA
For01676;31030858000122;MEDIC LIFE DIST
For01677;18224182000140;HOSPMED COMERCI
For01678;20273404000166;BIODIAG DIAGNOS
For01679;16553940000148;MEDMAX COMERCIO
For01680;06886136000127;MEDCOM COMERCIO
For01681;11145401000156;L A DALLA PORTA
For01682;35626812000121;ATLANTICO BC PR
For01683;30754325000120;MEDSI DISTRIBUI
For01684;20227117000110;SP ODONTO DISTR
For01685;32624131000136;COMERCIAL PROMO
For01686;12238948000169;DROGARIA JP DEN
For01687;31863595000132;VESTSEG - SOLUC
For01688;24562614000125;VIVA CARE MATER
For01689;31997707000148;CUIDA PRODUTOS
For01690;26556283000146;PRIMED COMERCIO
For01691;03894963000174;SAO MARCOS DIST
For01692;35186943000135;SINERGIA FARMAC
For01693;07094705000164;HOSPSHOP PRODUT
For01694;82873068000735;GENESIO A MENDE
For01695;29010039000171;MONACO DISTRIBU
For01696;03595984000199;JR LACERDA MATE
For01697;26921908000121;HOSPFAR IND. CO
For01698;01107391001263;SUPPORT PRODUTO
For01699;04063331000121;CIRURGICA UNIAO
For01700;61519971000137;HEMELRIJK COMER
For01701;35041852000101;BIONUTRI COMERC
For01702;09073397000116;ECOGLOBAL COMER
For01703;56994502002779;NOVARTIS BIOCIE
For01704;27455068000111;ESFIGMED COMERC
For01705;26332803000137;AUMED HOSPITALA
For01706;24218223000198;NORTE GREEN COM
For01707;14905502000176;EXCLUSIVA DISTR
For01708;05003408000130;CRISTALFARMA CO
For01709;83929976000170;R C ZAGALLO MAR
For01710;08588015000124;JARDIM MEDICA L
For01711;04389760000193;PRADO PHARMA LT
For01712;07847837000110;CIENTIFICA MEDI
For01713;07316691000186;FORMULAS MAGIST
For01714;08978089000177;W M COMERCIO &
For01715;05443348000177;CENTERMEDICA PR
For01716;23706033000157;MEDICAL CENTER
For01717;01009452000105;D C S VASCONCEL
For01718;26129177000186;AS3 HOSPITALAR
For01719;00895119000170;SANFARMA COMERC
For01720;68949239000570;UNITED MEDICAL
For01721;35250918000173;L FERREIRA DA C
For01722;16647278000195;PARAMED DISTRIB
For01723;00192190000196;OFTALMOPHARMA I
For01724;27252621000119;KL COMERCIO E S
For01725;06271093008745;DMTOP COMERCIO
For01726;43940618000144;ELI LILLY DO BR
For01727;34443180000106;FLAVIO QUEIROZ
For01728;00874929000140;MED CENTER COME
For01729;08958628000106;ONCOEXO DISTRIB
For01730;22862531000126;TOP NORTE COMER
For01731;34915637000120;E DE A CAVALCAN
For01732;10586940000168;ONCOVIT DISTRIB
For01733;44363661000580;GLENMARK FARMAC
For01734;12014370000167;ABC DISTRIBUIDO
For01735;02520829000302;DIMASTER - COME
For01736;26847096000111;CIRURGICA ITAMB
For01737;65762692000231;LIGIA MARIA MAG
For01738;03924435000110;DIMENSAO COMERC
For01739;15772566000109;L.D. FARMACEUTI
For01740;28093678000185;F&F DISTRIBUIDO
For01741;44734671000402;CRISTALIA PRODU
For01742;21484336000147;MMH MED COMERCI
For01743;05746444000194;CIRURGICA PARAN
For01744;52202744000192;NACIONAL COMERC
For01745;10854165000184;F & F DISTRIBUI
For01746;37396017000110;MEDCOMERCE COME
For01747;37348946000153;OG MED EQUIPAME
For01748;28924885000134;QUEST INTERNATI
For01749;32743242000161;CAVALLI COMERCI
For01750;72150550000106;POSSATTO & MARC
For01751;04470877000105;MEDIGRAM DISTRI
For01752;59403410000126;INTERJET COMERC
For01753;03578434000161;CALUX COMERCIAL
For01754;26984213000199;R.A. MARTINS -
For01755;29178366000137;VITAL PRODUTOS
For01756;10279430000148;ROSILENE VIEIRA
For01757;04254647000109;LUCIANO JOSE DE
For01758;63478895000194;JOSE NERGINO SO
For01759;14420817000123;FACIL MED DISTR
For01760;14595725000184;NOVASUL COMERCI
For01761;32364822000148;TERRA SUL COMER
For01762;26965609000199;CECHETTI & CADI
For01763;04847959000118;REALMED HOSPITA
For01764;38140640000170;A2 DISTRIBUIDOR
For01765;12305387000173;RDF - DISTRIBUI
For01766;04323299000176;PANERARI FARMA
For01767;20278166000181;WASHINGTON LUIS
For01768;25034906000158;FLYMED COMERCIO
For01769;49475833001765;BIOLAB SANUS FA
For01770;02475985000137;COVAN - COMERCI
For01771;18451530000111;FRANCISCO DAS C
For01772;33221055000180;RAMOS & PESSOA
For01773;26581761000178;HIGIBEST COMERC
For01774;10903996000107;N. A. DO NASCIM
For01775;27479311000131;OXIGENIO MODELO
For01776;24484451000100;RIO FARMA DISTR
For01777;29032903000136;PLENA MEDICA HO
For01778;04959327000146;PRODUTOS FARMAC
For01779;06974929000106;NOROESTE MEDICA
For01780;32635445000134;VALE COMERCIO D
For01781;34686134000120;SNOP CORRELATOS
For01782;27817504000155;SP HOSPITALAR L
For01783;09192829000108;ATONS DO BRASIL
For01784;08077211000134;T S COMERCIAL D
For01785;23864942000113;UNIQUE DISTRIBU
For01786;01470743000198;BLUMEDICA PRODU
For01787;02977362000162;A COSTA COMERCI
For01788;26364969000135;HOSPITALARES -
For01789;17159229000176;LABORATORIO TEU
For01790;10269296000102;SEMEAR DISTRIBU
For01791;45774742000102;CASSOLE AGUIAR
For01792;35997345000146;HOSPIDROGAS COM
For01793;48647564000147;DROGARIA NOSSA
For01794;45774320000137;FARMACIA CENTRA
For01795;31434320000183;RAVIMED DISTRIB
For01796;13229567000186;VENEZA - DISTRI
For01797;02121800000196;ICOFA INDUSTRIA
For01798;02946060000127;PROLINE INDUSTR
For01799;42799163000126;BH FARMA COMÉRC
For01800;12082502000198;PRIME MATERIAL
For01801;28643008000195;SANTO REMEDIO -
For01802;07377489000164;FOX BRASIL COME
For01803;33673687000185;J J SOUZA COMER
For01804;21189554000159;TS FARMA DISTRI
For01805;54375647012648;DROGAL FARMACEU
For01806;06098484000130;CELESTE DISTRIB
For01807;59309302000199;INJEX INDUSTRIA
For01808;25321906000139;BROILO DISTRIBU
For01809;10869890000126;AR FIORENZANO D
For01810;04355394000313;PROHOSP DISTRIB
For01811;30641249000147;FABIO LUIZ BORG
For01812;10228442000143;HOSAKI & HOSAKI
For01813;45987013000134;ORGANON FARMACE
For01814;12882932000194;EXOMED REPRESEN
For01815;00809672000142;FARMALIBRA COME
For01816;04380569000180;J R G DISTRIBUI
For01817;51780468000187;JANSSEN-CILAG F
For01818;31474414000186;BUTERI COMERCIO
For01819;03307478000157;MAX FILMES COME
For01820;24331585000190;MULTICARE PHARM
For01821;04307650002502;ONCO PROD DISTR
For01822;07118264000193;QUALITY MEDICAL
For01823;49351786000180;BAXTER HOSPITAL
For01824;59556621000107;MARK MED INDUST
For01825;82277955000155;NOVO NORDISK FA
For01826;23121810000100;G A - MEDICAL L
For01827;27187758000137;BML HOSPITALAR
For01828;74400052000191;COMERCIAL 3 ALB
For01829;08049349000120;ONICIO EUSTAQUI
For01830;09412526000153;ALESSANDRO REZE
For01831;27463638000115;DANIEL DA SILVA
For01832;19312691000197;MP COMERCIO E S
For01833;00795813000115;ALEANDRO GONCAL
For01834;06029006000178;MDA INDUSTRIA E
For01835;29740150000113;TECH MED DISTRI
For01836;21257684000181;KENAN MEDICAMEN
For01837;30249069000114;BRASIL DISTRIBU
For01838;18964366000146;RONDOLAB COMERC
For01839;75014167000100;NUNESFARMA DIST
For01840;10462477000142;ASSUM PRETO PRO
For01841;10541396000138;CYN FARMA DISTR
For01842;21008058000151;FERNANDO UNIFOR
For01843;03434334000161;MEDIMPORT COMER
For01844;07569029000138;CHOLMED COMERCI
For01845;22139078000124;BULA BRASIL DIS
For01846;33009945000123;PRODUTOS ROCHE
For01847;29565364000109;C G FARMA DISTR
For01848;08516958000141;DISTRIMED COMER
For01849;12891104000112;VIANA FARMA COM
For01850;17773825000141;FRANCISCO FELIX
For01851;05993698000107;1000MEDIC DISTR
For01852;18252904000170;HEALTH CARE & D
For01853;49475833001684;BIOLAB SANUS FA
For01854;26240632000116;DENTAL HIGIX PR
For01855;31317338000103;PAC SAUDE DISTR
For01856;73856593001138;PRATI, DONADUZZ
For01857;10850316000126;MONTPELLIER MON
For01858;32654902000138;PLENA DISTRIBUI
For01859;33598456000154;JMS DISTRIBUIDO
For01860;05893097000122;CENUT - CENTRO
For01861;11229270000195;MEDFARMA COMERC
For01862;03492927000184;FARMACIA NOSSA
For01863;23182890000103;DROGARIA SAO LU
For01864;24399184000172;CIRURGICA PLENA
For01865;20182918000106;APG COMERCIAL E
For01866;34638788000188;ANTONIO CARLOS
For01867;18255796000199;M. MAGALHAES -
For01868;88212113029183;COMERCIO DE MED
For01869;82291311000111;AMARILDO BASEGG
For01870;81887838000736;PROFARMA SPECIA
For01871;07897039000100;DENTEMED EQUIPA
For01872;48791685000168;C.B.S. MEDICO C
For01873;08822673000139;COMERCIAL 3V -
For01874;30881804000108;MAGNUS MED COME
For01875;31368706000134;DROGAMIX DISTRI
For01876;29101445000140;JORGE EDUARDO R
For01877;30034749000110;MARCELA CAROLIN
For01878;08036508000151;CARIOCA COMERCI
For01879;07700245000170;CIRURGICA VITOR
For01880;09676256000198;MEDICAMENTOS DE
For01881;73856593001057;PRATI, DONADUZZ
For01882;20138626000176;PHARMED COMERCI
For01883;34252381000118;MEDCAM DISTRIBU
For01884;11697594000310;AGILLE COMERCIO
For01885;21438123000189;BR SUL DISTRIBU
For01886;35301424000170;AOL MEDICAL COM
For01887;37844754000138;W. ARAUJO DISTR
For01888;16847018000163;THN NUTRICAO E
For01889;30766874000115;CIRURGICA PARAN
For01890;00088317000121;VICTÓRIA COMÉRC
For01891;06132785000132;MEDVIDA DISTRIB
For01892;27600270000190;LOGER DISTRIBUI
For01893;33315644000128;M & D COMERCIAL
For01894;24868172000140;CASTROMED MEDIC
For01895;69950913000175;MED FARMACE DIS
For01896;07799595000136;CLEBER MICHAEL
For01897;07396733000136;MARINGA HOSPITA
For01898;32421421000182;MULTIHOSP COMER
For01899;23866426000128;HOSPBOX DISTRIB
For01900;00064780000133;HS MED COMERCIO
For01901;11442327000130;RENATA VON STEI
For01902;14504853000175;PASSOS COMERCIA
For01903;34680592000151;BRASIL DEVICES
For01904;30888187000172;S. V. BRAGA IMP
For01905;25325301000116;PAPIROS - MOVEI
For01906;27806274000129;PROMEDI DISTRIB
For01907;33398831000112;FENIX COMERCIO
For01908;30597921000144;IS 8 INTERNATIO
For01909;37000324000130;LICITA RIO COME
For01910;85477586000132;ECO - FARMAS -
For01911;25631623000193;DENTAL GONTIJO
For01912;18031325000105;I. S. COSTA CEN
For01913;37182085000186;EMERSON NUNES D
For01914;08836350000102;AWR DISTRIBUIDO
For01915;29426310000154;CIRURGICA ITAMA
For01916;26083328000102;ALP PHARMA PROD
For01917;24118004000137;ANGULAR PRODUTO
For01918;02706629000187;BRIOJARAGUA COM
For01919;01648513000176;PKB PRODUTOS QU
For01920;88212113022928;COMERCIO DE MED
For01921;07370983000105;J.R. COMERCIO D
For01922;29196670000107;RHODES DISTRIBU
For01923;29829415000154;LIGTH DISTRIBUI
For01924;03062090000133;MED - CARE COME
For01925;36770905000198;ANTIBIOTIKA PRO
For01926;02823683000102;CAPRICORN TECHN
For01927;08924875000191;BIOVALIC COMERC
For01928;27066602000106;TS MEDICAL COME
For01929;33264996000100;ARBA DISTRIBUID
For01930;12376395000100;NUTRI ARTHI COM
For01931;29494115000161;MEDICAM DISTRIB
For01932;56998701003301;ABBOTT LABORATO
For01933;13240906000125;AFH EQUIPAMENTO
For01934;11670466000110;DROGARIA POPULA
For01935;04654861000144;INDALABOR INDAI
For01936;07947536000168;ODONTOMED CANAA
For01937;26756192000154;CIRURGICA SOUZA
For01938;01324654000133;IMPORT HOSPITAL
For01939;04802930000110;ALBONETTE & CAM
For01940;05375249000103;DENTAL ALTA MOG
For01941;23700376000104;CACOAL GASES CO
For01942;05412147000102;DENTAL OESTE EI
For01943;58513433000120;RAFAEL STOLLBER
For01944;94516671000234;CIRURGICA SANTA
For01945;30936479000133;DORA MEDICAMENT
For01946;06968107000104;R.A.P.-APARECID
For01947;04851958000147;R.P.4 DISTRIBUI
For01948;03596923000146;MEDIMAC COMERCI
For01949;74127473000190;DIMERIOS COMERC
For01950;94069580000117;MICMMED LTDA.
For01951;01733345000117;NOELI VIEIRA DI
For01952;83157032000122;METROMED COM DE
For01953;06081203000136;HOSP - LOG COME
For01954;01417694000120;DISTRIMIX DISTR
For01955;05740310000166;FARMACIA PEREIR
For01956;49351786001071;BAXTER HOSPITAL
For01957;04889013000114;DISTRILAF DISTR
For01958;24652465000195;ALIVIO DISTRIBU
For01959;19872584000113;JUNIOR ZANQUI D
For01960;27457005000102;BIOTECNOPLUS AS
For01961;05343029000270;MEDLEVENSOHN CO
For01962;13993669000173;EMBALATUDO INDU
For01963;10733878000190;FLEX INDUSTRIA
For01964;20202872000140;PROVIP DISTRIBU
For01965;22846832000166;ALTS COMERCIO D
For01966;31419958000145;MERCADAO DAS MA
For01967;10542511000199;ONCOTECH COMERC
For01968;06086578000199;M. G. GIACOMETT
For01969;02537890000109;COFARMINAS COME
For01970;35250434000124;GONZALEZ E TELL
For01971;36452002000169;MASSAR PROTECAO
For01972;43741123000358;J H NOGAROTO &
For01973;56998982003122;BRISTOL-MYERS S
For01974;32998325000100;F. G. I. COMERC
For01975;07936621000120;DROGA MAIS FARM
For01976;06114172000172;MAX MED - PRODU
For01977;67729178000572;COMERCIAL CIRUR
For01978;09580548001285;SEROMA FARMACIA
For01979;06194440000103;ODONTOMEDI - PR
For01980;78688660000102;COMERCIAL DENTA
For01981;31321329000188;CHM COMERCIO DE
For01982;05216859000156;BIOBASE INDUSTR
For01983;27105456000172;MEDICENTRO COME
For01984;24384602000158;MZZ - COMERCIO
For01985;18872656000160;INOVA COMERCIAL
For01986;15182741000108;BCR COMERCIO DE
For01987;10461277000175;COMODORO COMERC
For01988;03602727000137;D L HOSPITALAR
For01989;21581445000182;ALTAMED DISTRIB
For01990;63822597000170;PONTES HOSPITAL
For01991;30571825000127;PDL NETO COMERC
For01992;23493764000161;P G LIMA COM EI
For01993;58430828000160;BLAUSIEGEL INDÚ
For01994;04307650000135;ONCO PROD DISTR
For01995;17767331000235;LEX MED EIRELI
For01996;00411441000186;MK PRODUTOS MED
For01997;13085369000196;CAPROMED FARMAC
For01998;06230386000104;SOROMED MARILIA
For01999;75216218000187;GOMES MOREIRA &
For02000;59225268000174;SOQUÍMICA LABOR
For02001;19221783000161;C. H. MORETO &
For02002;23510282000172;BENEDITO NETO D
For02003;04385090000137;MAURO ROBERTO R
For02004;09182725000112;ATIVA MEDICO CI
For02005;20637873000117;MEDIC VET LTDA
For02006;26918586000161;DROGARIA DUARTE
For02007;26395502000152;DENTAL UNIVERSO
For02008;21340481000154;CDR BRASIL COME
For02009;06271093009474;DMTOP COMERCIO
For02010;31396050000163;DM LOGISTICA HO
For02011;20371330000109;MUNDI EQUIPAMEN
For02012;06059923000103;CELIA DA CUNHA
For02013;26760171000102;DRM - DISTRIBUI
For02014;10396394000100;DIAGNOLAB LABOR
For02015;01294500000146;CENTERMED CIRUR
For02016;25211499000107;MEDCOM COMERCIO
For02017;33441895000159;G. A. R. DE OLI
For02018;25211499000379;MEDCOM COMERCIO
For02019;33808504000191;NEOBEL DISTRIBU
For02020;17756574000197;MANZATOS FARMA
For02021;03521785000136;MEDMASTER COMER
For02022;34758599000149;MEDICAL DA AMAZ
For02023;64765548000105;TECNOCLIN ELETR
For02024;26457348000104;C.A. HOSPITALAR
For02025;11619992000156;PRIOM TECNOLOGI
For02026;10985550000160;I C L L MENDES
For02027;08674752000140;CIRURGICA MONTE
For02028;60665981000118;UNIÃO QUÍMICA F
For02029;08117794000180;COMERCIAL DE EQ
For02030;15714275000164;C O M COMERCIO
For02031;28546470000174;SOUZA MED COMER
For02032;24595488000105;MS SAUDE DISTRI
For02033;14775446000100;VITORIA DISTRIB
For02034;26527362000129;ESFERA MASTER C
For02035;19308719000112;S & B DISTRIBUI
For02036;16752682000129;LEMOS - DISTRIB
For02037;06889652000105;AURION EQUIPAME
For02038;08380296000125;VISAMED COMERCI
For02039;24067457000181;FORCE MEDICAL D
For02040;31085156000146;MACMED SOLUCOES
For02041;30450392000151;KAIROS HOSPITAL
For02042;35369804000147;OMEGA DISTRIBUI
For02043;11034934000160;NDS DISTRIBUIDO
For02044;11144448000103;CONTROLL PHARMA
For02045;33688692000161;DISMART DISTRIB
For02046;29907666000100;RANGEL HOSPITAL
For02047;05372902000172;BOMBONATO & LIB
For02048;30713471000108;FARMACIA MOURA
For02049;07640617000110;DISTRIBUIDORA B
For02050;43640754000119;FUNDACAO PARA O
For02051;22870240000180;LOBIANCO & LIMA
For02052;07654936000185;L A DOS SANTOS
For02053;21227039000116;LIFE CENTER COM
For02054;04027894000326;DUPATRI HOSPITA
For02055;31504150000166;POSITIVA COMERC
For02056;69299360000132;DROGARIA BARAO
For02057;45858701000102;DROGARIA SAO QU
For02058;13994852000193;HIPERDENTAL COM
For02059;11262969000157;SUPRAMIL COMERC
For02060;09478023000180;ODONTOMED COMER
For02061;05106015000152;CALL MED COMERC
For02062;09210219000190;PAULO JOSE MAIA
For02063;06282624000125;MEDCEDRAL COMER
For02064;17263792000190;REALMED DISTRIB
For02065;07563176000109;WEBERTH B. SOUS
For02066;03760925000129;FORMULLAR SANTA
For02067;37462691000155;NEW MEDIC - COM
For02068;27855189000150;M. A. GIACOMETT
For02069;08476077000144;SW COMÉRCIO DE
For02070;04932432000191;ELMED DISTRIBUI
For02071;11318264000104;WEL DISTRIBUIDO
For02072;30547487000198;DISTRIBUIDORA D
For02073;32116161000131;KADFAR MEDICAME
For02074;15068089000103;KFMED DISTRIBUI
For02075;23121920000163;MARYMED DISTRIB
For02076;05351445000130;REGIONAL BELEM
For02077;22283196000101;BH LABORATORIOS
For02078;03919932000120;MUNIZ & ROCHA L
For02079;31912939000156;ATHOS RIO PRODU
For02080;31342367000117;RM DISTRIBUIDOR
For02081;24325781000152;MD FARMA DISTRI
For02082;33586468000169;JNS COMERCIO E
For02083;24079703000115;J F FARMA DISTR
For02084;32350180000128;NOVA LINEA COME
For02085;10438280000178;KASA MED DISTRI
For02086;30949099000133;VFB BRASIL LTDA
For02087;32441650000169;C.H.L. PRODUTOS
For02088;07309478000147;GETFARMA DISTRI
For02089;39499710000143;MEDICON RIO FAR
For02090;00085822000112;ESPECIFARMA COM
For02091;08618163000144;CIRURGICA KLG E
For02092;34620735000130;GHOLDMED DISTRI
For02093;34180445000112;DISMATH DISTRIB
For02094;05439635000103;ANTIBIOTICOS DO
For02095;33348467000186;SHALON-FIOS CIR
For02096;37297457000110;M N ANDRADE FIL
For02097;19430036000133;PERFIL HOSPITAL
For02098;27130979000179;OPEN FARMA COME
For02099;35457889000115;R. BELMIRO LTDA
For02100;13442393000135;G F DOS SANTOS
For02101;07626776000160;CIRURGICA SAO F
For02102;00358519000146;RCC - DISTRIBUI
For02103;03696880000170;CIRURGICA MOSQU
For02104;38259748000186;MIAMIMED PRODUT
For02105;02582267000160;NAYR INDUSTRIA,
For02106;03952368000148;HOSPLIFE COMERC
For02107;01328535000159;CLASSMED - PROD
For02108;02317318000126;CRIARTFARMA FAR
For02109;14112327000160;BIOFAC INDUSTRI
For02110;27376632000100;EXATA DISTRIBUI
For02111;04124669000146;TECNO4 PRODUTOS
For02112;12057503000182;HOSPVIDA LTDA -
For02113;22031355000180;CASA DA BORRACH
For02114;21515353000102;BASCEL SOLUCOES
For02115;16705291000153;PHITO FORMULAS
For02116;31301174000118;WESLEY DIONE GR
For02117;11042902000107;INSMART COMERCI
For02118;24905567000175;AXIS TECNOLOGIA
For02119;16622225000110;PAMP & VAMD-COM
For02120;25386146000148;LOTUS MEDICAL L
For02121;19316524000114;DELTA SHOP - DI
For02122;12185204000123;VITANET COMERCI
For02123;08160290000142;FARMAGUEDES COM
For02124;10566711000181;DIFE DISTRIBUID
For02125;35588102000154;GIPAGEL AUTO PE
For02126;01772798000233;MEDTRONIC COMER
For02127;60831658002110;BOEHRINGER INGE
For02128;06065614000138;SUPERMEDICA DIS
For02129;82873068000140;GENESIO A MENDE
For02130;07238104000188;W. A. COMERCIO
For02131;31374700000170;SOIN VIE FARMAC
For02132;15329061000174;DANIELA CRISTIN
For02133;03359898000268;REDE BRASIL EMP
For02134;29043834000166;3MED DISTRIBUID
For02135;25066271000170;ALGSUN INDUSTRI
For02136;45992062000165;GERMED FARMACÊU
For02137;04230084000100;DISTRIBUIDORA D
For02138;09485574000171;PROHOSPITAL COM
For02139;07768887000101;MDF DISTRIBUIDO
For02140;21595464000168;UNI HOSPITALAR
For02141;14192434000145;CALANDRIM & CAL
For02142;15218561000139;NNMED - DISTRIB
For02143;31187918000115;ALLFAMED COMERC
For02144;05505863000134;MELO HOSPITALAR
For02145;10193608000214;MEDPLUS COMERCI
For02146;30572915000132;BCPHARMA COMERC
For02147;28289799000105;SOS DISTRIBUIDO
For02148;00995371000150;STOCK COMERCIAL
For02149;05155425000193;CASULA & VASCON
For02150;03426484000123;SALDANHA RODRIG
For02151;21399312000190;JB COMERCIAL DE
For02152;05912018000183;MERCO SOLUCOES
For02153;03411908000186;GREEN FARMACEUT
For02154;07269677000179;RINALDI & COGO
For02155;24826631000122;FARMA 2 PRODUTO
For02156;61282661000141;LABORATORIO QUI
For02157;39448478000114;DISTRIBUIDORA D
For02158;37364487000100;SANPE DROGARIA
For02159;07254608000191;ROGERIO ZERBINA
For02160;95433397000111;COMÉRCIO DE MAT
For02161;26476191000156;HIROMED PRODUTO
For02162;66000787000108;WAMA PRODUTOS P
For02163;37730050000134;MEDCOM SAUDE DE
For02164;00203590000150;SIDD COMERCIAL
For02165;18836913000108;CIRURTECH COMER
For02166;26043097000103;FATO IMPORTADOR
For02167;24864422000173;C. E. CARVALHO
For02168;06276904000120;AD INSTRUMENTOS
For02169;22889282000162;ALMED ALDENIO D
For02170;03040543000554;BRUNO M. FAVERO
For02171;84683481012264;CIA LATINO AMER
For02172;26898124000120;FARMANORTE COME
For02173;30461442000104;PRECISION COMER
For02174;02564852000137;LOBIANCO COMERC
For02175;03580760000103;PH COMERCIO E I
For02176;09204127000105;POLLO HOSPITALA
For02177;12694747000176;NUTRICLIN SAUDE
For02178;31133295000106;FACIOLI & FACIO
For02179;08435077000104;DUTRAMED DISTRI
For02180;11495858000190;ALG BRASIL COME
For02181;03505263000140;PRODUVALE PRODU
For02182;05905525000190;BIOSUL PRODUTOS
For02183;29186223000177;FIELDS-MED COME
For02184;11872656000200;HDL LOGISTICA H
For02185;11872656000110;HDL LOGISTICA H
For02186;31345856000122;PRIME COMERCIO
For02187;32708161000120;PROLINE MATERIA
For02188;51336832000114;DROGARIA AMARAL
For02189;19756096000140;PROMERCANTIL LT
For02190;10729492000104;QUIMICENTER PRO
For02191;87651345000193;G GOTUZZO E CIA
For02192;27602029000108;JLM DISTRIBUIDO
For02193;00072182000106;ROSSI PRODUTOS
For02194;05028965000106;ALPHAMEDI COMER
For02195;05118766000199;FISIOMEDICA PRO
For02196;35785276000107;LUCIANO SERGIO
For02197;17927869000189;JAMED COMERCIO
For02198;10641724000178;C. PARRA VIEIRA
For02199;19859630000144;LR DISTRIBUIDOR
For02200;05059454000585;HAMAMELIS FARMA
For02201;05333542000108;TEVA FARMACEUTI
For02202;33013528000154;S N C DISTRIBUI
For02203;62969589001593;CSL BEHRING COM
For02204;02668300000179;BIOSAUDE PRODUT
For02205;15345613000138;HOTTSILVA DISTR
For02206;00028682000140;PROMEDON DO BRA
For02207;54565478000198;SISPACK MEDICAL
For02208;10633441000184;FUSAO COMERCIO
For02209;68095702000130;ABEMED PRODUTOS
For02210;04793429000134;FERRARIMED DIST
For02211;42946717000170;ULTRA MED DISTR
For02212;03946428000110;DISTRIBUIDORA D
For02213;00231468000197;CMH COMERCIAL M
For02214;40787152000109;CIRUFARMA COMER
For02215;48020630000154;PAULO ANTONIO F
For02216;14842681000140;MSR EXPRESS MED
For02217;29700587000123;PRIORITTA PRODU
For02218;05487170000166;PB FARMA DISTRI
For02219;18161599000100;UBIMED DISTRIBU
For02220;03233805000173;MOCA COMERCIO D
For02221;35979061000127;MEDIC LAR COMER
For02222;61190096000869;EUROFARMA LABOR
For02223;17159229000257;LABORATÓRIO TEU
For02224;11776334000178;DENTAL SHOW - C
For02225;30859081000140;EIDIANE ALVES S
For02226;10495738000120;GOIAS COMERCIO
For02227;12951863000123;FAMED FARMACOLO
For02228;33561946000186;LOBOFARMA COMER
For02229;14595915000100;FENIXMED COMERC
For02230;10460674000122;MAX-MEDICAL COM
For02231;29515361000152;NORTE NUTRI PRO
For02232;08183359000153;PRODIET NUTRICA
For02233;03612312000497;NUTRIPORT COMER
For02234;03889336000145;PRO-VIDA COMERC
For02235;07752236000476;MEDILAR IMPORTA
For02236;24175423000100;EXCLUSIVA DISTR
For02237;12047164000153;GLOBAL HOSPITAL
For02238;01571702000511;HALEX ISTAR IND
For02239;13193395000138;AB IMPORT IMPOR
For02240;07262515000109;L. P. STRANIERI
For02241;11311773000105;OKEY MED - DIST
For02242;22554493000144;ABM HOSPITALAR
For02243;03624188000137;EDIVALDO BATIST
For02244;08849206000100;DENTAL OPEN - C
For02245;21297758000103;PRO-SAUDE DISTR
For02246;17290835000126;M & R COMERCIO
For02247;18917657000183;MEDH DISTRIBUID
For02248;32380176000102;T.F. ALEXANDRE
For02249;36629597000185;SAFRAMED HOSPIT
For02250;21368399000138;ALIANCA HOSPITA
For02251;36758579000101;HIGIAL INDUSTRI
For02252;36441185000117;OK BIOTECH COME
For02253;03460198000184;DISTRIBUIDORA V
For02254;16682179000144;DISMENE DISTRIB
For02255;70104344000126;ENDOMED COM E R
For02256;04439126000118;BRASIL MED DIST
For02257;06105362000123;ACCUMED PRODUTO
For02258;38084429000187;A C COMERCIO AT
For02259;32859779000191;FARMACIA JR SOU
For02260;36181473000180;BIDDEN COMERCIA
For02261;04790439000116;BELLE PHARMA FA
For02262;03606635000125;FLEX HOSPITALAR
For02263;27789446000101;AGUIA DISTRIBUI
For02264;29107879000157;EC VARGAS COMER
For02265;76472349000198;DIMEBRAS - DIST
For02266;07763606000128;SINERGIA COMERC
For02267;15800545000311;ABBVIE FARMACEU
For02268;07295038000188;MAX MEDICAL COM
For02269;03634617000157;AZULPHARMA DIST
For02270;26156923000120;EXPRESS DISTRIB
For02271;20226846000151;ALLMED DISTRIBU
For02272;26921908000202;HOSPFAR IND. E
For02273;53813267000164;CACHUCHO & CACH
For02274;04485540000163;J. C. MASCARENH
For02275;38265219000195;DROGARIA FTB CE
For02276;21830581000169;DISTRIMED COMER
For02277;08087373000153;VGMED COMERCIO
For02278;04216957000120;DISK MED PADUA
For02279;05382899000178;DISTRIBUIDORA S
For02280;27764200000177;C. B. DISTRIBUI
For02281;09523533000122;DENTAL NITEROI
For02282;12419620000149;VIER PHARMA DIS
For02283;05581873000159;BEATI COMERCIO
For02284;46365045000160;CONFECCOES CAPR
For02285;04506487000130;HELIANTO FARMAC
For02286;04901171000142;CASSIFLEX LTDA
For02287;21783698000139;VISAO DISTRIBUI
For02288;30535468000141;FIVE MED DISTRI
For02289;12499494000260;HOSPINOVA DISTR
For02290;26145871000197;OPEN MEDICAL CO
For02291;15631841000336;CLAUBER HUMBERT
For02292;07997417000110;ANA FLAVIA DE L
For02293;03779851000172;DISTRIBUIDORA D
For02294;35753111000153;NORD PRODUTOS E
For02295;04724729000161;MAXLAB PRODUTOS
For02296;09686716000169;PROCELA PARTICI
For02297;10675016000158;K MEDICA PRODUT
For02298;26697721000196;LUCINEIDE DE SO
For02299;28766510000193;DESAFIO FARMA D
For02300;09441460000120;PADRAO DIST PRO
For02301;22684331000120;CARMO DISTRIBUI
For02302;30322475000165;DOCTORMED COMER
For02303;56994502002698;NOVARTIS BIOCIE
For02304;58430828000593;BLAU FARMACEUTI
For02305;19631038000190;SIONE DURANTE B
For02306;05944604000100;EDWARDS LIFESCI
For02307;10485530000120;J.A.ARAÚJO DO V
For02308;01057428000214;DESCARPACK DESC
For02309;28145496000100;INJEMED DISTRIB
For02310;24994990000199;FOXMED MEDICAME
For02311;01578276000114;ASLI COMERCIAL
For02312;18273113000126;PIANNA & BERNAB
For02313;02365705000138;TECNYMAGEM SUPR
For02314;11059063000130;DIAMOND ACESSOR
For02315;21324430000139;CERQUEIRA COMER
For02316;10569258000167;ESPACO SAUDE CO
For02317;37206499000106;QUALITY COMERCI
For02318;13056315000100;CENTRAX COMERCI
For02319;47063094000101;CIRULABOR PRODU
For02320;37374797000105;PONTOMEDI DISTR
For02321;05971158000122;INDUSTRIA E COM
For02322;04890798000145;ORTOM INDUSTRIA
For02323;22627453000185;A C L ASSISTÊNC
For02324;11454585000136;OXIGENESIS COME
For02325;08819017000187;ALESSANDRA ROBE
For02326;05586495000104;5 ELEMENTOS COM
For02327;00787540000167;VERBENNA FARMAC
For02328;02193224000192;MEDICAL CENTER
For02329;19611064000157;PIZANI EQUIPAME
For02330;60619202003597;MESSER GASES LT
For02331;04817909000198;D GONCALVES INS
For02332;03748673000112;ELLO DISTRIBUID
For02333;04356109000117;J A OLIVEIRA CO
For02334;04707391000130;J E S FONSECA C
For02335;11187037000197;DISTRIBUIDORA O
For02336;30737387000124;ONCOSUL DISTRIB
For02337;56998701001279;ABBOTT LABORATÓ
For02338;09560267000108;BETANIAMED COME
For02339;11088993000111;TATA COMERCIO D
For02340;30036611000150;ECOFARMA COMERC
For02341;20699933000126;THALMEC - MED C
For02342;15864150000110;FARMACIA E DROG
For02343;21047693000148;CIRURGICA CRAVI
For02344;61072393003906;WYETH INDUSTRIA
For02345;38827087000148;MODERNA HOSPITA
For02346;17227485000153;L G PRODUTOS HO
For02347;13693751000182;ALCIR JOSE GARC
For02348;16826043000241;DENTALMED COMER
For02349;18712730000180;MAYCON WILL EIR
For02350;05247406000197;TORRE FORTE ATA
For02351;28199997000170;MOGI MEDICAL EQ
For02352;18274923000105;MASTERSUL EQUIP
For02353;10588595000363;SANOFI MEDLEY F
For02354;33009945002924;PRODUTOS ROCHE
For02355;43575877000466;DROGARIA NOVA E
For02356;23643895000188;SUPERARMED EQUI
For02357;37218409000199;DICOME SOLUCOES
For02358;15434359000144;UNICARE COMERCI
For02359;33551382000109;AMC SAUDE COMER
For02360;30518878000184;MEDIC & NUTRE C
For02361;03612312000144;NUTRIPORT COMER
For02362;78589504000186;INDREL INDUSTRI
For02363;40175705000164;C.E.I .- COM. E
For02364;04508780000136;A. M. B. FARMAC
For02365;11308834000185;VIDA BIOTECNOLO
For02366;23906560000105;FARMA LINE - DI
For02367;93305910000163;FUFAMED COMERCI
For02368;00826788000190;RICARDO RUBIO -
For02369;05656727000145;MYLAN BRASIL DI
For02370;11195977000128;MEDICAH COMERCI
For02371;18324343000177;BELFAR LIMITADA
For02372;10461807000185;PHARMEDICE MANI
For02373;08967471000185;PELOTAS DISTRIB
For02374;12918336000389;BE CARE COMERCI
For02375;17892706000108;GLOBAL COMERCIA
For02376;34351642000157;ALPHAMED COMERC
For02377;01463618000150;SERGILAB PRODUT
For02378;10424098000168;INDUSTRIA DE CO
For02379;04307650000305;ONCO PROD DISTR
For02380;07946534000154;MT COMERCIAL ME
For02381;21433209000119;DROGARIA BARRA
For02382;05159591000249;PRO-REMEDIOS DI
For02383;05234897000131;NATEK - NATUREZ
For02384;78451614000187;A P TORTELLI RE
For02385;11101480000101;EFETIVE PRODUTO
For02386;08446915000137;DAHER DISTRIBUI
For02387;06372763000140;NUTRICENTER DIS
For02388;58295213002111;PHILIPS MEDICAL
For02389;28389922000151;DROGARIA ROSINH
For02390;01114218000130;FARMANIA FARMAC
For02391;06942434000197;FRACAROLI FARMA
For02392;02476399000107;M G M FARMA LTD
For02393;39274005000148;UMSER COMERCIO,
For02394;39749232000182;FORCE FARMA DIS
For02395;00659050000185;CENTER MED COME
For02396;72677933000129;HMEDIC DISTRIBU
For02397;79733572000130;CIRUPAR - COMER
For02398;34479558000113;CIRURGICA PREMI
For02399;46962122000321;CQC - TECNOLOGI
For02400;20740314000138;J M M PAULA GAR
For02401;03620716000180;CMOS DRAKE DO N
For02402;26526668000160;R A DOS SANTOS
For02403;07865568000114;LUSMED COMERCIO
For02404;31111756000131;ALEXANDRE SOUSA
For02405;28801626000116;GALILEO TECNOLO
For02406;49475833001501;BIOLAB SANUS FA
For02407;49475833001250;BIOLAB SANUS FA
For02408;00376959000126;IFAL IND E COM
For02409;00085822000201;ESPECIFARMA COM
For02410;28547190000180;GRAZIELA VELANI
For02411;07762103000138;DROGARIA DOURAD
For02412;57365116000141;ROSICLER CIRURG
For02413;31556536000111;DL DISTRIBUIDOR
For02414;13333090000184;NIPRO MEDICAL C
For02415;08734023000131;E L MACHADO & L
For02416;79250676000193;CIRÚRGICA JAW C
For02417;12047164000315;GLOBAL HOSPITAL
For02418;12095582000116;NOSSA DENTAL PR
For02419;44463156000184;SERVIMED COMERC
For02420;94022654000160;LABORATORIO QUI
For02421;57202418000107;AIMARA COMERCIO
For02422;18774815000193;AMGEN BIOTECNOL
For02423;53611125000114;CENTROVALE SOLU
For02424;07014318000170;CISCRE IMPORTAC
For02425;19571361000116;DROGARIA VITA D
For02426;10316418000166;UNO HEALTHCARE
For02427;33932094000196;CH SOUZA PRODUT
For02428;30957043000120;J J COMERCIO DE
For02429;32181809000153;GUARIA COMERCIO
For02430;26396672000151;BRASMED COMERCI
For02431;29196977000108;SORAGGE E SOSSA
For02432;10814203000175;ADUNA COMERCIO,
For02433;27711259000105;CENTRAL CIRURGI
For02434;22437236000122;PRIMAZIA MATERI
For02435;24658613000189;INTEGRA SOLUCOE
For02436;33511513000116;DROGA SOL DISTR
For02437;05119925000170;J.C.M. GUTIERRE
For02438;26234900000197;HOSPILAR COMERC
For02439;08091417000119;ZAFALON SOLUCOE
For02440;12824334000169;C.M. ORATHES CO
For02441;19125796000218;NORDMARKET COME
For02442;25398752000183;DJ COMERCIO E S
For02443;21995406000121;SANEVITTA COMER
For02444;10978106000118;CIRURGICA FAMED
For02445;15227236000132;ATOS MEDICA COM
For02446;40274237000185;CLM FARMA COMER
For02447;02513899000171;GRIFOLS BRASIL
For02448;04598413000332;RECOL DISTRIBUI
For02449;20489064000105;PROSPER COMERCI
For02450;27656480000108;PROATIVA HOSPIT
For02451;23680034000170;D.ARAUJO COMERC
For02452;61230314000175;LIBBS FARMACEUT
For02453;02472743000190;DIMALAB ELETRON
For02454;21831246000185;TECH-SUL MEDICA
For02455;32743252000105;MEDICAL CL 23 C
For02456;05136679000164;RJD HOSPITALAR
For02457;25165389000156;PHARMTECH DISTR
For02458;29791821000175;MAGNA INDUSTRIA
For02459;05746252000188;STERI-GRAU PROD
For02460;80965023000170;OSMAR DA SILVA
For02461;23420875000148;G. M. VALENCIA
For02462;11705404000105;CENUTRI - CENTR
For02463;10782968000170;NUTRI HOSPITALA
For02464;20653373000179;IASMINE SOARES
For02465;19079667000150;W2 COMERCIO DE
For02466;26107229000113;LIZ HOSPITALAR
For02467;02165865000133;SUPRAMED DISTRI
For02468;38329458000161;BIOMED DISTRIBU
For02469;02799882000122;LOTUS INDUSTRIA
For02470;01661510000172;UNIAO GASES LTD
For02471;11157931000114;SUPRIMED COMERC
For02472;85081446000140;JOHNNY FELIPE C
For02473;31499939000176;M.K.R. COMERCIO
For02474;13081833000176;BIOMED COMERCIO
For02475;38412815000150;INOVACAO DISTRI
For02476;23523598000107;BB MEDICA HOSPI
For02477;19848316000166;BIOMEDICAL PROD
For02478;64171697000146;ACCORD FARMACÊU
For02479;13765686000153;AGILE DISTRIBUI
For02480;33247743004450;GLAXOSMITHKLINE
For02481;36757380000150;MEDSANTA COMERC
For02482;33247743000110;GLAXOSMITHKLINE
For02483;09070307000133;LICIT RIB COMER
For02484;00000000000000;R.A. MARTINS -
For02485;26715034000156;PROMED COMERCIO
For02486;61610283000188;VITAL HOSPITALA
For02487;36178933000110;AMAZONIA MEDICA
For02488;35335996000170;C. OLIVEIRA PIN
For02489;09222411000104;CENTRALMIX COME
For02490;24774241000156;MEDEVICES PRODU
For02491;58950775000108;COTAÇÃO COMÉRCI
For02492;46849303000184;INTERLAB DIST.
For02493;37141903000100;MEDBOX DISTRIBU
For02494;17581504000145;SOMEDICA CIRURG
For02495;26401571000121;TRES PHARMA DIS
For02496;01440590000136;FRESENIUS MEDIC
For02497;11367967000122;CERTA MEDICAMEN
For02498;14511644000159;D C N UNIFORMES
For02499;09660958000345;S3 MED DISTRIBU
For02500;19805789000186;PRO HEALTH MEDI
For02501;01402400000196;CHRISPIM NEDI C
For02502;10696551000195;HOLY MED COMERC
For02503;37205854000114;M B DE ARAUJO X
For02504;72994643000109;DROGARIA GERAL
For02505;10571984000114;ASTRA FARMA COM
For02506;11923577000191;J.B COMERCIO E
For02507;31950325000169;QUALIMAGE COMER
For02508;04350315000110;FORTUCIMED LTDA
For02509;18609208000178;MELHOR FARMA DI
For02510;00860254000180;MULTILAB LABORA
For02511;13861454000107;VILLA MED - COM
For02512;11541499000160;ORTONUTRE - COM
For02513;03250803000192;FAMA DISTRIBUID
For02514;37573478000110;STAR MEDICAMENT
For02515;62462015000129;APSEN FARMACÊUT
For02516;22910512000128;SUTUMED INDUSTR
For02517;49432297000153;ANTONIO C. FIOR
For02518;11405384000149;ALFA MED SISTEM
For02519;35379987000181;PEDRO CARLOS MO
For02520;29552649000105;ILCARA MARIA DE
For02521;24626549000154;INSTRUMED INSTR
For02522;15439366000139;EREFARMA PRODUT
For02523;35159991000134;PLASTICOS V.P.
For02524;35370125000198;NPMEDICAL PRODU
For02525;64623291000157;CIRURGICA PIRAS
For02526;29910022000170;UNIAO FARMA COM
For02527;23637718000199;AIRMED EIRELI -
For02528;10960950000111;BDP - BRASIL DI
For02529;30217256000116;CAMPELO & PEREI
For02530;60726692000181;MARJAN INDUSTRI
For02531;04846613000103;CELER BIOTECNOL
For02532;09340228000103;ART VITA DISTRI
For02533;24402903000167;NACIONAL SAFETY
For02534;84932979000630;ANGELA RIBEIRO
For02535;80003221000152;FARMACIA RODA L
For02536;09236133000136;CASAGRANDE & MI
For02537;11101919000198;JC PRODUTOS FAR
For02538;34630617000102;FARMACIA IDEAL
For02539;03394608000136;JOAO BATISTA MA
For02540;26570361000167;PORTAL DISTRIBU
For02541;09381459000157;ES INDUSTRIA DE
For02542;21153043000187;H. F. E. COMERC
For02543;26628908000138;URSA COMERCIAL
For02544;34922825000185;LABNORTE MATERI
For02545;56998701003212;ABBOTT LABORATO
For02546;35909317000120;IBITURUNA COMER
For02547;61190096000192;EUROFARMA LABOR
For02548;19570720000706;HIPOLABOR FARMA
For02549;05161069000544;BRAINFARMA INDU
For02550;65271900000119;NATIVITA INDUST
For02551;07144092000122;RLB COMERCIO VA
For02552;61068755000112;SANVAL COMERCIO
For02553;21589394000135;IMPERIO INDUSTR
For02554;04886103000151;LABINGA COMERCI
For02555;00671994000178;GIROGAZ COMERCI
For02556;39341555000132;RG DISTRIBUIDOR
For02557;11388997000115;STRA COMERCIO D
For02558;60665981000207;UNIAO QUIMICA F
For02559;35289161000121;RAPHAELA RODRIG
For02560;35854418000140;AGRESTEMED COME
For02561;09137934000225;NORDICA DISTRIB
For02562;33660094000184;J.N.S. TEXTIL L
For02563;04360651000143;ANA MARIA PIRES
For02564;19231616000100;R. DE F. TORRES
For02565;39840107000183;MASTERMEDIC DIS
For02566;03530984000291;CABORONGA COMER
For02567;42180406000143;GUERBET PRODUTO
For02568;14425382000100;MEDICAL LIFE CO
For02569;43854777000126;BUNZL EQUIPAMEN
For02570;84972926000139;J. RIBEIRO COME
For02571;55956510000129;LIO SERUM PRODU
For02572;37240147000169;MICHELE ALVES E
For02573;08297473000104;CIRÚRGICA PATRO
For02574;10708841000101;FRANTINS INDUST
For02575;06990955000110;DATHA PRODUTOS
For02576;05329222000176;SELLENE COMÉRCI
For02577;36169491000146;NOVA FASE COMER
For02578;05062455000155;ALPHARAD COMÉRC
For02579;21596736000144;ULTRAMEGA DISTR
For02580;11215901000117;CIRURGICA BIOME
For02581;13458946000148;LEVEL FARMACEUT
For02582;79846465000118;GOEDERT LTDA
For02583;75566190000108;EDEZIO BALLAROT
For02584;01422569000108;DROGARIA E FARM
For02585;28345933000130;BRAMED COMERCIO
For02586;05343029000190;MEDLEVENSOHN CO
For02587;36191620000100;MS HOSPITALAR E
For02588;02433631000120;ASPEN PHARMA IN
For02589;29785870000103;LABORATORIO NEO
For02590;33408105000133;GREENPHARMA QUI
For02591;73663650000190;RANBAXY FARMACE
For02592;61068755000627;SANVAL COMERCIO
For02593;60659463002992;ACHE LABORATORI
For02594;15127898000130;MUNDIPHARMA BRA
For02595;60659463000191;ACHE LABORATORI
For02596;02456955000183;NATULAB LABORAT
For02597;09174668000120;VITTAFLEX INDUS
For02598;10545970000126;VITA MEDICAL MA
For02599;32861890000112;LIDER DISTIBUID
For02600;40061543000133;CREDPHARMA COME
For02601;02248312000144;CEPALAB LABORAT
For02602;41070028000182;GR FARMA BEBEDO
For02603;31378288000166;MEDICAMENTAL HO
For02604;53359824000461;BLANVER FARMOQU
For02605;05743288000108;HOSPCOM EQUIPAM
For02606;07852358000191;ANDRE NERONI
For02607;24922642000106;ECO VIDA COMERC
For02608;31097402000180;ADL MED COMERCI
For02609;04948894000105;GPACK ECO EMBAL
For02610;00744718000192;EDISON LUIZ SCH
For02611;03951140000133;DE PAULI COMERC
For02612;17700763000300;MEDFUTURA DISTR
For02613;27844493000100;MEDSAUDE DISTRI
For02614;11896538000142;SOLUMED DISTRIB
For02615;15361503000160;ALFA & OMEGA -
For02616;27951336000196;J.M.F COMERCIAL
For02617;11050321000117;GIGANTE PRODUTO
For02618;05286960000183;V. S. COSTA & C
For02619;36846568000175;IMPERIO MEDICAM
For02620;34412925000161;ATHENA COMERCIO
For02621;17174657000178;HYPOFARMA INSTI
For02622;00969505000169;OLIVA & OLIVA F
For02623;25137947000170;AGUAMED IMPORTA
For02624;10807944000129;CIRUMAX COMERCI
For02625;75466250000110;FARMACIA CENTRA
For02626;15414528000184;OLIVEIRA FARMA
For02627;27672908000106;WIENSKOSKI & FA
For02628;13163794000156;MONTALTEC SERVI
For02629;02462483000171;HOSP SAUDE COME
For02630;26397154000152;3P MEDICAL LTDA
For02631;22968511000134;MCS ATACADISTA
For02632;41488836000164;B L C COMERCIO
For02633;26551165000145;GUSTAVO NICOLIN
For02634;16643051000171;MALVAGLIA COMER
For02635;25245772000114;L C MED MATERIA
For02636;33589305000130;ROSANA PEREIRA
For02637;01541283000303;INDUSTRIA QUIMI
For02638;34813172000104;A F R DISTRIBUI
For02639;33255787000191;IBF INDUSTRIA B
For02640;31709675000138;DIGIFLEX GRAFIC
For02641;27477776000153;BRASIL CENTRAL
For02642;22056379000194;L S FERREIRA CU
For02643;30140796000149;SAM FARMA COMER
For02644;31146994000182;ASIA INDUSTRIA
For02645;29004099000181;BONIN & BONIN L
For02646;02350719000188;EQUIMED - PRODU
For02647;34093466000109;DMB - DISTRIBUI
For02648;92037480000183;FARMAMED PRODUT
For02649;84683481019943;CIA LATINO AMER
For02650;11768299000145;COMEPI PRODUTOS
For02651;26605573000132;CENUTRI COMERCI
For02652;02814497000298;CIMED INDUSTRIA
For02653;67739748000181;MDF MATERIAL ME
For02654;14683163000120;JFB DISTRIBUIDO
For02655;96827563000127;MEDISIL COMERCI
For02656;08765948000140;GIL FARMA COMER
For02657;04727762000145;CRISTIANE DE OL
For02658;26921908000555;HOSPFAR IND E C
For02659;60499639000195;ABBOTT PRODUTOS
For02660;25407581000101;NANOSENS LTDA
For02661;27191294000132;SIGEL DISTRIBUI
For02662;56994502000130;NOVARTIS BIOCIE
For02663;14169319000150;HTEC PRIME SERV
For02664;05580502000152;LIFE PRODUTOS E
For02665;87156352000119;INCOTERM INDUST
For02666;27435570000160;NUTRI CENTER PR
For02667;23993232000193;MEDIAL SAUDE DI
For02668;37882886000154;VERDE DISTRIBUI
For02669;92665611014984;DIMED S/A DISTR
For02670;34369780000163;j. ribeiro COME
For02671;75755363000136;FARMACIA CONFIA
For02672;92132786000119;CRISTAL DISTRIB
For02673;02652963000103;SILVIA BASTOS &
For02674;05198469000109;TECNOCRYO GASES
For02675;05385964000119;DROGARIA FLORIA
For02676;22831615000100;DA CUNHA & BEDI
For02677;31614778000114;EQAT SOLUCOES H
For02678;38493577000155;LE VITTA MEDICA
For02679;40724582000173;FIA COMERCIO DE
For02680;39610184000147;CIRURGICA ASSIS
For02681;31673254000285;LABORATORIOS B
For02682;64533797000175;VOLPI DISTRIBUI
For02683;46592333000158;DROGARIA MODERN
For02684;07606575000100;P P F COM E SER
For02685;30313649000123;SERRANA DISTRIB
For02686;29081186000132;JULIO CESAR SAN
For02687;26325797000190;EREMIX INDUSTRI
For02688;04624944000190;RICARDO MOTTA D
For02689;26965679000147;GG INDUSTRIA DE
For02690;23844833000134;SUSTENTARE EIRE
For02691;29129366000147;A&P FORMULACOES
For02692;03656245000160;S T IRAJA AGRIC
For02693;12040718000190;GRADUAL COMERCI
For02694;03246587000101;SUFRAMED COMERC
For02695;02896042000188;REALMED COMERCI
For02696;33608937000101;ONCOSETTE DISTR
For02697;02858842000104;DML DISTRIBUICA
For02698;27265958000160;DENTAL Z. ROCHA
For02699;31558431000100;SALUD COMERCIO
For02700;07185228000142;MEDICAL FARMA M
For02701;01827550000141;GIRASSOL FARMAC
For02702;19570720000110;HIPOLABOR FARMA
For02703;61286647000116;SANDOZ DO BRASI
For02704;23605544000182;ESSENZA INDUSTR
For02705;73665598000101;COMERCIO DE MED
For02706;20978588000160;NUTRIMIL COMERC
For02707;18301957000133;OTICA ATUAL - E
For02708;13971092000107;ALTHIS COMERCIO
For02709;33744332000130;ESTRELA COMERCI
For02710;12246316000147;EREMEDI - COMER
For02711;40788766000105;CIRURGICA BRASI
For02712;14234142000128;MD COMERCIO E E
For02713;02814497000107;CIMED INDUSTRIA
For02714;33154286000119;SEBMED PRODUTOS
For02715;16921603000166;NOVO NORDISK PR
For02716;18258209000115;CIRURGICAS CERO
For02717;18324343000509;BELFAR EIRELI
For02718;17875154000120;MEDQUIMICA INDU
For02719;61286647000973;SANDOZ DO BRASI
For02720;46179008000168;BRASTERAPICA IN
For02721;05254971000181;ZYDUS NIKKHO FA
For02722;24103721000195;ROYAL ATACADIST
For02723;13008903000160;MILLENIUM COMER
For02724;04394210000162;FARMACIA FARMA
For02725;33069212000184;MERCK S/A
For02726;19791813000175;LABORATORIOS OS
For02727;32258056000137;LICITATRADE SER
For02728;15302324000151;AFS COMERCIO DE
For02729;21112395000194;CIRURGICA LAJEA
For02730;09260831000177;ATACAMED COMERC
For02731;06881482000112;BIOMED PRODUTOS
For02732;41752554000122;ELLOMED COMERCI
For02733;34772843000128;NOVA OESTE DIST
For02734;07978004000198;DENTAL MED EQUI
For02735;26499522000173;MORIMED COMERCI
For02736;42205916000128;LICITA SAUDE CO
For02737;19570720000382;HIPOLABOR FARMA
For02738;37778759000100;CWBCARE PRODUTO
For02739;13656820000188;SMITH & NEPHEW
For02740;12942081000128;DANIELE DAGIOS
For02741;35934545000150;MARCELO APARECI
For02742;20512546000139;HEALTH & LIFE M
For02743;01854654000145;PONTUAL COMERCI
For02744;08863966000164;ORTOSANI PRODUT
For02745;64815897000194;TRIUNFAL MARILI
For02746;23236167000151;NORTH MED DISTR
For02747;31070450000184;R & P COMERCIO
For02748;35215257000145;DENTAL PREMIUM
For02749;10267695000126;MEDICALL FARMA
For02750;03948933000101;REPRESS DISTRIB
For02751;07160019000144;VITALE COMERCIO
For02752;36146166000168;MEDICAL.COM DIS
For02753;33202407000150;RR MEDICAL EIRE
For02754;02424344000153;DISTRIBUICAO DE
For02755;16845253000104;MBR FERNANDES -
For02756;28421328000109;ALLIANCA EQUIPA
For02757;80246309000103;CAOBIANCO MATER
For02758;40613881000130;MB COMERCIO DE
For02759;07455576000192;VIDA FORTE NUTR
For02760;19558081000178;ELEDA LAB INDUS
For02761;39239472000137;ZM MEDICAL ATAC
For02762;07118503000105;ATHOS COMERCIAL
For02763;07641623000192;JOANA DARC BESS
For02764;17507347000128;MARQUI & MOURA
For02765;11173392000107;TECNOMED COMERC
For02766;02520218000100;ANDREONI TEXTIL
For02767;25031668000127;SAMEH - SOLUCOE
For02768;21670010000104;COMERCIAL CIRUR
For02769;03155958000140;MEDPEJ - EQUIPA
For02770;04971211000122;ODONTOSUL LTDA
For02771;25210463000370;PTC FARMACEUTIC
For02772;31770650000140;BRUMED COMERCIO
For02773;60665981000541;UNIÃO QUIMICA F
For02774;24045583000135;SAO JOSE ASSIST
For02775;07746196000107;BIOPHARMUS MOGI
For02776;23708186000133;VIVAMED COMERCI
For02777;05161069000110;BRAINFARMA INDU
For02778;39241426000172;MELO COMERCIO D
For02779;11463608000179;ERIMAR INDUSTRI
For02780;36577844000147;MEDICAL TECH CO
For02781;27401513000160;DEVANT CARE COM
For02782;59250290000174;PAULO CARNEIRO
For02783;03137251000100;JOILDA DE SOUSA
For02784;06170280000162;INOVAMEDICA COM
For02785;17676642000108;HORTOPLUS PRODU
For02786;37164646000114;GVMED DISTRIBUI
For02787;41365113000178;NOVA MEDICAMENT
For02788;34707374000163;SPV COMERCIAL E
For02789;30584194000180;CROMO COMERCIO
For02790;01623403000150;BIOTEXTIL INDUS
For02791;41302176000185;LC PRODUTOS HOS
For02792;11738593000104;MC EQUIPAMENTOS
For02793;14722938000120;PROCIFAR COMERC
For02794;10782385000140;GB COMERCIO E D
For02795;06127890000183;CONKAST VENDAS
For02796;24259043000154;MAIORCA SOLUCOE
For02797;00059062000179;CRYSSIL FORNECE
For02798;74127473000271;DIMERIOS COMERC
For02799;05980425000128;VAL MED PRODUTO
For02800;04922653000189;NORDESTE HOSPIT
For02801;05215423000142;RCM COMERCIO LT
For02802;67403154000103;A. M. MOLITERNO
For02803;61485900000160;SG TECNOLOGIA C
For02804;62916416000101;SISTEMA NACIONA
For02805;41340103000188;EREMED DISTRIBU
For02806;81887838000655;PROFARMA SPECIA
For02807;30644818000108;CALMED DISTRIBU
For02808;45992062000912;GERMED FARMACEU
For02809;11780793000125;SAMYRAS EQUIPAM
For02810;17599911000180;DROGARIA NOSSA
For02811;29614830000190;MEDITON FARMACE
For02812;05888612000348;DISACRE COMERCI
For02813;33735524000180;M.G. DOMINGUES
For02814;06076833000112;ABL - SAUDE LTD
For02815;20995679000103;MC MURA PEREIRA
For02816;12065628000154;ILSON JOSE GOUL
For02817;11372104000143;D&D PRODUTOS DE
For02818;06954360000109;MASTER COMERCIA
For02819;21551379000874;BECTON DICKINSO
For02820;62895974000138;BANSI DROGARIA
For02821;35472743000149;HEALTH DISTRIBU
For02822;10779833000156;MEDICAL MERCANT
For02823;33613876000162;SILVANDRO DIEGO
For02824;06283056000187;CW ARTIGOS DO V
For02825;20227692000112;DISTRIBUIDORA M
For02826;41319803000190;GENERICA ITATIB
For02827;02873606000167;ALMINHANA COMÉR
For02828;40238923000109;POLLYANNA TAMAR
For02829;14676091000194;AGNUS COMERCIO
For02830;04497941000133;DALMEDSUL MEDIC
For02831;42198801000153;GEMELI MEDICAL
For02832;45987013000304;ORGANON FARMACE
For02833;57507378000101;EMS S/A
For02834;62969589000198;CSL BEHRING COM
For02835;11044066000108;GOLDEN FARM DIS
For02836;37920081000158;PONTES E GUEDES
For02837;05201539000122;DALMED DISTRIBU
For02838;53918116000170;DIGUINHO INDUST
For02839;05882795000122;MEGAFRAL INDUST
For02840;12420164000157;CM HOSPITALAR L
For02841;04183656000148;DISTRICENTER DI
For02842;24875483000136;ESSENCIAL RIO D
For02843;07086868000103;GRANDESC MATERI
For02844;05515873000150;CIRUROMA COMERC
For02845;61418042000131;CIRURGICA FERNA
For02846;21551379002141;BECTON DICKINSO
For02847;30984346000132;DISTRIBUIDORA K
For02848;02419460000184;LABTECH PRODUTO
For02849;07404103000166;HUMANAS DISTRIB
For02850;11922629000105;FARMATEST MATER
For02851;07079067000102;KYLIMEDI MATERI
For02852;33760101000110;DA CRUZ COMERCI
For02853;14115388000180;ELLO DISTRIBUIC
For02854;16366888000110;DISTRIBUIDORA D
For02855;30540358000178;BIOGRAM COMERCI
For02856;07253536000168;N N DISTRIBUIDO
For02857;38309434000140;MEDLAR SOLUCOES
For02858;16665873000153;MARCA DISTRIBUI
For02859;38204744000109;D&M SAUDE EIREL
For02860;39309927000143;MED-SHOP COMERC
For02861;21152532000114;I9 DISTRIBUICAO
For02862;41073251000183;ALPHA COMERCIAL
For02863;26168820000180;MEGA CARE COMER
For02864;06166072000190;CIRURGICA ESTRE
For02865;03402979000384;M.N.P. CUSTODIO
For02866;35927779000170;T A - INDUSTRIA
For02867;23472273000134;INNOVAR NEGOCIO
For02868;68949239000146;UNITED MEDICAL
For02869;10723321000178;SANT ANA & NASC
For02870;38510020000185;FARMACIA BS LTD
For02871;85079200000134;PARCOMED PARANÁ
For02872;41550166000169;CURAMED - PRODU
For02873;35130689000153;JAMYLLE SIQUEIR
For02874;37970604000170;C R VIEIRA PROD
For02875;38541446000104;VIAPHARMA COMER
For02876;29931772000129;JF COMERCIO DE
For02877;07790854000168;GLOBALMIX DISTR
For02878;29025383000134;4FR ASSESSORIA
For02879;12021151000105;DIAG SOLUTION A
For02880;29754676000152;P&C MATERIAL ME
For02881;03019611000170;MEDICAL FARM NO
For02882;79430682000122;FARMACIA E DROG
For02883;10450805000190;FLUKKA FARMACIA
For02884;01383490000115;FARMACIA SAKAFA
For02885;05348580000126;DROGA ROCHA DIS
For02886;49475833000106;BIOLAB SANUS FA
For02887;30667695000120;HARTMANN IND. C
For02888;69366326000133;MED DONTO COMER
For02889;31401798000107;DENTAL BH BRASI
For02890;02608793000151;EXCELLENCE MEDI
For02891;02136854000125;E.C. DOS SANTOS
For02892;02543673000113;3R - INDUSTRIA
For02893;09390408000191;DMAX - DISTRIBU
For02894;11224757000185;G2 PRODUTOS MED
For02895;08617050000124;CENTER NUTRI CO
For02896;20740209000107;RCA MATERIAIS M
For02897;21296343000115;HASSEN RAAD DIS
For02898;18500770000169;NUTRICAO ORIGIN
For02899;26640161000133;SAVIMED COMERCI
For02900;18574431000127;VACCARIN & ALFF
For02901;25290718000190;AVANTI COMERCIO
For02902;04860635000110;FLORESTA COMERC
For02903;39707683000157;GTMED DISTRIBUI
For02904;08835955000170;DELTA MED COMER
For02905;12873031000136;DMED DISTRIBUID
For02906;28537922000151;RBR COMERCIO DE
For02907;32522252000177;BRAGA E NETO CO
For02908;05686973000140;ERYMED COMERCIA
For02909;05488166000112;H B COMERCIO DE
For02910;14779687000110;JOSE CARLOS DE
For02911;04286678000133;FARMACIA RSF LT
For02912;13042708000157;ZELO COMERCIO E
For02913;34440014000148;DEFERTEX INDUST
For02914;13470384000158;CMC PRODUTOS HO
For02915;36731457000113;ROTA DISTRIBUID
For02916;41347974000123;ZAFRA DISTRIBUI
For02917;82277955000740;NOVO NORDISK FA
For02918;21304333000184;PHARMEDIC REPRE
For02919;01326495000106;DISNORMA COMERC
For02920;30981531000173;HM CIRURGICA LT
For02921;28467781000148;VEM EMPREENDIME
For02922;01549986000116;MICRO COMERCIO
For02923;92670801000182;GEYER MEDICAMEN
For02924;26383168000117;PROSAUDE MATERI
For02925;02956130000128;DIMENSAO DISTRI
For02926;25106470000165;ROYAL MED HOSPI
For02927;16849094000108;ADAINERS MEDICA
For02928;17288441000133;GOLDEN CARE DIS
For02929;42092374000124;GALLI E LIOTTO
For02930;00949616000103;COLLERE COMERCI
For02931;04598413000170;RECOL REPRESENT
For02932;10193608000133;MEDPLUS COMERCI
For02933;07540203000110;MEDIFARR PRODUT
For02934;36327075000129;FORTCLEAN COMER
For02935;03161745000120;C. M. CIRURGICA
For02936;12409711000101;NUTRIMIX COMERC
For02937;36078616000122;W M COMERCIO E
For02938;04187384000154;LEISTUNG EQUIPA
For02939;20352354000102;GC LAB DIAGNOST
For02940;02375705000119;DENTAL SUL AMER
For02941;12416810000102;ROFEMAX IMPORTA
For02942;10696932000174;T.D. & V. COMER
For02943;22265663000170;N1 DISTRIBUIDOR
For02944;59375006000196;FARMACIA BESSI
For02945;04419989000123;A. R. VERISSIMO
For02946;37029855000155;ODONTOMED MEDIC
For02947;07590023000142;HAND LIFE SUPRI
For02948;38408899000159;EQUIMED EQUIPAM
For02949;27358419000176;L.E.ALMEIDA COM
For02950;33772464000175;ATIVIDADE COMER
For02951;04274988000219;ATIVA COMERCIAL
For02952;09017578000125;MEDCARE DO BRAS
For02953;06143681000123;BIOSANI INDUSTR
For02954;54426937000152;CREMONESI & ROD
For02955;34788645000152;VIP FARMA COMER
For02956;10596721000240;GEORGINI PRODUT
For02957;05895525000156;OBJETIVA PRODUT
For02958;00236193000184;CIRURGICA RECIF
For02959;26627461000182;MEDPROX DISTRIB
For02960;72899016000512;ESSITY DO BRASI
For02961;03626752000150;DN COMERCIO DE
For02962;21881617000133;AUDAX MED PRODU
For02963;64265747000154;DISMATER DISTRI
For02964;34558660000104;APROMEDICA COME
For02965;73008682000152;LABINBRAZ COMER
For02966;40256200000124;MEDS COMERCIO D
For02967;17357402000140;CONTRATA COMERC
For02968;04071245000160;LICIMED DISTRIB
For02969;29843853000177;R2 S ABRAHAO CO
For02970;07936090000176;BIOMED DISTRIBU
For02971;01178574000117;ABC DATASAUDE S
For02972;02916028000107;FRADEL-MED INDU
For02973;05359481000140;CONEXAO MEDICA
For02974;18483775000120;DU BOM DISTRIBU
For02975;20301535000100;JB FARMA COMERC
For02976;54258488000180;FARMACIA FRUTAL
For02977;60665981000622;UNIÃO QUÍMICA F
For02978;10208087000140;CIRURGICA MEDCE
For02979;23720752000122;JARDIM DISTRIBU
For02980;05439635000294;ANTIBIOTICOS DO
For02981;39906592000140;COMERCIAL RIFAR
For02982;31509165000117;ULTRAMED DISTRI
For02983;11369348000177;FIX HOSPITALAR
For02984;40133906000107;NORTE SUL DISTR
For02985;39607770000132;AIROSMED PRODUT
For02986;97528178000141;MUNDIAL DISTRIB
For02987;21840263000189;P P E COMERCIO
For02988;11201854000152;J. A. COMERCIO
For02989;01202521000194;PLASTIC WAY PRO
For02990;48939276000166;MEDI HOUSE IND
For02991;43144036000151;GEOMED DISTRIBU
For02992;41546121000110;ALVES DE ALENCA
For02993;33171322000152;VENDER MAIS SER
For02994;41778326000121;MED & FARMA COM
For02995;41511821000170;DESTRA DISTRIBU
For02996;26754510000148;HORUS FARMA DIS
For02997;30684458000178;M. DOS S. VICEN
For02998;24768176000156;STRAFER PRODUTO
For02999;08713696000105;LINE BRASIL IND
For03000;10474392000184;MARILDA MULLER
For03001;05964983000108;D & V COMÉRCIO
For03002;27089709000161;FIRSTLAB INDUST
For03003;19413639000127;ISAAC CENTER CO
For03004;16740031000119;S2 SAUDE LTDA
For03005;28942742000155;MEDICAL VITORIA
For03006;07504281000169;PRAZMED COMERCI
For03007;09721729000121;G D C DA SILVA
For03008;17602864000186;DELTA INDUSTRIA
For03009;22077847000107;JOSE DANTAS DIN
For03010;43603551000152;AM CIANORTE DIS
For03011;11836572000121;DUOFARM COMERCI
For03012;27256185000156;MEDBRANDS COMER
For03013;07944100000115;PROC9 INDUSTRIA
For03014;06907776000176;SAGRES - PRODUT
For03015;08474646000112;FORTECARE INDUS
For03016;15224444000188;MS HOSPITALAR L
For03017;35253171000107;SEMEAR MEDICAME
For03018;33324795000142;PROLICITA DISTR
For03019;16720709000100;NORTEPHARMA PRO
For03020;18588224000121;NACIONAL COMERC
For03021;07788510000114;IN-DENTAL PRODU
For03022;18213121000187;NOVA ERA SAUDE
For03023;40600760000154;LEMAN MEDICAMEN
For03024;27943693000102;FACIL PRODUTOS
For03025;06948769000112;TECNOCENTER MAT
For03026;31495759000116;SIRIO PHARMA EI
For03027;33836848000104;M. A. M COMERCI
For03028;44779242000109;P H COMERCIO DE
For03029;17828413000161;BRASIL MEDICAME
For03030;07729499000111;MEGA COMERCIO D
For03031;21573367000174;E DA PASCOA ASS
For03032;28933805000107;INSPIRE DISTRIB
For03033;37652650000121;TOP HOUSE COMER
For03034;44219136000162;ATLAS EQUIPAMEN
For03035;09251627000190;K.C.R. INDUSTRI
For03036;44036939000181;TRVO COMERCIO A
For03037;37931064000116;LEMED COMERCIO
For03038;43352606000107;MORETI DISTRIBU
For03039;43001464000125;INOVA NUTRICAO
For03040;23025775000117;NUTTRE COMERCIO
For03041;29312896000126;BHDENTAL COMERC
For03042;00467916000156;MAJ LAB - COMER
For03043;15631841000174;CLAUBER HUMBERT
For03044;04709243000154;BS EQUIPAMENTOS
For03045;16980808000112;LEILA MARA DE V
For03046;58635830000175;FARMARIN INDUST
For03047;19061289000187;MARES SERVICOS
For03048;03132196000166;PLACIDOS COMERC
For03049;03648990000167;MC SURGICAL PRO
For03050;04159536000105;VUELO PHARMA LT
For03051;05923871000109;ALPHARAD MATERI
For03052;02005077000180;KORAL PRODUTOS
For03053;11877124000176;PREVIX PRODUTOS
For03054;41836567000180;KANIA COMERCIO
For03055;28273249000190;NEO INDUSTRIA E
For03056;04718347000125;LONGEVITA - PRO
For03057;41851336000145;AMEDICA DESCART
For03058;28651151000129;LIDYFARMA COMER
For03059;37397169000137;H&E EQUIPAMENTO
For03060;03964598000127;MATERMED COMERC
For03061;39402763000102;DROGARIA SANTA
For03062;09224765000180;LIFE MED PRODUT
For03063;38295394000125;ESTRELA INDUSTR
For03064;23009866000169;SUPER CENTER CA
For03065;13791068000188;ALTERNATIVA COM
For03066;04242860000192;MEDI-GLOBE BRAS
For03067;16917181000155;CCAF COMERCIO D
For03068;03315618000139;DISTRIBUIDORA N
For03069;44450437000100;FERRAZ EVENTOS
For03070;32198434000134;SULLAB COMERCIO
For03071;25067657000105;MEDICAL CHIZZOL
For03072;21777287000130;C. G. LIMA DIST
For03073;05035010000186;LAB BRAX DIAGNO
For03074;25249213000182;VIVA MED DISTRI
For03075;07628070000138;INDUSTRIA E COM
For03076;21707794000106;FASTLABOR COMER
For03077;09039151000128;CANAA COMERCIO
For03078;36099392000135;APOTEK DISTRIBU
For03079;00535560000140;LPK LTDA
For03080;10286595000147;DISTRIFARMA COE
For03081;36945737000124;AC MED DISTRIBU
For03082;41141956000190;PATOMEDI DISTRI
For03083;41645135000191;FAYNE HOSPITALA
For03084;62413869000115;GIGANTE RECEM N
For03085;13759813000292;SINGULAR DROGAR
For03086;43231355000102;MEDICINALE DIST
For03087;15626139000112;EBERSON ANTONIO
For03088;27723136000186;DROGARIA PB EIR
For03089;04818528000123;MEDCARE PRODUTO
For03090;37053176000111;HGM DISTRIBUICA
For03091;12391412000189;NOROMED DISTRIB
For03092;16699864000183;SANTE MEDICA HO
For03093;72208200000145;QUEBEC COMERCIA
For03094;08145933000189;FAMADER FARMACI
For03095;13465838000283;H B S PRODUTOS
For03096;37454703000108;MFMED DISTRIBUI
For03097;04968644000129;J.B DE OLIVEIRA
For03098;03828079000131;SICAFLA COMERCI
For03099;14080070000101;MAC CLEAN COMER
For03100;35496391000161;JOSIANE POCIDON
For03101;55163042000135;SEMINA INDUSTRI
For03102;27230285000103;HEMI SOLUCOES E
For03103;39835028000184;UNIAO NUTRICION
For03104;29715704000122;MAIS SAUDE MARI
For03105;28921456000103;ALM COMERCIO DE
For03106;75014167000291;NUNESFARMA DIST
For03107;14313995000155;POLO REPRESENTA
For03108;08228656000178;BRASILSUPRI EIR
For03109;13644713000130;ROMED INDUSTRIA
For03110;33851567000120;UNIAO SUL COMER
For03111;31636399000125;JBL SERVICOS E
For03112;38014290000103;ISABEL CRISTINA
For03113;35310181000137;ERFARMA COMERCI
For03114;24564626000199;TEMPO COMERCIAL
For03115;25528763000130;ENIFAR COMERCIO
For03116;29081842000105;ELITEMED DIST.
For03117;07296219000129;E. R. FELIX - P
For03118;40455009000101;ALMEIDA FARMACE
For03119;02863499000196;I. A. SAVOLDI J
For03120;21998885000130;MEDIPHACOS LIMI
For03121;21129833000127;T M DANTAS EIRE
For03122;05888612000186;DISACRE COMERCI
For03123;03321370000119;BRIATO COMERCIO
For03124;23276873000127;DHV DISTRIBUIDO
For03125;25402188000125;JA MEDICAMENTOS
For03126;66969262000177;UNIT - INDUSTRI
For03127;10918870000106;UNIVERSAL PRODU
For03128;12589567000124;DROGA NOVA BARR
For03129;34063076000188;H.H. CAVALARO E
For03130;00596529000110;GENÉTICA COMÉRC
For03131;09029404000182;COPERMED COMERC
For03132;28876663000193;FARMACIA VICENT
For03133;44444374000171;TREEBUY LTDA
For03134;26864855000154;H R REPRESENTAC
For03135;17382714000104;ARBRA COMERCIO
For03136;40273753000195;FARMA MEDICAL D
For03137;02223342000104;STARMED ARTIGOS
For03138;07832455000112;BRAGANTINA DIST
For03139;42529374000149;DISTRIBUIDORA D
For03140;29230269000146;R F BARILE LTDA
For03141;38028373000143;R S LOBATO NETO
For03142;02786436000183;HUMANA ALIMENTA
For03143;04282320000132;C. A. B NASCIME
For03144;67729178000653;COMERCIAL CIRUR
For03145;81618753000167;ELBER INDUSTRIA
For03146;20159008000102;MARMED DISTRIBU
For03147;20918668000120;MEDICINALI PROD
For03148;11352270000188;RCA SAUDE COMER
For03149;19086670000109;DICOREL DISTRIB
For03150;10495121000105;VIA MEDICAMENTO
For03151;02501297000102;PHARLAB INDUSTR
For03152;27168027000144;J B T INDUSTRIA
For03153;20419709000133;CIRURGICA ONIX
For03154;37714493000131;FARMAMED COMERC
For03155;28590769000126;SERVBOX SERVICO
For03156;04981484000158;GAMA-MED 13 COM
For03157;10278031000162;NDS IMPORTADORA
For03158;18123155000180;JUMEL DISTRIBUI
For03159;94271293000195;COML CANDIMEDIC
For03160;22351840000131;PHARMA BRA COME
For03161;26437725000135;BIS COMERCIO &
For03162;38292748000188;NASCIIMED DISTR
For03163;34016593000104;PENEDO DISTRIBU
For03164;05356421000173;ALPHA IMPORTADO
For03165;14633154000206;ECO DIAGNOSTICA
For03166;39639612000164;RILAB COMERCIO
For03167;50371889000191;PRECISION CENTR
For03168;12561565000127;MEGA MEDICAL -
For03169;03679808000135;BIO INFINITY CO
For03170;09607807000161;INJEFARMA CAVAL
For03171;66437831000133;HTS-TECNOLOGIA
For03172;55634901000127;PRODUMED - SERV
For03173;19844928000180;ERIMED INDUSTRI
For03174;26543386000171;RCA DIST. DE PR
For03175;83646307000191;C J A PARENTE
For03176;36403055000190;MLJ DISTRIBUIDO
For03177;26651036000129;JAC MED DIST DE
For03178;22341240000192;FBC DE NITEROI
For03179;10739031000112;PERES DE FARIA
For03180;35310607000152;CLEAN MED DISTR
For03181;06131330000100;VIVAMED EQUIPAM
For03182;01200068000187;ALPHAMED PAULIS
For03183;23015962000110;LANOFARMA HOSPI
For03184;34921773000122;SUPERA MED HOSP
For03185;37932432000140;SCACALOSSI BUEN
For03186;15229287000101;BAHIA MED DISTR
For03187;18606861000183;SALUTE DISTRIBU
For03188;00156820000177;HOSPMED LTDA -
For03189;19056683000127;BIOFAR HOSPITAL
For03190;34875727000134;LOBATO COMERCIO
For03191;05109384000107;M M LOBATO COME
For03192;34055837000150;CIRURGICAS MULL
For03193;07994516000148;D & D EMPREENDI
For03194;06879813000180;SNMED - COMERCI
For03195;11041333000185;CIRURGICA BRASI
For03196;04860742000148;PARAFARMA MEDIC
For03197;10493969000103;TC ATUAL COMERC
For03198;41227287000174;ORTHOFACOS PROD
For03199;11002975000175;TECVIDA COMERCI
For03200;13977106000191;EBD BIOTECH IMP
For03201;07090403000118;TRIMEDCALL COME
For03202;19142596000192;VITALABE EQUIPA
For03203;63777940000101;TECNOMED DISTRI
For03204;06539992000106;JORJAO COMERCIO
For03205;05696494000104;HAIAEL COMERCIA
For03206;35015209000103;HYPERMEDICAL PR
For03207;05593405000102;DENTAL MEDICA C
For03208;04355394000232;PROHOSP DISTRIB
For03209;02305767000154;MAT MED HOSPITA
For03210;28215470000191;GOLDMED IMPORTA
For03211;30231212000140;MOVEPLAST INDUS
For03212;27250886000188;DAMIL COMERCIO
For03213;24794078000193;ECEGH SERVICOS
For03214;31662268000112;MEDPRIME MEDICA
For03215;05553629000182;RAGA PRODUTOS F
For03216;00463305000130;ANGELINA ROSA G
For03217;28834716000103;CARMED DISTRIBU
For03218;02486788000113;CRISTALMED COME
For03219;61190096000435;EUROFARMA LABOR
For03220;37132890000103;ESPACO NUTRICAO
For03221;28013023000150;W D DISTRIBUIDO
For03222;33834782000113;D P AGUIAR EIRE
For03223;11858797000189;BALSAMO DISTRIB
For03224;32149914000105;MEDGLOBAL DISTR
For03225;14646435000112;ULTRA MEDKA PRO
For03226;01645409000390;AUTO SUTURE DO
For03227;00891001000173;ENDO-TEC COM.E
For03228;02313859000186;LUCIO JOAQUIM E
For03229;20036341000124;FARMACIA LOVIS
For03230;00545222000190;PROFARM COMERCI
For03231;12313826000190;RET FARMA DISTR
For03232;23141314000100;CIRURGICA ALSTY
For03233;24857483000103;INVICTA PHARMA
For03234;53265518000113;MED CARE COMERC
For03235;40136720000101;DF2MED PRODUTOS
For03236;43575877000113;DROGARIA NOVA E
For03237;17562075000320;CIFARMA CIENTIF
For03238;04603104000141;ORTOPONTO COMER
For03239;21116490000166;F B COMERCIO DE
For03240;26383079000170;NUTRIENTES MED
For03241;42017679000171;ALFA HOSPITALAR
For03242;41194774000188;L R DISTRIBUIDO
For03243;31009591000191;GLOBOMED DISTRI
For03244;37416741000168;M K P LADISLAU
For03245;70939574000105;FABRICA DE ARTE
For03246;08774906000175;HOSPDROGAS COME
For03247;38120208000117;PARANA MED COME
For03248;74232034000148;LABORATORIOS FE
For03249;07295190000160;DBI COMERCIO E
For03250;11089732000116;STOKMED PRODUTO
For03251;21870007000134;MC PRODUTOS MED
For03252;12420164000238;CM HOSPITALAR S
For03253;30831921000167;ARAMIS GORZIZA
For03254;02507452000190;SC -BRINDES LTD
For03255;10544006000183;MAGNO SOUZA COM
For03256;18519219000167;POUSO FARMA HOS
For03257;41683262000185;VERO MEDICAMENT
For03258;18625083000170;SUL MINAS INDUS
For03259;35633493000181;MARY LUCIA ANTO
For03260;20259895000190;MEDPRO COMERCIO
For03261;37140339000101;A.L.V. DISTRIBU
For03262;06053353000136;SANTA BRANCA DI
For03263;05746016000161;QUALITY MED DOC
For03264;44127150000136;ASTRA MEDICAL S
For03265;41331641000106;L C L - NASCIME
For03266;90909631000110;INSTRAMED INDUS
For03267;35810917000136;EXATA SUPRIMENT
For03268;02501297000528;PHARLAB INDUSTR
For03269;07293786000121;L C I PRODUTOS
For03270;31940808000182;DELCA ARTIGOS M
For03271;43025186000146;WF DISTRIBUIDOR
For03272;31531888000112;GVFLEX INDUSTRI
For03273;07565780000166;T R S DISTRIBUI
For03274;24237168000183;TARCAL COMERCIO
For03275;79805263000128;KSS COMERCIO E
For03276;29220512000145;MCN COMERCIO E
For03277;43564904000152;BR DISTRIBUICAO
For03278;94876364000183;VIALI ATACADIST
For03279;03526176000170;DENTMED - MATER
For03280;64711500000114;UCB BIOPHARMA L
For03281;04182003000144;CIRURGICA NEVES
For03282;02626340000158;ART MEDICA COME
For03283;33078528000132;TORRENT DO BRAS
For03284;07729330000161;DROGARIA BIOFAR
For03285;35147358000126;NOROESTE HOSPIT
For03286;32138304000106;INOVACOES COMER
For03287;15800545000150;ABBVIE FARMACEU
For03288;78714581000110;CARLOS ROBERTO
For03289;30553090000109;E.M. SERVICOS E
For03290;41532061000187;STAR MIX PRODUT
For03291;34346979000176;AGOS B2G COMERC
For03292;16686340000158;CRIS BELLA FARM
For03293;32929561000166;R. DISTRIBUIDOR
For03294;29245929000162;GC BRASIL IMPOR
For03295;29496518000140;MN NUTRICAO LTD
For03296;33389910000167;MARLON HENRIQUE
For03297;31908034000102;CIRURGICA SERRA
For03298;08697852000191;ENDOGERAIS EQUI
For03299;11206099000441;SUPERMED COMERC
For03300;44328371000172;VERO MEDICAL IM
For03301;14622553000352;HMD BRASIL COME
For03302;28791011000156;FOX INDUSTRIA E
For03303;38049647000180;ANOVA PRODUTOS
For03304;24826631000203;FARMA 2 PRODUTO
For03305;08234423000188;AGMASHI COMERCI
For03306;62488184000138;INPHARMA LABORA
For03307;18010556000124;M. DE FREITAS G
For03308;20541898000112;MEDICAL LOG COM
For03309;37174427000116;AB MED DISTRIBU
For03310;37653016000103;SMD DROGARIAS D
For03311;16928871000100;GUEDES & PAIXAO
For03312;12967916000102;CIRURGICA IZAME
For03313;43537550000157;LAPAMED LTDA
For03314;33349473000310;FARMOQUIMICA S
For03315;07354555000180;MAQFORT MAQUINA
For03316;93327161000175;PROHDENT COM. R
For03317;07640617000200;C. B. DISTRIBUI
For03318;44223526000106;DISTRIBUIDORA A
For03319;10842393000134;LIVE COMERCIO D
For03320;03407436000198;SULMED - ARTIGO
For03321;40673263000186;REISMED COMERCI
For03322;18702558000184;A FAVARIN DISTR
For03323;33546315000198;K. S. EQUIPAMEN
For03324;13759813000101;SINGULAR DROGAR
For03325;20450255000163;A. N. GARCIA DA
For03326;21276825000103;SILVIO VIGIDO
For03327;41554303000133;ITA MED PRODUTO
For03328;26898423000164;SILITEC PRODUTO
For03329;07211082000162;FARMACIA ARACA
For03330;28387424000170;M MED COMERCIAL
For03331;04128313000180;CENTRO-OESTE PR
For03332;43607262000121;INPHARMA HOSPIT
For03333;22706161000138;AVANTE BRASIL C
For03334;03134249000188;MULTIFARMA COME
For03335;11888791000154;DISTRIBUIDORA F
For03336;26583983000120;HENRIQUE DE OLI
For03337;32593430000150;M. CARREGA COME
For03338;47411780000126;BACE COMERCIO I
For03339;34761779000180;NUCLEO COMERCIO
For03340;54858014000501;ESSITY SOLUCOES
For03341;42987802000187;FARMACIA SAUDE
For03342;49601107000427;FRESENIUS HEMOC
For03343;27937238000102;A & S COMERCIO
For03344;20787194000124;GTECH COMERCIO
For03345;29230226000160;SALLUS COMERCIA
For03346;02421679000118;DIVIMED COMERCI
For03347;29684349000171;LIBMED DISTRIBU
For03348;24602657000197;RALIC COMERCIO
For03349;87389086000174;PRO-RAD CONSULT
For03350;40060710000121;JOAO VITOR RAMA
For03351;55979736000145;ALLIAGE S/A IND
For03352;04447291000111;GIAMEDICAL PROD
For03353;16809398000141;HOPE COMERCIAL
For03354;02776642000102;PESENTI & PELAI
For03355;22355622000175;BIOMIG MATERIAI
For03356;04523992000192;MEDICAL-HOSP AS
For03357;27672644000182;PROMEDI DISTRIB
For03358;23015239000130;SAO BERNARDO CO
For03359;33583026000169;OLIMPIO EQUIPAM
For03360;19769575000100;NOVA MEDICA COM
For03361;60831658000177;BOEHRINGER INGE
For03362;04078043000221;MONTEIRO ANTUNE
For03363;06170316000108;A. G. INDUSTRIA
For03364;08798468000185;DIEX DISTRIBUID
For03365;58426628000133;SAMTRONIC INDUS
For03366;76730076000134;J. R. EHLKE E C
For03367;45195203000119;DROGARIA SAO BE
For03368;40895512000188;SOMA DISTRIBUID
For03369;33089180000260;PRLV INDUSTRIA
For03370;01005728000179;LABOR IMPORT CO
For03371;73636391000109;NEWPROV PRODUTO
For03372;33296918000189;LH COMERCIO DE
For03373;38909503000157;OPEM REPRESENTA
For03374;54178983000180;HOSPIMETAL IND.
For03375;35880234000155;D M COMERCIAL M
For03376;11204121000171;HEALTH - MED IN
For03377;01722296000117;PANORAMA COMERC
For03378;20610628000116;MEDICAL PRIME C
For03379;09039574000148;MF - COMERCIO D
For03380;20853918000271;M.F. COMERCIO,
For03381;50093442000106;M F BROGLIO E C
For03382;41098601000166;MC FARMA LTDA
For03383;02298254000163;RIOPASA - DISTR
For03384;01107391001182;SUPPORT PRODUTO
For03385;33886742000115;BIOPHAR MEDICAM
For03386;29689057000121;P S M EQUIPAMEN
For03387;12499494000180;HOSPINOVA DISTR
For03388;16926052000123;KILL & OHASHI L
For03389;03996962000130;SOUZA & GOMES F
For03390;33168571000199;PHARMED COMERCI
For03391;44755855000106;Y. C. DOS S. AL
For03392;15311878000115;MEDPAPER COMERC
For03393;10625395000171;IMP EQUIPAMENTO
For03394;02446667000148;ODONTOLOGIC IND
For03395;10301008000141;DAKAR COMERCIO
For03396;27161574000106;OSVALDO CARNEO
For03397;05340608000189;SIPROLIMP - SIM
For03398;27081107000168;FERNANDO FATTOR
For03399;27114845000164;PREGWEB LTDA -
For03400;59233783000449;STERIS SOLUTION
For03401;34444108000195;PLG DISTRIBUIDO
For03402;03213418000175;BUNKER COMERCIA
For03403;00660664000187;H M LINCK
For03404;41774511000148;CENTRAL LIFE DI
For03405;61363032001541;CHIESI FARMACEU
For03406;03782783000109;DISTRIBUIDORA N
For03407;37556213000104;AHCOR COMERCIO
For03408;11674540000177;EQUIPOS COMERCI
For03409;35473398000168;R. C. DIEGO DE
For03410;41113359000152;DPNT COMERCIO E
For03411;23411706000141;CENTRALMED COME
For03412;43556958000176;ALTERNATIVA DIS
For03413;05034088000186;AMAZONIA COMERC
For03414;05044056000161;DMH - PRODUTOS
For03415;44152616000153;UP DISTRIBUIDOR
For03416;02512121000148;CENTRO CATARINE
For03417;52236213000110;DROGARIA SAUDE
For03418;10757876000130;SR PRODUTOS MED
For03419;58524851000113;BIONOVA PRODUTO
For03420;36392321000126;IS7 IMPORTACAO,
For03421;05264280000169;MEDICATTO COMER
For03422;04099395000182;SANTISA LABORAT
For03423;09660958000183;S3 MED DISTRIBU
For03424;26942958000195;NSC COMERCIO DE
For03425;02715655000171;CIRURCENTER PRO
For03426;38419205000189;CATIONLAB EQUIP
For03427;30037851000170;SQUADRA DO BRAS
For03428;05049432000100;COMERCIO E REPR
For03429;36657293000121;AGM BIDDING COM
For03430;49520521000169;INTERMED EQUIPA
For03431;39556802000118;JMGOL HOSPITALA
For03432;01298443000254;MAGNAMED TECNOL
For03433;30008165000170;BIOLIFE BRASIL
For03434;26554718000113;LFP COMERCIO DE
For03435;73416497000105;EMPROMED MATERI
For03436;32493837000106;FIRST LINE COME
For03437;38425512000172;MERCANTEX COMER
For03438;63919385000105;DROGA VEN LTDA
For03439;43751565000113;RF PRODUTOS HOS
For03440;14416886000163;COBERMED COMERC
For03441;22244564000102;DX COMERCIO E D
For03442;23533848000181;R T COSTA FELIC
For03443;37070092000196;DISTRIBUIMED -
For03444;72593791000111;NOVA QUIMICA FA
For03445;33255787001163;IBF INDUSTRIA B
For03446;22906038000160;COMERCIAL TXV C
For03447;02881877000164;POLAR FIX INDUS
For03448;08939548000103;INFAN INDUSTRIA
For03449;34186181000104;DLM HOSPITALAR
For03450;12918336000117;BE CARE COMERCI
For03451;40117556000187;HAVI MATERIAL H
For03452;51943645000107;BIOMEDICAL EQUI
For03453;32218962000108;FORMA MEDICAL C
For03454;39337738000184;NEWFARMA HOSPIT
For03455;16743543000139;POSTERARI ASSES
For03456;28788905000197;DUMALE PRODUTOS
For03457;88957022000195;MUZYMED INSTRUM
For03458;10795950000103;LANCELETTE BIOM
For03459;19031878000112;AUTOMX SOLUCOES
For03460;06855234000105;KELY DAIANA DE
For03461;24481773000103;GEMMINI GESTORA
For03462;05763509000100;ALG RIO COMERCI
For03463;42038727000108;SENA COMERCIO D
For03464;24479444000110;ARAMED COMERCIA
For03465;00691555000127;DECIO CAMARGO -
For03466;09034672000192;MAEVE PRODUTOS
For03467;45344935000123;HIGYA MED - SOL
For03468;35514416000102;QUALIMMED - COM
For03469;04752991000110;BIOMM SA
For03470;02400787000104;A C E INDUSTRIA
For03471;10268780000290;MEDIX BRASIL PR
For03472;37174625000260;MODENA PRODUTOS
For03473;07009769000209;WANA INDUSTRIA
For03474;10731996000169;M & A SUPRA COM
For03475;07294636000132;MD MATERIAL HOS
For03476;21552695000194;CLARO MED - COM
For03477;02228938000199;D-X INDUSTRIA,
For03478;24039450000156;HDX COMERCIAL E
For03479;84859552000220;STERMAX PRODUTO
For03480;07886202000121;MATTOS OLIVEIRA
For03481;42322863000125;IMPULSE PRODUTO
For03482;07687073000142;A A E SILVA CAR
For03483;29866886000132;GREEN DISTRIBUI
For03484;24702356000135;CAPITAL MEDH IM
For03485;35676420000177;ONIX FARMA PROD
For03486;32630250000100;SAUDE BRASIL OD
For03487;47181976000171;SUPERMED COMERC
For03488;32085624000145;REDE HEALTHY CE
For03489;17737428000114;HOSPITRONICA -
For03490;26294192000180;F V P COELHO
For03491;79250676000274;CIRÚRGICA JAW C
For03492;24980102000189;LOGGEN PRODUTOS
For03493;04292445000143;C R OXIGENIO GA
For03494;02377937000106;R.C - MOVEIS LT
For03495;30778749000125;G.P. VEZONO EIR
For03496;10588595000797;SANOFI MEDLEY F
For03497;02794555000420;COLOPLAST DO BR
For03498;07167191000120;SANOVIE INTERNA
For03499;09007162000126;MAUES LOBATO CO
For03500;14336329000132;SOL-MILLENNIUM
For03501;18809570000354;SUPPLEX COMERCI
For03502;10802526000149;GENESIS COMERCI
For03503;21234107000174;B. C. OLIVEIRA
For03504;30680100000177;JTH COMERCIO LT
For03505;13414166000104;CMF DISTRIBUIDO
For03506;14322092000130;SUPLEMEDIC COME
For03507;00938703000165;HOLLISTER DO BR
For03508;22888698000166;CV MEDICAL EIRE
For03509;06555143000146;TRADE MEDICAL C
For03510;41813885000125;RPC PRODUTOS E
For03511;04299175000100;RIMACRI COMERCI
For03512;26685436000155;GOLD CARE COMER
For03513;41738390000189;PL MED PRODUTOS
For03514;33986314000164;MAICON MARTINS
For03515;32981106000100;E. R DOS SANTOS
For03516;17211630000108;EXCELENCIA DO S
For03517;45216228000151;GM COMERCIAL HO
For03518;21689389000102;MBN SUPRIMENTOS
For03519;10242040000101;ANDES COMERCIAL
For03520;28449930000146;MARCELLE HORTER
For03521;19691725000100;SERRAMED PRODUT
For03522;11011753000119;VENTCARE INDUST
For03523;42905964000129;GRAZIELE PEREIR
For03524;00967987000118;MCS ADMINISTRAD
For03525;02662841000190;MASTERMED COMER
For03526;42441595000160;VITALMED DISTRI
For03527;21544672000138;W&J DISTRIBUIDO
For03528;30526342000100;MKM DISTRIBUIDO
For03529;09254808000170;MMW PRODUTOS HO
For03530;46709597000149;PROGRESSO MED D
For03531;46774467000190;AVAM FARMA DIST
For03532;42081183000167;HEALTH EXPERIEN
For03533;41977198000145;MAXXI VIX COMER
For03534;21699583000160;KYLIMP HOSPITAL
For03535;09427563000135;FRACMA COMERCIA
For03536;16805701000138;C L ORTOPEDIA L
For03537;36685847000102;IREMEDFARMA DIS
For03538;41665545000102;DNA MED BRASIL
For03539;27011022002076;BL INDUSTRIA OT
For03540;44607099000160;LA VIE MEDICAL
For03541;41414934000157;VMB DISTRIBUIDO
For03542;46242310000113;IMPACTA MED DIS
For03543;08583229000108;CARLA DE OLIVEI
For03544;79250676000355;CIRURGICA JAW C
For03545;14115388000261;ELLO DISTRIBUIC
For03546;33618090000138;ANCORA DISTRIBU
For03547;23400003000207;GMED FARMACEUTI
For03548;20035686000163;ORTOBENS DISTRI
For03549;31673254000102;LABORATORIOS B
For03550;36335560000144;OLIVEIRA E FEIT
For03551;26393102000108;E P BARBOSA COM
For03552;14596408000182;ITAMOBILE COMER
For03553;07827565000196;DL DENTAL LTDA
For03554;07752236000808;MEDILAR IMPORTA
For03555;09222369000113;DENTAL MARIA LT
For03556;38007920000104;V & V NUTRICAO
For03557;07707978000137;NEWCARE COMERCI
For03558;33192986000106;BIANCODENT EQUI
For03559;45157605000129;VRM IMPORT LTDA
For03560;37914402000101;LCP COMERCIO DE
For03561;37156206000115;DISTRIBUIDORA D
For03562;17033801000156;C. C. VIEIRA &
For03563;30584194000261;CROMO COMERCIO
For03564;33472974000127;AMPLA DISTRIBUI
For03565;33889341000119;MF TRANSPORTE,
For03566;12246862000188;SC MEDICAL COME
For03567;28820255000110;SUPREMA DENTAL
For03568;02683235000150;CENTRO OESTE CO
For03569;25386019000149;FARMODONTO PROD
For03570;20669174000159;K2 INDUSTRIA, C
For03571;30323616000164;QUICKBUM E-COMM
For03572;24871206000155;ODONTO AT COMER
For03573;27205945000104;ODONTOMED T/A L
For03574;32079203000101;SERTVAREJO LICI
For03575;20306488000197;UP DENT IMPORTA
For03576;46218314000166;PRIMEMED EQUIPA
For03577;07164711000140;FUFA-SC COMERCI
For03578;20618646000144;BOA VISTA COMER
For03579;37107761000157;PMW COMERCIO DE
For03580;24633934000129;CAMBER FARMACEU
For03581;21763961000128;MAX MED COMERCI
For03582;43834774000120;DENTAL SOORETAM
For03583;40152684000161;MAXMED DISTRIBU
For03584;02477571000147;DENTAL MED SUL
For03585;22679352000158;J.A. MEDICAMENT
For03586;09545032000147;J.A. COMERCIO D
For03587;09580548003067;SEROMA FARMACIA
For03588;17545961000184;ICARAI DO BRASI
For03589;31123309000100;MEDFLEX DISTRIB
For03590;39966868000186;TECNOLMED GESTA
For03591;12666139000158;QUALITY CIENTIF
For03592;36090736000145;SALVIOLI INDUST
For03593;72563158000180;NUTRIMED INDUST
For03594;05416754000140;MAKE LINE COMER
For03595;37055977000116;BRASVAL COMERCI
For03596;10855398000100;EXITUSMED COMER
For03597;04516470000163;TECNOPRINT IMPR
For03598;26089337000100;BELLPHARMA MEDI
For03599;05993698000379;1000MEDIC DISTR
For03600;18716271000103;REAL NUTRICAO C
For03601;42650279000107;LONDRIHOSP IMPO
For03602;01478274000153;S. B. DE ABREU
For03603;35848045000103;PRINCE MED DIST
For03604;05048534000101;NORTEMED DISTRIBUIDORA DE PRODUTOS MEDICOS LTDA
For03605;07944100000115;PROC9 INDUSTRIA QUIMICA LTDA
For03606;41733464000194;SHL - SAUDE HOSPITALAR E LABORATORIAL LTDA
For03607;05323167000107;CIRUBEL COMERCIO E REPRESENTACOES DE PRODUTOS MEDICOS E HOSPITALAR LTDA
For03608;33834782000113;D P AGUIAR LTDA
For03609;04860742000148;PARAFARMA MEDICAMENTOS E HOSPITALAR LTDA
For03610;05443348000177;CENTERMEDICA PRODUTOS HOSPITALARES LTDA
For03611;03652030000170;CENTERMEDI-COMERCIO DE PRODUTOS HOSPITALARES LTDA
For03612;37556213000104;AHCOR COMERCIO DE PRODUTOS ODONTOLOGICOS LTDA
For03613;44734671000151;CRISTALIA PRODUTOS QUIMICOS FARMACEUTICOS LTDA
For03614;41511821000170;DESTRA DISTRIBUIDORA DE MEDICAMENTOS LTDA
For03615;05782733000149;CIAMED - DISTRIBUIDORA DE MEDICAMENTOS LTDA.
For03616;07752236000808;MEDILAR IMPORTACAO E DISTRIBUICAO DE PRODUTOS MEDICO HOSPITALARES S/A
For03617;00895119000170;SANFARMA COMERCIO DE MEDICAMENTOS LTDA
For03618;04860635000110;FLORESTA COMERCIO DE ARTIGOS DE PERFUMARIA LTDA
For03619;31556536000111;DL DISTRIBUIDORA DE MEDICAMENTOS LTDA
For03620;36191620000100;MS HOSPITALAR LTDA
For03621;07752236000123;MEDILAR IMPORTACAO E DISTRIBUICAO DE PRODUTOS MEDICO HOSPITALARES S/A
For03622;12889035000102;INOVAMED HOSPITALAR LTDA
For03623;04355394000151;PROHOSP DISTRIBUIDORA DE MEDICAMENTOS LTDA.
For03624;42092374000124;GALLI E LIOTTO COMERCIO DE PRODUTOS HOSPITALARES LTDA
For03625;36602953000177;DIOMA PRODUTOS MEDICOS HOSPITALARES LTDA
For03626;02520829000140;DIMASTER - COMERCIO DE PRODUTOS HOSPITALARES LTDA.
For03627;41141956000190;PATOMEDI DISTRIBUIDORA DE MEDICAMENTOS E PRODUTOS HOSPITALARES LTDA
For03628;09944371000104;SULMEDIC COMERCIO DE MEDICAMENTOS LTDA
For03629;82225947000165;A G KIENEN & CIA LTDA
For03630;41319803000190;GENERICA ITATIBA DISTRIBUIDORA DE MEDICAMENTOS LTDA
For03631;00906250000195;MARMED COMERCIO DE MEDICAMENTOS LTDA
For03632;64171697000146;ACCORD FARMACEUTICA LTDA
For03633;35854418000140;AGRESTEMED COMERCIO DE PRODUTOS MEDICOS HOSPITALARES LTDA
For03634;43519181000170;ARSERVE PHARMA EPP LTDA
For03635;01549986000116;MICRO COMERCIO E SERVICOS LTDA
For03636;25279552000101;DISTRIBUIDORA DE MEDICAMENTOS BACKES LTDA
For03637;10782385000140;GB COMERCIO E DISTRIBUICAO LTDA
For03638;14261377000109;MAIS SAUDE COMERCIO DE PRODUTOS HOSPITALARES LTDA
For03639;43607262000121;INPHARMA HOSPITALAR LTDA
For03640;16553940000148;MEDMAX COMERCIO DE MEDICAMENTOS LTDA
For03641;25211499000107;MEDCOM COMERCIO DE MEDICAMENTOS HOSPITALARES LTDA
For03642;28911309000152;ESPIRITO SANTO DISTRIBUIDORA DE PRODUTOS HOSPITALARES LTDA
For03643;05895525000156;OBJETIVA PRODUTOS E SERVICOS P/ LABORATORIOS LTDA
For03644;40136720000101;DF2MED PRODUTOS HOSPITALARES LTDA
For03645;15068089000103;KFMED DISTRIBUIDORA DE MEDICAMENTOS LTDA
For03646;36325157000134;COSTA CAMARGO COM. DE PRODUTOS HOSPITALARES LTDA
For03647;26921908000121;HOSPFAR INDUSTRIA E COMERCIO DE PRODUTOS HOSPITALARES S.A.
For03648;01571702000198;HALEX ISTAR INDUSTRIA FARMACEUTICA SA
For03649;38140640000170;A2 DISTRIBUIDORA BRASIL LTDA
For03650;04307650002502;ONCO PROD DISTRIBUIDORA DE PRODUTOS HOSPITALARES E ONCOLOGICOS LTDA.
For03651;00512932000113;QUALYS DIAGNOSTICOS COMERCIO LTDA.
For03652;10586940000168;ONCOVIT DISTRIBUIDORA DE MEDICAMENTOS LTDA
For03653;12420164000157;CM HOSPITALAR S.A.
For03654;05439635000103;ANTIBIOTICOS DO BRASIL LTDA.
For03655;81706251000198;PROMEFARMA MEDICAMENTOS E PRODUTOS HOSPITALARES LTDA
For03656;44134704000122;L.E. COMERCIO DE MEDICAMENTOS E MATERIAIS HOSPITALARES LTDA
For03657;16970999000131;DMC DISTRIBUIDORAS, COMERCIO D MEDICAMENTOS LTDA
For03658;23228076000174;CMH - CENTRAL DE MEDICAMENTOS HOSPITALARES LTDA
For03659;34715539000149;QALYCARE DISTRIBUIDORA E IMPORTADORA LTDA
For03660;26847096000111;CIRURGICA ITAMBE LTDA
For03661;12418191000195;CONQUISTA DISTRIBUIDORA DE MEDICAMENTOS E PRODUTOS HOSPITALARES LTDA
For03662;67729178000572;COMERCIAL CIRURGICA RIOCLARENSE LTDA
For03663;08588015000124;JARDIM MEDICA LTDA
For03664;08676370000155;DISTRIBUIDORA DE MEDICAMENTOS PRO SAUDE LTDA
For03665;10566711000181;DIFE DISTRIBUIDORA DE MEDICAMENTOS LTDA
For03666;24586988000180;CIRURGICA NOSSA SENHORA LTDA
For03667;78935400001409;FARMACIA VALE VERDE LTDA
For03668;00358519000146;RCC - DISTRIBUIDORA DE MEDICAMENTOS, CORRELATOS E PRODUTOS MEDICOS E HOSPITALARES LTDA
For03669;46116717000102;CIRURGICA PRIME LTDA
For03670;36169491000146;NOVA CIRURGICA COMERCIO DE PRODUTOS HOSPITALARES LTDA
For03671;03022656000101;PROFILATICA PRODUTOS ODONTO MEDICO HOSPITALARES S.A.
For03672;04071245000160;LICIMED DISTRIBUIDORA DE MEDICAMENTOS, CORRELATOS E PRODUTOS MEDICOS E HOSPITALARES LTDA
For03673;55309074000104;CIRURGICA SAO JOSE LTDA
For03674;32573503000142;HERLAU ATACADISTA DE PRODUTOS HOSPITALARES LTDA
For03675;24875483000136;ESSENCIAL RIO DISTRIBUIDORA DE PRODUTOS MEDICOS E HOSPITALARES LTDA
For03676;00809672000142;FARMALIBRA COMERCIO DE PRODUTOS HOSPITALARES LTDA
For03677;37140339000101;A.L.V. DISTRIBUIDORA DE PRODUTOS HOSPITALARES LTDA
For03678;05400006000170;FABMED DISTRIBUIDORA HOSPITALAR LTDA
For03679;07484373000124;UNI HOSPITALAR LTDA
For03680;07936621000120;DROGA MAIS FARMACEUTICA LTDA
For03681;44152616000153;UP DISTRIBUIDORA LTDA
For03682;11195057000100;AVAREMED DISTRIBUIDORA DE MEDICAMENTOS LTDA
For03683;40600760000154;LEMAN MEDICAMENTOS E CIA LTDA
For03684;08572890000118;ARCMED ANDREOLI COMERCIO DE ARTIGOS HOSPITALARES LTDA
For03685;40788766000105;CIRURGICA BRASIL DISTRIBUIDORA DE MEDICAMENTOS LTDA
For03686;76386283000113;DIMEVA DISTRIBUIDORA E IMPORTADORA LTDA
For03687;08958628000106;ONCOEXO DISTRIBUIDORA DE MEDICAMENTOS LTDA
For03688;82277955000740;NOVO NORDISK FARMACEUTICA DO BRASIL LTDA
For03689;33009945000204;PRODUTOS ROCHE QUIMICOS E FARMACEUTICOS S A
For03690;24009233000113;M.R. HOSPITALAR LTDA
For03691;24602657000197;RALIC COMERCIO E DISTRIBUICAO LTDA
For03692;02078622000168;BIOMEDICAL COMERCIO E DISTRIBUICAO DE PRODUTOS CORRELATOS LTDA
For03693;40724582000173;FIA COMERCIO DE PRODUTOS HOSPITALARES LTDA
For03694;40256200000124;MEDS COMERCIO DE MEDICAMENTOS, PRODUTOS E EQUIPAMENTOS HOSPITALARES LTDA
For03695;08231734000193;FUTURA COMERCIO DE PRODUTOS MEDICOS E HOSPITALARES LTDA
For03696;28013023000150;W D DISTRIBUIDORA E COMERCIO ATACADISTA DE MEDICAMENTOS LTDA
For03697;20202872000140;PROVIP DISTRIBUIDORA HOSPITALAR LTDA
For03698;31908034000102;CIRURGICA SERRA MAR LTDA
For03699;73856593000166;PRATI, DONADUZZI & CIA LTDA
For03700;11195977000128;MEDICAH COMERCIO DE MEDICAMENTOS LTDA
For03701;16776949000118;START MED DISTRIBUIDORA LTDA
For03702;41350665000102;DISTRISOL DISTRIBUIDORA DE MATERIAL LTDA
For03703;03828079000131;SICAFLA COMERCIO DE PRODUTOS FARMACEUTICOS LTDA
For03704;03485572000104;GEOLAB INDUSTRIA FARMACEUTICA S/A
For03705;90251109000194;DIMACI MATERIAL CIRURGICO LTDA
For03706;03749855000108;R.A.M MARQUES COMERCIO DE PRODUTOS MEDICOS LTDA
For03707;29866886000132;GREEN DISTRIBUIDORA DE MEDICAMENTOS LTDA
For03708;02814497000700;CIMED INDUSTRIA S.A.
For03709;40710180000110;FARMABES MATERIAIS HOSPITALARES LTDA
For03710;14115388000261;ELLO DISTRIBUICAO LTDA
For03711;35472743000149;HEALTH DISTRIBUIDORA DE MEDICAMENTOS LTDA
For03712;42241234000170;POWER MED MATERIAL HOSPITALAR LTDA
For03713;25161681000109;PRATICA MEDICA COMERCIO E SERVICOS LTDA
For03714;09053134000145;ELFA MEDICAMENTOS S.A
For03715;35676420000177;ONIX FARMA PRODUTOS HOSPITALARES LTDA
For03716;46390694000111;A HOSPITALAR E PRODUTOS PARA SAUDE LTDA
For03717;30557974000131;C&W COMERCIO EM GERAL LTDA
For03718;20159008000102;MARMED DISTRIBUIDORA DE MEDICAMENTOS E MATERIAL HOSPITALAR LTDA
For03719;45763951000150;SLIM MED PRODUTOS HOSPITALARES LTDA
For03720;26921908000202;HOSPFAR INDUSTRIA E COMERCIO DE PRODUTOS HOSPITALARES S.A.
For03721;35067853000125;TECHPHARMA HOSPITALAR COMERCIO, IMPORTACAO E EXPORTACAO LTDA
For03722;26396672000151;BRASMED DISTRIBUIDORA DE PRODUTOS HOSPITALARES LTDA
For03723;38014290000103;ISABEL CRISTINA MORAES MARINHO E CIA LTDA
For03724;26156923000120;EXPRESS DISTRIBUIDORA DE MEDICAMENTOS LTDA
For03725;21438123000189;BR SUL DISTRIBUIDORA DE MEDICAMENTOS LTDA
For03726;27168027000144;J B T INDUSTRIA E COMERCIO DE IMPORTACAO EXPORTACAO LTDA
For03727;35741003000160;D3 BRAZIL SUPRIMENTOS LTDA
For03728;40274237000185;CLM FARMA COMERCIO E DISTRIBUIDORA DE MEDICAMENTOS LTDA
For03729;07316691000186;FORMULAS MAGISTRAIS MANIPULACOES ESPECIAIS LTDA
For03730;26965609000199;CECHETTI & KEDIZ - COMERCIO E DISTRIBUIDORA DE MEDICAMENTOS LTDA
For03731;11634742000195;HRX PRODUTOS HOSPITALARES LTDA
For03732;58430828000160;BLAU FARMACEUTICA S.A.
For03733;42227547000174;MED4 IMPORTADORA E DISTRIBUIDORA LTDA
For03734;00088317000121;VICTORIA COMERCIO DE PRODUTOS HOSPITALARES LTDA
For03735;18809570000354;SUPPLEX COMERCIO E SERVICOS LTDA
For03736;05912018000183;MERCO SOLUCOES EM SAUDE S/A
For03737;43231355000102;MEDICINALE DISTRIBUIDORA DE MEDICAMENTOS E MATERIAIS HOSPITALARES LTDA
For03738;26325797000190;EREMIX INDUSTRIA DE ALIMENTOS ESPECIAIS LTDA
For03739;40951414000110;NF FARMACEUTICA E LOGISTICA LTDA
For03740;14595725000184;NOVASUL COMERCIO DE PRODUTOS HOSPITALARES LTDA
For03741;35250918000173;L FERREIRA DA COSTA DISTRIBUIDORA DE MEDICAMENTOS
For03742;65817900000171;AGLON COMERCIO E REPRESENTACOES LTDA
For03743;21227039000116;LIFE CENTER COMERCIO E DISTRIBUIDORA DE MEDICAMENTOS LTDA
For03744;28123417000160;PARTNER FARMA DISTRIBUIDORA DE MEDICAMENTOS LTDA
For03745;41340103000188;EREMED DISTRIBUIDORA DE MEDICAMENTOS LTDA
For03746;06881482000112;BIOMED PRODUTOS MEDICOS E HOSPITALARES LTDA
For03747;03019611000170;MEDICAL FARM NORTE COMERCIO LTDA
For03748;44779242000109;P H COMERCIO DE PRODUTOS MEDICOS HOSPITALARES LTDA
For03749;07760277000161;MEDMAX - COMERCIO DE EQUIPAMENTOS MEDICOS E SIMILARES LTDA
For03750;13085369000196;CAPROMED FARMACEUTICA LTDA
For03751;17263792000190;REALMED DISTRIBUIDORA LTDA
For03752;20419709000133;CIRURGICA ONIX LTDA
For03753;02873606000167;ALMINHANA COMERCIO E REPRESENTACAO LTDA
For03754;01140868000150;CIRURGICA OLIMPIO LTDA
For03755;14271474000182;FRAGNARI DISTRIBUIDORA DE MEDICAMENTOS LTDA.
For03756;13081833000176;BIOMED DISTRIBUIDORA HOSPITALAR LTDA
For03757;28820255000110;SUPREMA DENTAL IMPORTACAO, EXPORTACAO E COMERCIO DE PRODUTOS ODONTOLOGICOS LTDA
For03758;19717412000175;DROGARIA PIUMHI LTDA
For03759;05740310000166;FARMACIA PEREIRA GARCIA LTDA
For03760;36958637000132;MEDKA DISTRIBUIDORA HOSPITALAR LTDA
For03761;09412526000153;ALESSANDRO REZENDE SANTOS LTDA
For03762;12047164000153;GLOBAL HOSPITALAR IMPORTACAO E COMERCIO SA
For03763;38460625000109;JGM PRODUTOS PARA SAUDE LTDA
For03764;21257684000181;KENAN MEDICAMENTOS LTDA
For03765;20590555000148;AGIL MEDICAMENTOS LTDA
For03766;33551382000109;AMC SAUDE COMERCIAL HOSPITALAR LTDA
For03767;07455576000192;VIDA FORTE NUTRIENTES INDUSTRIA E COMERCIO DE PRODUTOS NATURAIS LTDA
For03768;03612312000144;NUTRIPORT COMERCIAL LTDA.
For03769;20182918000106;APG COMERCIAL LTDA
For03770;30518878000184;MEDIC &  NUTRE COMERCIO LTDA
For03771;10279430000148;ROSILENE VIEIRA LOPES
For03772;21026898000147;LGM COMERCIO E REPRESENTACOES DE PRODUTOS ALIMENTICIOS EM GERAL LTDA
For03773;05980425000128;VAL MED PRODUTOS E EQUIPAMENTOS MEDICOS HOSPITALAR LTDA
For03774;42946717000170;ULTRA MED DISTRIBUIDORA DE MEDICAMENTOS LTDA
For03775;20918668000120;MEDICINALI PRODUTOS PARA SAUDE LTDA
For03776;36099392000135;APOTEK DISTRIBUIDORA DE MEDICAMENTOS E MATERIAIS HOSPITALARES LTDA
For03777;22554493000144;ABM HOSPITALAR LTDA
For03778;28387424000170;M MED COMERCIAL DE MEDICAMENTOS E PRODUTOS HOSPITALARES LTDA
For03779;30981531000173;HM CIRURGICA LTDA
For03780;21433209000119;DROGARIA BARRA LIMA LTDA
For03781;06149569000108;MED CARMO HOSPITALAR LTDA
For03782;24564626000199;TEMPO COMERCIAL DISTRIBUIDORA DE MEDICAMENTOS LTDA
For03783;36325157000215;COSTA CAMARGO COM. DE PRODUTOS HOSPITALARES LTDA
For03784;21949562000156;YVMED PROMOCAO DE VENDAS LTDA
For03785;01449930000190;SIEMENS HEALTHCARE DIAGNOSTICOS LTDA.
For03786;03716644000179;CASA DO BOI PRODUTOS AGROPECUARIOS LTDA
For03787;26605573000132;CENUTRI COMERCIO E SERVICOS LTDA
For03788;04380569000180;J R G DISTRIBUIDORA DE MEDICAMENTOS HOSPITALARES LTDA
For03789;09944371000368;SULMEDIC COMERCIO DE MEDICAMENTOS LTDA
For03790;36412960000106;M3 CARE SERVICO E COMERCIO DE MATERIAS HOSPITALARES LTDA
For03791;14416886000163;COBERMED COMERCIO DE MATERIAIS MEDICOS LTDA
For03792;07032320000172;MEDICAL CENTER COMERCIO DE PRODUTOS HOSPITALARES LTDA
For03793;14224864000100;HL MED COMERCIAL DE PRODUTOS HOSPITALARES LTDA
For03794;31187918000115;ALLFAMED COMERCIO ATACADISTA DE MEDICAMENTOS LTDA
For03795;33160739000110;HOSP MEDICAL - COMERCIO DE MATERIAL MEDICO  E MEDICAMENTOS HOSPITALARES LTDA
For03796;10656587000145;CIRURGICA MS LTDA
For03797;15218561000139;NNMED - DISTRIBUICAO, IMPORTACAO E EXPORTACAO DE MEDICAMENTOS LTDA
For03798;41778326000121;MED & FARMA COMERCIO ATACADISTA MEDICAMENTOS LTDA
For03799;09478023000180;ODONTOMED COMERCIO DE PRODUTOS MEDICO HOSPITALARES LTDA
For03800;39707683000157;GTMED DISTRIBUIDORA DE MATERIAIS E EQUIPAMENTOS HOSPITALARES E ODONTOLOGICOS LTDA
For03801;43463126000105;LIVMED MATERIAIS E EQUIPAMENTOS HOSPITALARES LTDA
For03802;17472278000164;GOLDENPLUS - COMERCIO DE MEDICAMENTOS E PRODUTOS HOSPITALARES LTDA
For03803;10779833000156;MEDICAL MERCANTIL DE APARELHAGEM MEDICA LTDA
For03804;08160290000142;FARMAGUEDES COMERCIO DE PRODUTOS FARMACEUTICOS, MEDICOS E HOSPITALARES LTDA
For03805;57532343000114;LM FARMA INDUSTRIA E COMERCIO LTDA
For03806;34558660000104;APROMEDICA COMERCIO DE MEDICAMENTOS E PRODUTOS HOSPITALARES  LTDA
For03807;08819724000173;LAGEAN COMERCIO E REPRESENTACAO LTDA
For03808;36629597000185;SAFRAMED HOSPITALAR LTDA
For03809;20226846000151;ALLMED DISTRIBUIDORA E COMERCIO DE PRODUTOS FARMACEUTICOS LTDA
For03810;26457348000104;C.A. HOSPITALAR LTDA
For03811;13977860000121;ATECNOMED ASSISTENCIA E COMERCIO DE PRODUTOS HOSPITALARES LTDA
For03812;24399184000172;CIRURGICA PLENA PRODUTOS HOSPITALARES LTDA
For03813;31009591000191;GLOBOMED DISTRIBUIDORA DE MEDICAMENTOS LTDA
For03814;32635445000134;VALE COMERCIO DE PRODUTOS MEDICOS E HOSPITALARES LTDA
For03815;32708161000120;PROLINE MATERIAL HOSPITALAR LTDA
For03816;01470743000198;BLUMEDICA PRODUTOS MEDICOS E CIRURGICOS LTDA
For03817;09396523000173;PROMISSE COMERCIO DE MATERIAIS MEDICO HOSPITALARES LTDA
For03818;02375705000119;DENTAL SUL AMERICA COMERCIAL LTDA
For03819;26240632000116;DENTAL HIGIX PRODUTOS ODONTOLOGICOS MEDICOS HOSPITALARES LTDA.
For03820;29700587000123;PRIORITTA PRODUTOS HOSPITALARES LTDA
For03821;39610184000147;CIRURGICA ASSIS DISTRIBUIDORA DE PRODUTOS PARA SAUDE LTDA
For03822;10855398000100;EXITUSMED COMERCIO DE PRODUTOS MEDICO HOSPITALARES LTDA
For03823;03889336000145;PRO-VIDA COMERCIO DE EQUIPAMENTOS LTDA
For03824;26554718000113;LFP COMERCIO DE PRODUTOS PARA SAUDE LTDA
For03825;33348467000186;SHALON FIOS CIRURGICOS LTDA
For03826;05247406000197;TORRE FORTE ATACADO E VAREJO LTDA
For03827;29426310000154;CIRURGICA ITAMARATY COMERCIAL LTDA
For03828;37374797000105;PONTOMEDI DISTRIBUIDORA DE MEDICAMENTOS LTDA
For03829;09676256000198;MEDICAMENTOS DE AZ LTDA
For03830;32743242000161;CAVALLI COMERCIO DE PRODUTOS MEDICOS E HOSPITALARES LTDA
For03831;20352354000102;GC LAB DIAGNOSTICOS LTDA
For03832;28643008000195;SANTO REMEDIO -COMERCIO DE PRODUTOS MEDICO-HOSPITALAR LTDA
For03833;33347844000162;DIAGVIX EQUIPAMENTOS E SERVICOS LTDA
For03834;37509082000104;MSO BIOMED PRODUTOS LABORATORIAIS LTDA
For03835;00562583000144;RENYLAB - QUIMICA E FARMACEUTICA LTDA
For03836;22968511000134;MCS ATACADISTA DE MEDICAMENTOS E PRODUTOS FARMACEUTICOS LTDA
For03837;05330520000186;UNIBIO DISTRIBUIDORA E SERVICOS LTDA
For03838;39639612000164;RILAB HOSPITALAR LTDA
For03839;12812677000103;MC CIRURGICA PRODUTOS HOSPITALARES LTDA
For03840;32910616000196;BS DISTRIBUIDORA HOSPITALAR LTDA
For03841;29868059000188;HOSPITALMED LTDA
For03842;34223536000198;LICITE SAUDE COMERCIO DE PRODUTOS HOSPITALARES LTDA
For03843;48368182000184;OUROMED DISTRIBUIDORA DE MEDICAMENTOS LTDA
For03844;05003408000483;CRISTALFARMA COMERCIO REPRESENTACAO IMPORTACAO E EXPORTACAO LTDA
For03845;30680100000177;JTH COMERCIO LTDA
For03846;07094705000164;HOSPSHOP PRODUTOS HOSPITALARES LTDA
For03847;46344793000167;L N SILVA DISTRIBUIDORA  LTDA
For03848;34875727000134;LOBATO COMERCIO DE PRODUTOS HOSPITALARES LTDA
For03849;16647278000195;PARAMED DISTRIBUIDORA DE MEDICAMENTOS LTDA
For03850;04307650000305;ONCO PROD DISTRIBUIDORA DE PRODUTOS HOSPITALARES E ONCOLOGICOS LTDA.
For03851;07943870000143;MED-SUR COM. DE MATERIAL HOSPITALAR LTDA
For03852;47783547000174;SEND PHARMA DISTRIBUIDORA DE MEDICAMENTOS E MATERIAIS HOSPITALARES LTDA
For03853;21681325000157;MULTIFARMA COMERCIO E REPRESENTACOES LTDA.
For03854;44734671002286;CRISTALIA PRODUTOS QUIMICOS FARMACEUTICOS LTDA
For03855;03634617000157;AZULPHARMA DISTRIBUIDORA DE MEDICAMENTOS LTDA
For03856;41365113000178;NOVA MEDICAMENTOS LTDA
For03857;41227287000174;ORTHOFACOS PRODUTOS PARA ORTOPEDIA E OFTALMOLOGIA LTDA
For03858;67729178000653;COMERCIAL CIRURGICA RIOCLARENSE LTDA
For03859;06106005000180;STOCK MED S.A
For03860;01857076000109;VALINPHARMA COMERCIO E REPRESENTACOES LTDA
For03861;12420164000319;CM HOSPITALAR S.A.
For03862;10596721000160;GEORGINI PRODUTOS HOSPITALARES LTDA
For03863;40061543000133;CREDPHARMA COMERCIO DE MEDICAMENTOS LTDA
For03864;24614797000185;INDMED HOSPITALAR LTDA
For03865;00064780000133;HS MED COMERCIO DE ARTIGOS HOSPITALARES LTDA
For03866;10985550000160;I C L L MENDES EIRELI
For03867;31317338000103;PAC SAUDE DISTRIBUIDORA LTDA
For03868;13835264000107;DROGAMED COMERCIO E MANUTENCAO DE APARELHOS ELETRO MEDICOS LTDA
For03869;02946060000127;PROLINE INDUSTRIA E COMERCIO LTDA
For03870;26089337000100;BELLPHARMA MEDICAMENTOS LTDA
For03871;04922653000189;NORDESTE HOSPITALAR IMPORTACAO E EXPORTACAO LTDA
For03872;15439366000139;EREFARMA PRODUTOS PARA SAUDE LTDA
For03873;06170280000162;INOVAMEDICA COMERCIO DE PRODUTOS MEDICOS LTDA
For03874;02475985000137;COVAN - COMERCIO VAREJISTA E ATACADISTA DO NORTE LTDA
For03875;33673687000185;J J SOUZA COMERCIO DE PRODUTOS MEDICOS HOSPITALARES LTDA
For03876;03595984000199;JR LACERDA MATERIAL MEDICO HOSPITALAR LTDA
For03877;17700763000148;MEDFUTURA DISTRIBUIDORA DE MEDICAMENTOS E PRODUTOS DE SAUDE LTDA
For03878;45992528000122;DLW COMERCIAL DISTRIBUIDORA LTDA
For03879;14905502000176;EXCLUSIVA DISTRIBUIDORA DE MEDICAMENTOS LTDA
For03880;37156206000115;DISTRIBUIDORA DE MEDICAMENTOS E DROGARIA 23 LTDA
For03881;01009452000105;D C S VASCONCELOS
For03882;03602727000137;D L HOSPITALAR DISTRIBUIDORA DE MEDICAMENTOS LTDA
For03883;23312871000146;EXEMPLARMED COMERCIO DE PRODUTOS HOSPITALARES LTDA
For03884;36028477000122;HIPERFAR MATERIAIS HOSPITALAR E MEDICAMENTOS LTDA
For03885;23141314000100;CIRURGICA AL-STYN LTDA
For03886;41347974000123;ZAFRA DISTRIBUIDORA DE MEDICAMENTOS E PRODUTOS HOSPITALARES LTDA
For03887;10749758000180;A.D. DAMINELLI LTDA
For03888;04890798000145;ORTOM INDUSTRIA TEXTIL LTDA
For03889;46709597000149;PROGRESSO MED DISTRIBUIDORA LTDA
For03890;28093678000185;F&F DISTRIBUIDORA DE MEDICAMENTOS LTDA
For03891;29032903000136;PLENA MEDICA HOSPITALAR LTDA
For03892;04470877000105;MEDIGRAM COMERCIO DE MEDICAMENTOS LTDA
For03893;29907666000100;VYP MATERIAL HOSPITALAR COMERCIO, IMPORTACAO E EXPORTACAO LTDA
For03894;10447355000187;VIVA FARMACEUTICA SA
For03895;54258488000180;FARMACIA FRUTAL LTDA
For03896;18269125000187;BIOHOSP PRODUTOS HOSPITALARES SA
For03897;85477586000132;ECO-FARMAS COMERCIO DE MEDICAMENTOS LTDA
For03898;64815897000194;TRIUNFAL MARILIA COMERCIAL LIMITADA
For03899;25101524000108;R&C DISTRIBUIDORA DE PRODUTOS FARMACEUTICOS LTDA
For03900;21153043000187;H. F. E. COMERCIO DE MATERIAL MEDICO HOSPITALAR LTDA
For03901;03326125000102;DONEGATE DISTRIBUIDORA LTDA
For03902;20740314000138;J M M PAULA GARCIA DISTRIBUIDORA
For03903;23720752000122;JARDIM DISTRIBUIDORA DE COSMETICOS LTDA
For03904;16902612000100;DISTRIMEDICA COMERCIO DE PRODUTOS MEDICOS E ODONTOLOGICOS LTDA
For03905;34729047000102;NSA DISTRIBUIDORA DE MEDICAMENTOS LTDA
For03906;45774742000102;CASSOLE AGUIAR DROGARIA LTDA
For03907;12882932000194;EXOMED COMERCIO ATACADISTA DE MEDICAMENTOS LTDA
For03908;22862531000126;TOP NORTE COMERCIO DE MATERIAL MEDICO HOSPITALAR LTDA
For03909;27718661000103;ARMAZEM DOS MEDICAMENTOS LTDA
For03910;05159591000168;PRO-REMEDIOS DISTRIBUIDORA DE PRODUTOS FARMACEUTICOS E COSMETICOS LTDA
For03911;41516065000171;LIDER MED LTDA
For03912;14665928000108;VOLPHARMA DISTRIBUIDORA DE PRODUTOS HOSPITALARES E FARMACEUTICOS LTDA
For03913;39499710000143;MEDICOM RIO FARMA LTDA
For03914;49228695000152;LUMAR COMERCIO DE PRODUTOS FARMACEUTICOS LTDA
For03915;31673254000102;LABORATORIOS B BRAUN SA
For03916;15145035000196;RIOBAHIAFARMA COMERCIO E DISTRIBUICAO DE PRODUTOS MEDICOS E COSMETICOS LTDA
For03917;03530984000291;CABORONGA COMERCIAL LTDA
For03918;67729178000220;COMERCIAL CIRURGICA RIOCLARENSE LTDA
For03919;02376490000150;MEDICAL SUTURE COMERCIO DE MATERIAL HOSPITALAR LTDA
For03920;09608095000103;MEDMACH SOLUCOES HOSPITALARES LTDA
For03921;13042708000157;ZELO COMERCIO E DISTRIBUIDORA DE PRODUTOS HOSPITALARES LTDA
For03922;25296849000185;TIDIMAR COMERCIO DE PRODUTOS MEDICOS HOSPITALARES LTDA
For03923;35253171000107;AMP COMERCIO DE PRODUTOS HOSPITALARES LTDA
For03924;26364969000135;HOSPITALARES - DISTRIBUIDORA DE MEDICAMENTOS E CORRELATOS LTDA
For03925;15346274000104;HOSPLAB PRODUTOS HOSPITALARES E LABORATORIAL LTDA
For03926;10208087000140;CIRURGICA MEDCENTER MARILIA LTDA
For03927;64171697000499;ACCORD FARMACEUTICA LTDA
For03928;16665873000153;MARCA DISTRIBUIDORA DE MEDICAMENTOS E MATERIAIS HOSPITALARES LTDA
For03929;23552212000187;ROCHE DIABETES CARE BRASIL LTDA
For03930;43025186000146;WF DISTRIBUIDORA DE MEDICAMENTOS LTDA
For03931;25773037000183;PHARMASCIENCE INDUSTRIA FARMACEUTICA S.A
For03932;03213418000175;BUNKER COMERCIAL LTDA
For03933;25031668000127;SAMEH SOLUCOES HOSPITALARES LTDA
For03934;45992062000165;GERMED FARMACEUTICA LTDA
For03935;02501297000102;PHARLAB INDUSTRIA FARMACEUTICA S.A
For03936;22635177000105;MEDICOM LTDA
For03937;42799163000126;BH FARMA COMERCIO LTDA
For03938;56994502002698;NOVARTIS BIOCIENCIAS SA
For03939;31912939000156;ATHOS RIO PRODUTOS MEDICOS HOSPITALARES LTDA
For03940;41342194000190;HOSPMED - COMERCIO ATACADISTA E VAREJISTA DE PRODUTOS MEDICOS E HOSPITALARES LTDA
For03941;16699864000183;SANTE MEDICA HOSPITALAR LTDA
For03942;38329458000161;BIOMED DISTRIBUIDORA DE MEDICAMENTOS LTDA
For03943;49324221000880;FRESENIUS KABI BRASIL LTDA.
For03944;00085822000112;ESPECIFARMA COM DE MEDICAMENTOS E PRO HOSPITALARES LTDA
For03945;00447821003005;DROGARIA ROSARIO S/A
For03946;14115388000180;ELLO DISTRIBUICAO LTDA
For03947;24331585000190;MULTICARE PHARMACEUTICALS LTDA
For03948;44607099000160;LA VIE MEDICAL LTDA
For03949;29349061000140;QUIRON PHARMA LTDA
For03950;37714493000131;FARMAMED COMERCIO DE MEDICAMENTOS LTDA
For03951;34620735000130;GHOLDMED DISTRIBUIDORA DE PRODUTOS HOSPITALARES LTDA
For03952;39906592000140;COMERCIAL RIFARMA DE MEDICAMENTOS LTDA
For03953;07729330000161;DROGARIA BIOFARMA JUSSARA LTDA
For03954;06968107000104;R.A.P.-APARECIDA - COMERCIO DE MEDICAMENTOS LTDA
For03955;21189554000159;TS FARMA DISTRIBUIDORA LTDA
For03956;06086578000199;M. G. GIACOMETTI DROGARIA LTDA
For03957;32694553000188;NUTRIPLAN COMERCIAL LTDA
For03958;09315996000107;COMERCIAL MARK ATACADISTA LTDA
For03959;21008058000151;FERNANDO UNIFORMES LTDA
For03960;10807173000170;MEDPOA COMERCIO DE MATERIAL HOSPITALAR LTDA
For03961;00072182000106;ROSSI PRODUTOS HOSPITALARES LTDA
For03962;09007162000126;MAUES LOBATO COMERCIO E REPRESENTACOES LTDA
For03963;04027894000164;DUPATRI HOSPITALAR COMERCIO, IMPORTACAO E EXPORTACAO LTDA.
For03964;04718347000125;LONGEVITA PRODUTOS HIGIENICOS LTDA - EM LIQUIDACAO
For03965;01733345000117;NOELI VIEIRA DISTRIBUIDORA DE SOROS E EQUIPAMENTOS MEDICOS LTDA
For03966;05905525000190;BIOSUL PRODUTOS DIAGNOSTICOS LTDA
For03967;08157293000127;NATCOFARMA DO BRASIL LTDA
For03968;44463156000184;SERVIMED COMERCIAL LTDA
For03969;32654902000138;PLENA DISTRIBUIDORA DE MATERIAIS ELETRICOS E HIDRAULICOS LTDA
For03970;11318264000104;WEL DISTRIBUIDORA DE MEDICAMENTOS E PRODUTOS PARA A SAUDE LTDA
For03971;15038394000144;CLAUDIA CRISTIANI OLIVEIRA FERREIRA
For03972;00411441000186;MK PRODUTOS MEDICO HOSPITALARES LTDA
For03973;05234897000131;NATEK  NATUREZA E TECNOLOGIA, INDUSTRIA E COMERCIO DE PRODUTOS BIOTECNOLOGICOS LTDA
For03974;39691295000125;MEDIAC MEDICAMENTOS E ACESSORIOS HOSPITALARES LTDA
For03975;34186181000104;DLM HOSPITALAR LTDA
For03976;43564904000152;BR DISTRIBUICAO DE MEDICAMENTOS E MATERIAIS HOSPITALARES LTDA
For03977;41568143000181;SEABRA HOSPITALAR LTDA
For03978;10544006000183;BIO-SAUDE COMERCIO E REPRESENTACOES LTDA
For03979;25321906000139;BROILO DISTRIBUIDORA DE PRODUTOS FARMACEUTICOS LTDA
For03980;63796718000156;DL SAUDE LTDA
For03981;34772843000128;NOVA OESTE  DISTRIBUIDORA DE MEDICAMENTOS LTDA
For03982;67729178000149;COMERCIAL CIRURGICA RIOCLARENSE LTDA
For03983;37844754000138;W. ARAUJO DISTRIBUIDORA DE MEDICAMENTOS LTDA
For03984;27029310000195;OLINDA MATERIAIS HOSPITALARES LTDA
For03985;41488836000164;B L C COMERCIO DE MATERIAIS LTDA
For03986;02223342000104;STARMED ARTIGOS MEDICOS E HOSPITALARES LTDA
For03987;34351642000157;ALPHAMED COMERCIO DE PRODUTOS HOSPITALARES LTDA
For03988;13287059000154;JAMARI COMERCIO E EMPREENDIMENTOS LTDA
For03989;07294636000132;MD MATERIAL HOSPITALAR LTDA
For03990;42017679000171;ALFA HOSPITALAR DISTRIBUIDORA MATERIAL MEDICO E HOSPITALAR LTDA
For03991;33315644000128;M & D COMERCIAL HOSPITALAR LTDA
For03992;49475833000106;BIOLAB SANUS FARMACEUTICA LTDA
For03993;06234797000259;EXPRESSA DISTRIBUIDORA DE MEDICAMENTOS LTDA
For03994;02165865000133;SUPRAMED COMERCIO DE PRODUTOS ODONTO MEDICO-HOSPITALAR LTDA
For03995;35474953000176;LAMED COMERCIO E REPRESENTACAO LTDA.
For03996;21116490000166;F B COMERCIO DE PRODUTOS E EQUIPAMENTOS LTDA
For03997;60665981000541;UNIAO QUIMICA FARMACEUTICA NACIONAL S A
For03998;21595464000168;UNI HOSPITALAR CEARA LTDA
For03999;23493764000161;P G LIMA COM LTDA
For04000;34093466000109;DMB - DISTRIBUIDORA DE MEDICAMENTOS BELTRAO LTDA
For04001;32137731000170;A J COMERCIO ATACADISTA DE MEDICAMENTOS E PRODUTOS HOSPITALAR LTDA
For04002;18606861000183;SALUTE DISTRIBUIDORA DE MEDICAMENTOS E PRODUTOS HOSPITALARES LTDA
For04003;19056683000127;BIOFAR HOSPITALAR LTDA
For04004;31030858000122;MEDIC LIFE DISTRIBUIDORA DE MEDICAMENTOS LTDA
For04005;24626549000154;INSTRUMED INSTRUMENTOS MEDICOS HOSPITALARES LTDA
For04006;19442190000125;AURAMEDI FARMACEUTICA LTDA
For04007;05003408000130;CRISTALFARMA COMERCIO REPRESENTACAO IMPORTACAO E EXPORTACAO LTDA
For04008;34380863000153;SOU MAIS SAUDE COMERCIO DE EQUIPAMENTOS MEDICOS LTDA
For04009;02683235000150;CENTRO OESTE COMERCIO E SERVICOS LTDA
For04010;06886136000127;MEDCOM COMERCIO REPRESENTACOES E SERVICOS LTDA
For04011;11311773000105;OKEY-MED DISTRIBUIDORA DE MEDICAMENTOS HOSPITALARES ODONTOLOGICOS IMPORTACOES E EXPORTACOES LTDA
For04012;96827563000127;MEDISIL MEDICAMENTOS LTDA
For04013;46381269000166;NUTRI-ELE DISTRIBUIDORA DE NUTRICAO, CORRELATOS E PRODUTOS MEDICOS E HOSPITALARES LTDA
For04014;43751565000113;RF PRODUTOS HOSPITALARES E ODONTOLOGICOS LTDA
For04015;23637718000199;AIRMED LTDA
For04016;20657155000102;ILG COMERCIAL LTDA
For04017;12022755000176;GALLIA INDUSTRIA FARMACEUTICA LTDA
For04018;78742491000133;JOAOMED COMERCIO DE MATERIAIS CIRURGICOS S/A
For04019;04932432000191;ELMED DISTRIBUIDORA DE MEDICAMENTOS LTDA
For04020;05155425000193;VASCONCELOS INDUSTRIA FARMACEUTICA E COMERCIO LTDA
For04021;25341162000114;MEGA DENTAL IMPORTACAO, EXPORTACAO E COMERCIO DE PRODUTOS ODONTOLOGICOS LTDA
For04022;11308834000185;VIDA BIOTECNOLOGIA LTDA
For04023;28791011000156;FOX INDUSTRIA E COMERCIO DE MATERIAIS MEDICOS E HOSPITALARES LTDA
For04024;04709243000154;BS EQUIPAMENTOS, INDUSTRIA E COMERCIO LTDA
For04025;20489064000105;PROSPER COMERCIO E DISTRIBUICAO LTDA
For04026;38049999000136;D MED DISTRIBUIDORA DE MATERIAL HOSPITALAR LTDA
For04027;18224182000140;HOSPMED COMERCIO LTDA
For04028;13078518000190;FUNDACAO BAIANA DE PESQUISA CIENTIFICA E DESENVOLVIMENTO TECNOLOGICO, FORNECIMENTO E DISTRIBUICAO DE MEDICAMENTOS - BAHIAFARMA
For04029;16743543000139;POSTERARI ASSESSORIA TECNICA LTDA
For04030;16720709000100;NORTEPHARMA PRODUTOS FARMACEUTICOS EXPORTACAO E IMPORTACAO LTDA
For04031;14241216000153;BRUMA COMERCIO DE MEDICAMENTOS LTDA
For04032;15161670000167;FACIMED COMERCIO LTDA
For04033;44328371000172;VERO MEDICAL IMPORTACAO, EXPORTACAO E COMERCIO DE PRODUTOS MEDICOS LTDA
For04034;05194502000114;ALFALAGOS LTDA.
For04035;12395255000180;ODONTOMEDICA COMERCIO ATACADISTA DE MEDICAMENTOS LTDA
For04036;24484451000100;RIO FARMA DISTRIBUIDORA DE MEDICAMENTOS LTDA
For04037;07160019000144;VITALE COMERCIO S.A.
For04038;26231202000138;BRAVONUTRI COMERCIO DE PRODUTOS NUTRICIONAIS LTDA
For04039;09390408000191;DMAX - DISTRIBUIDORA DE MEDICAMENTOS E MATERIAL HOSPITALAR LTDA.
For04040;00683826000100;BIONEFRO COMERCIO DE MATERIAL HOSPITALAR LTDA
For04041;41103222000117;JANDAMED PRODUTOS HOSPITALARES LTDA
For04042;12735479000193;BELMEDICAL COMERCIO DE PRODUTOS HOSPITALARES LTDA
For04043;26543386000171;RCA DIST. DE PRODUTOS HOSPITARES E COM. DE EQUIPAMENTOS DE INFORMATICA LTDA
For04044;06974929000106;NOROESTE MEDICAMENTOS LTDA
For04045;27358419000176;L.E. ALMEIDA COMERCIO DE PRODUTOS MEDICOS HOSPITALARES LTDA
For04046;07336942000194;DIGEMAN - DISTRIBUIDORA GERAL DE MEDICAMENTOS ANANINDEUA LTDA
For04047;47893919000115;MG2 DISTRIBUIDORA DE MEDICAMENTOS LTDA
For04048;30008649000110;LIZ COMERCIO ATACADISTA DE PRODUTOS HOSPITALARES LTDA
For04049;30036611000150;ECOFARMA COMERCIO DE MEDICAMENTOS LTDA
For04050;28289799000105;SOS DISTRIBUIDORA IMPORTADORA E EXPORTADORA DE PRODUTOS PARA SAUDE LTDA
For04051;42441595000160;VITALMED COMERCIO IMPORTACAO EXPORTACAO E DISTRIBUICAO LTDA
For04052;11201854000152;J. A. COMERCIO DE MATERIAIS CIRURGICOS LTDA
For04053;35959514000153;TOLESUL DISTRIBUIDORA DE MEDICAMENTOS LTDA
For04054;43269791000162;IMPERIUM MED DISTRIBUIDORA DE MEDICAMENTOS E PRODUTOS HOSPITALARES LTDA
For04055;08435077000104;DUTRAMED DISTRIBUIDORA LTDA
For04056;37920081000158;PONTES E GUEDES DISTRIBUIDORA DE MEDICAMENTOS LTDA
For04057;01578276000114;ASLI COMERCIAL LTDA
For04058;38120208000117;PARANA MED COMERCIO ATACADISTA DE EQUIPAMENTO MEDICO E HOSPITALAR LTDA
For04059;11780793000125;SAMYRAS EQUIPAMENTOS MEDICOS LTDA.
For04060;04162170000123;ESTRATTI VEGETALI FARMACIA E MANIPULACAO LTDA
For04061;34298816000165;KM MATERIAIS MEDICOS LTDA
For04062;24868172000140;CASTROMED MEDICAMENTOS E MATERIAIS MEDICOS E HOSPITALARES LTDA
For04063;10495121000105;VIA MEDICAMENTOS COMERCIO E CONSULTORIA EM SAUDE LTDA
For04064;21484336000147;MMH MED COMERCIO DE PRODUTOS HOSPITALARES LTDA
For04065;20653373000179;IASMINE SOARES BEZERRA
For04066;11187037000197;DISTRIBUIDORA OMEGA LTDA
For04067;83929976000170;R C ZAGALLO MARQUES & CIA LTDA
For04068;27764200000177;C B DISTRIBUIDORA DE PRODUTOS FARMACEUTICOS LTDA
For04069;32116161000131;KADFAR MEDICAMENTOS LTDA
For04070;11372104000143;D&D PRODUTOS DE HIGIENE E LIMPEZA LTDA
For04071;17211630000108;EXCELENCIA DISTRIBUIDORA DE PRODUTOS E SERVICOS LTDA
For04072;02977362000162;A COSTA COMERCIO ATACADISTA DE PRODUTOS FARMACEUTICOS LTDA
For04073;31673254001680;LABORATORIOS B BRAUN SA
For04074;13994852000193;HIPERDENTAL COMERCIO E REPRESENTACAO DE PRODUTOS ODONTOLOGICOS E MEDICO - HOSPITALAR LTDA
For04075;27250886000188;DAMIL COMERCIO DE PRODUTOS HOSPITALARES LTDA
For04076;02248312000144;CEPALAB LABORATORIOS S.A
For04077;10588595000797;SANOFI MEDLEY FARMACEUTICA LTDA
For04078;03612312000306;NUTRIPORT COMERCIAL LTDA.
For04079;09222369000113;DENTAL MARIA LTDA
For04080;05215423000142;RCM COMERCIO DE MATERIAIS MEDICOS ODONTOLOGICOS LTDA
For04081;37154876000100;TYTO SAUDE LTDA
For04082;10638214000141;GM FARMA COMERCIAL LTDA
For04083;07897039000100;DENTEMED EQUIPAMENTOS ODONTOLOGICOS LTDA
For04084;04267668000150;DINAMO EXPRESS INDUSTRIA E COMERCIO LTDA
For04085;14779687000110;JOSE CARLOS DE SOUZA PRODUTOS FARMACEUTICOS LTDA
For04086;26436496000134;CEARENSE COMERCIO DE PRODUTOS HOSPITALARES EIRELI
For04087;18258209000115;CIRURGICA CERON IMPORTADORA E EXPORTADORA DE EQUIPAMENTOS HOSPITALARES E VETERINARIOS LTDA
For04088;04508780000136;A. M. B. FARMACEUTICA COMERCIO E DISTRIBUICAO LTDA
For04089;35753111000153;NORD PRODUTOS EM SAUDE LTDA
For04090;63872493000170;I F S NASCIMENTO & CIA LTDA
For04091;26113505000156;REMAC MAIS DISTRIBUIDORA  LTDA
For04092;04210418000184;NOSSA PHARMACIA LTDA
For04093;43603551000152;AM CIANORTE DISTRIBUIDORA LTDA
For04094;17238455000142;A A Z SAUDE COMERCIO DE PRODUTOS MEDICOS E HOSPITALARES LTDA
For04095;57365116000141;ROSICLER CIRURGICA LTDA.
For04096;06098484000130;CELESTE DISTRIBUIDORA DE MEDICAMENTOS LTDA
For04097;12420164002109;CM HOSPITALAR S.A.
For04098;33408105000133;GREENPHARMA QUIMICA E FARMACEUTICA EM RECUPERACAO JUDICIAL LTDA
For04099;14595915000100;FENIXMED COMERCIAL LTDA
For04100;05971158000122;INDUSTRIA E COMERCIO DE PRODUTOS DE LIMPEZA MACATUBA LTDA
For04101;16682179000144;DISMENE DISTRIBUIDORA DE MEDICAMENTOS DO NORDESTE LTDA
For04102;12391412000189;NOROMED DISTRIBUIDORA DE MEDICAMENTOS E MATERIAIS HOSPITALARES LTDA
For04103;02662841000190;MASTERMED COMERCIAL LTDA
For04104;03402979000384;M.N.P. CUSTODIO COMERCIO DE PRODUTOS HOSPITALARES LTDA
For04105;39718543000184;DC MEDIC DISTRIBUIDORA LTDA
For04106;04523992000192;MEDICAL-HOSP ASSESSORIA E SERVICOS LTDA
For04107;59250290000174;PAULO CARNEIRO DE LUCENA EM RECUPERACAO JUDICIAL EM RECUPERACAO JUDICIAL
For04108;03612312000497;NUTRIPORT COMERCIAL LTDA.
For04109;43232006000105;W.A. COMERCIO DE MEDICAMENTOS LTDA
For04110;10978106000118;CIRURGICA FAMED DISTRIBUIDORA DE PRODUTOS HOSPITALARES LTDA
For04111;25245772000114;L C MED MATERIAIS MEDICOS E HOSPITALARES LTDA
For04112;47063094000101;CIRULABOR PRODUTOS CIRURGICOS LTDA
For04113;07752236000476;MEDILAR IMPORTACAO E DISTRIBUICAO DE PRODUTOS MEDICO HOSPITALARES S/A
For04114;07946534000154;MT COMERCIAL MEDICA LTDA
For04115;59225268000174;SOQUIMICA LABORATORIOS LTDA
For04116;01328535000159;CLASSMED - PRODUTOS HOSPITALARES LTDA
For04117;24262316000110;STAFF MEDICAL DISTRIBUIDORA LTDA
For04118;08446915000137;DAHER DISTRIBUIDORA DE MEDICAMENTOS LTDA
For04119;25123729000186;PLACIDO- COMERCIO DE MATERIAIS CIRURGICOS E HOSPITALAR LTDA
For04120;18872656000160;INOVA COMERCIAL HOSPITALAR LTDA
For04121;56994502000130;NOVARTIS BIOCIENCIAS SA
For04122;24325781000152;MD FARMA DISTRIBUIDOR ATACADISTA LTDA
For04123;10269296000102;SEMEAR DISTRIBUIDORA LTDA
For04124;30888187000172;PEROLA IMPORTADORA E DISTRIBUIDORA HOSPITALAR LTDA
For04125;09396156000108;POSITIVA - COMERCIO E SERVICOS LICITATORIOS LTDA
For04126;33324795000142;PROLICITA DISTRIBUIDORA DE MEDICAMENTOS LTDA
For04127;21340481000154;CDR BRASIL COMERCIAL LTDA
For04128;25725813000170;EQUIPAR MEDICO E HOSPITALAR LIMITADA
For04129;18917657000183;MEDH DISTRIBUIDORA DE MEDICAMENTOS LTDA
For04130;02956455000100;MARTELL COMERCIO DE PRODUTOS HOSPITALARES LTDA
For04131;24702356000135;CAPITAL MEDH IMPORTACAO DISTRIBUICAO E REPRESENTACAO COMERCIAL LTDA
For04132;34999637000155;WL PHARMA COMERCIO DE MATERIAIS MEDICOS HOSPITALARES LTDA
For04133;19086670000109;DICOREL DISTRIBUIDORA DE MEDICAMENTOS LTDA
For04134;82873068000140;GENESIO A MENDES & CIA LTDA
For04135;08087373000153;VGMED COMERCIO E DISTRIBUIDORA DE PRODUTOS LTDA
For04136;08803423000151;KOP DO BRASIL INDUSTRIAS FARMACEUTICAS LTDA
For04137;26898124000120;FARMANORTE COMERCIO E MANIPULACAO DE MEDICAMENTOS LTDA
For04138;56998701000116;ABBOTT LABORATORIOS DO BRASIL LTDA
For04139;73008682000152;LABINBRAZ COMERCIAL LTDA
For04140;29025383000134;4FR ASSESSORIA E SERVICOS LTDA.
For04141;94876364000183;VIALI ATACADISTA E DISTRIBUIDORA DE MEDICAMENTOS LTDA
For04142;39749232000182;FORCE FARMA DISTRIBUIDORA DE MEDICAMENTOS LTDA
For04143;24826631000203;FARMA 2 PRODUTOS PARA SAUDE LTDA
For04144;34739557000160;A. P. DA  SILVA & SILVA  COM. DE  MEDICAMENTOS LTDA
For04145;82478140000134;SALVI, LOPES & CIA. LTDA
For04146;08583229000108;CARLA DE OLIVEIRA CORREA
For04147;34896253000107;SUPERA COMERCIO E DISTRIBUICAO DE PRODUTOS NUTRICIONAIS LTDA
For04148;01513946000114;BOSTON SCIENTIFIC DO BRASIL LTDA
For04149;13458946000148;LEVEL FARMACEUTICA LTDA
For04150;10801805000198;MEDCOSTA COMERCIO DE PRODUTOS MEDICOS LTDA
For04151;28537922000151;RBR COMERCIO DE PRODUTOS MEDICO HOSPITALARES LTDA
For04152;43556958000176;ALTERNATIVA DISTRIBUIDORA HOSPITALAR LTDA
For04153;85081446000140;JOHNNY FELIPE CONTESINI DE OLIVEIRA LTDA
For04154;08697852000191;ENDOGERAIS EQUIPAMENTOS MEDICOS LTDA
For04155;04242860000192;MEDI-GLOBE BRASIL LTDA
For04156;25210463000370;PTC FARMACEUTICA DO BRASIL LTDA.
For04157;28834716000103;CARMED DISTRIBUIDORA DE MEDICAMENTOS LTDA
For04158;23864942000113;UNIQUE DISTRIBUIDORA DE MEDICAMENTOS LTDA
For04159;23121920000163;MARYMED DISTRIBUIDORA DE MEDICAMENTOS E CORRELATOS LTDA
For04160;22228679000103;OP QUIRINO DISTRIBUIDORA DE PRODUTOS HOSPITALARES LTDA
For04161;38170314000105;LIDER DISTRIBUIDORA PRODUTOS HOSPITALARESLTDA
For04162;33441895000159;FARMACIA HOSPITALAR NOROESTE ARACATUBA LTDA
For04163;09545032000147;J.A. COMERCIO DE PRODUTOS PARA RESGATE LTDA
For04164;05782733000491;CIAMED - DISTRIBUIDORA DE MEDICAMENTOS LTDA.
For04165;04970285000144;GAMACORP HOSPITALAR - COMERCIO DE MEDICAMENTOS LTDA
For04166;03330630000112;WELLINGTON MORALES LAUREANO
For04167;30535468000141;FIVE MED DISTRIBUIDORA DE MEDICAMENTOS LTDA
For04168;03948933000101;REPRESS DISTRIBUIDORA DE MEDICAMENTOS LTDA
For04169;17290835000126;M & R COMERCIO LTDA
For04170;46242310000113;IMPACTA MED DISTRIBUIDORA DE MEDICAMENTOS E MATERIAIS HOSPITALARES LTDA
For04171;23349869000141;IDEALE TECNOLOGIA EM SAUDE LTDA
For04172;23236167000151;NORTH MED DISTRIBUIDORA DE PRODUTOS MEDICOS E HOSPITALARES LTDA.
For04173;36146166000168;MEDICAL.COM DISTRIBUIDORA DE MEDICAMENTOS LTDA
For04174;26383168000117;PROSAUDE MATERIAL MEDICO HOSPITALAR LTDA
For04175;28729142000103;NORTELAB COMERCIO ATACADISTA  DE PRODUTOS LABORATORIAIS LTDA
For04176;26189890000115;HORIZON MEDICAL COMERCIO DE PRODUTOS HOSPITALARES LTDA
For04177;66783630000279;PRO-LIFE EQUIPAMENTOS MEDICOS LTDA
For04178;01154761000160;M. DI BUONO RIATO LTDA
For04179;42650279000107;LONDRIHOSP IMPORTACAO E EXPORTACAO DE PRODUTOS MEDICO HOSPITALARES LTDA
For04180;34055837000150;CIRURGICAS MULLET IMPORTADORA E EXPORTADORA DE EQUIPAMENTOS HOSPITALARES E ODONTOLOGICOS LTDA
For04181;38098716000146;INTENSIMED COMERCIO DE INSTRUMENTOS E MAT. HOSPITALARES LTDA
For04182;33068320000132;ASCLEPIOS EQUIPAMENTOS HOSPITALARES LTDA
For04183;02949582000182;MEDICALWAY EQUIPAMENTOS MEDICOS LTDA
For04184;26527362000129;ESFERA MASTER COMERCIAL LTDA
For04185;14769402000160;AGILE MED  IMPORTACAO E EXPORTACAO LTDA
For04186;79733572000130;CIRUPAR - COMERCIO DE EQUIPAMENTOS MEDICOS CIRURGICOS LTDA
For04187;40455009000101;ALMEIDA FARMACEUTICA LTDA
For04188;21596355000165;DENTAX COMERCIO DE PRODUTOS ODONTOLOGICOS LTDA
For04189;18255796000199;M MAGALHAES PRODUTOS HOSPITALAR LTDA
For04190;06175908000112;BIO LOGICA DISTRIBUIDORA LTDA
For04191;46218314000166;PRIMEMED EQUIPAMENTOS LTDA
For04192;49475833001765;BIOLAB SANUS FARMACEUTICA LTDA
For04193;07626776000160;CIRURGICA SAO FELIPE PRODUTOS PARA SAUDE LTDA
For04194;78746773000109;CASEX IND DE PLASTICOS E PROD MEDICOS HOSPITALARES LTDA
For04195;05199015000144;DISTRIBUIDORA DE PRODUTOS E EQUIPAMENTOS ODONTOLOGICOS LTDA
For04196;08618163000144;CIRURGICA KLG LTDA
For04197;40895512000188;SOMA DISTRIBUIDORA DE PRODUTOS HOSPITALARES LTDA
For04198;21504525000134;DENTAL PRIME - PRODUTOS ODONTOLOGICOS MEDICOS HOSPITALARES LTDA
For04199;03964598000127;MATERMED COMERCIAL DE ARTIGOS MEDICOS LIMITADA
For04200;12082502000198;PRIME MATERIAL MEDICO HOSPITALAR LTDA
For04201;29312896000126;BHDENTAL COMERCIAL LTDA
For04202;27162761000104;S2 DOCTOR DISTRIBUIDORA LTDA
For04203;42198801000153;GEMELI MEDICAL LTDA
For04204;31282018000157;BRASIL MED IMPORTACAO E EXPORTACAO LTDA
For04205;26715034000156;PROMED COMERCIO DE SUPRIMENTOS HOSPITALARES LTDA
For04206;72150550000106;JULIANO DE COSTA LTDA
For04207;80392566000145;AABA COMERCIO DE EQUIPAMENTOS MEDICOS LTDA
For04208;37141903000100;MEDBOX DISTRIBUIDORA DE MEDICAMENTOS E MATERIAL HOSPITALAR LTDA
For04209;32786481000107;BELOFARMA LTDA
For04210;20227692000112;DISTRIBUIDORA MEDICAL LTDA
For04211;20610628000116;MEDICAL PRIME COMERCIO, IMPORTACAO E EXPORTACAO DE PRODUTOS PARA SAUDE LTDA
For04212;21608296000106;MAMED COMERCIAL LTDA
For04213;33735524000180;M.G. DOMINGUES DISTRIBUIDORA DE MEDICAMENTOS LTDA
For04214;32181809000153;GUARIA COMERCIO E REPRESENTACAO DE PRODUTOS HOSPITALARES LTDA
For04215;06065614000138;SUPERMEDICA DISTRIBUIDORA HOSPITALAR LTDA
For04216;21670010000104;COMERCIAL CIRURGICA IPERO LTDA
For04217;27455068000111;ESFIGMED COMERCIAL HOSPITALAR LTDA
For04218;61613881000100;DAKFILM COMERCIAL LTDA
For04219;34758599000149;MEDICAL DA AMAZONIA LTDA
For04220;46263981000160;MENDES & DOURADO COMERCIO DE MEDICAMENTOS LTDA
For04221;38408899000159;EQUIMED EQUIPAMENTOS MEDICOS HOSPITALARES LTDA
For04222;21573367000174;E DA PASCOA ASSIS
For04223;11369348000177;FIX COM.  ATAC. DE MEDICAMENTOS LTDA
For04224;33932094000196;CH SOUZA PRODUTOS MEDICOS E HOSPITALARES LTDA
For04225;27066602000106;TS MEDICAL COMERCIO E SERVICO DE MATERIAL MEDICO HOSPITALAR E IMPORTACAO LTDA
For04226;24980102000189;LOGGEN PRODUTOS PARA SAUDE LTDA
For04227;24118004000137;ANGULAR PRODUTOS PARA SAUDE LTDA
For04228;59269654000168;IMAGEM SISTEMAS MEDICOS LTDA
For04229;46388662000181;FULLFARMA COMERCIO DE PRODUTOS FARMACEUTICOS LTDA
For04230;30571825000127;PDL NETO COMERCIO ATACADISTA DE MEDICAMENTOS LTDA
For04231;26853028000165;CIRUMED COMERCIO LTDA
For04232;01107391001182;SUPPORT PRODUTOS NUTRICIONAIS LTDA
For04233;44577516000179;LABJ IMPERIU'S PHARMA DISTRIBUIDORA DE MEDICAMENTOS LTDA
For04234;25106470000165;ROYAL MED HOSPITALAR LTDA
For04235;08774906000175;HOSPDROGAS COMERCIAL LTDA
For04236;33561946000186;LOBOFARMA COMERCIO VAREJISTA DE MEDICAMENTOS LTDA
For04237;49059257000108;J & A COMERCIO E REPRESENTACOES DE PRODUTOS MEDICO-HOSPITALARES LTDA
For04238;03407436000198;SULMED - ARTIGOS HOSPITALARES LTDA
For04239;05746444000194;CIRURGICA PARANA - DISTRIBUIDORA, IMPORTADORA E EXPORTADORA DE EQUIPAMENTOS LTDA
For04240;23993776000155;FARMACIA MAIS POPULAR LTDA
For04241;40367723000148;B. S. ARTIGOS DO VESTUARIO LTDA
For04242;41532061000187;STAR MIX PRODUTOS ODONTOLOGICOS MEDICOS HOSPITALARES LTDA
For04243;44239382000186;PHOENIX INDUSTRIA E COMERCIO DE EQUIPAMENTOS CIENTIFICOS LTDA
For04244;43219256000105;LIFE CLEAN COMERCIO DE EQUIPAMENTOS LTDA
For04245;16917181000155;CCAF COMERCIO DE MEDICAMENTOS E MATERIAL HOSPITALAR LTDA
For04246;29196670000107;RHODES DISTRIBUIDORA DE MATERIAIS HOSPITALARES LTDA
For04247;00331788001603;AIR LIQUIDE BRASIL LTDA
For04248;19316524000114;DELTA SHOP - DISTRIBUIDORA DE PRODUTOS HOSPITALARES LTDA
For04249;35626812000121;ATLANTICO BC PRODUTOS PARA SAUDE LTDA
For04250;73318693000139;V P - MEDICAMENTOS LTDA
For04251;11776334000178;DENTAL SHOW - COMERCIO DE PRODUTOS ODONTOLOGICOS E HOSPITALARES LTDA
For04252;19501429000271;MAWDSLEYS PHARMACEUTICALS DO BRASIL LTDA
For04253;42587791000148;CSMED PRODUTOS MEDICO-HOSPITALARES LTDA
For04254;30461442000104;PRECISION COMERCIAL DISTRIBUIDORA DE PRODUTOS MEDICO HOSPITALARES LTDA
For04255;43144036000151;GEOMED DISTRIBUIDORA DE MEDICAMENTOS LTDA
For04256;12694747000176;NUTRICLIN SAUDE COMERCIO DE PRODUTOS NUTRICIONAIS LTDA
For04257;11089732000116;STOKMED PRODUTOS HOSPITALARES LTDA
For04258;23829339000109;INFINITI CONFECCAO LTDA
For04259;14646435000112;ULTRA MEDKA PRODUTOS PARA SAUDE LTDA
For04260;01294500000146;CENTERMED CIRURGICA LTDA
For04261;04355394000313;PROHOSP DISTRIBUIDORA DE MEDICAMENTOS LTDA.
For04262;02976237000138;VALENTE & CASARIN LTDA
For04263;37931064000116;LEMED COMERCIO DE MATERIAL E MEDICAMENTOS HOSPITALARES EIRELI
For04264;01178574000117;ABC DATASAUDE SERVICOS FARMACEUTICOS LTDA
For04265;08967471000185;PELOTAS DISTRIBUIDORA DE MEDICAMENTOS LTDA
For04266;20402099000165;PRESTAMED HOSPITALAR LTDA
For04267;24826631000122;FARMA 2 PRODUTOS PARA SAUDE LTDA
For04268;33202407000150;RR MEDICAL LTDA
For04269;36945737000124;AC MED DISTRIBUIDORA SOCIEDADE LTDA
For04270;43640754000119;FUNDACAO PARA O REMEDIO POPULAR FURP
For04271;11054242000184;DENTAL COSTA PRODUTOS ODONTOLOGICOS LTDA
For04272;33660094000184;J.N.S. TEXTIL LTDA
For04273;33296918000189;LH COMERCIO DE MEDICAMENTOS LTDA
For04274;11145401000156;L A DALLA PORTA JUNIOR LTDA
For04275;48097911000105;LOVIAN MEDICAMENTOS LTDA
For04276;36757380000150;MEDSANTA COMERCIO DE MEDICAMENTOS E MATERIAIS MEDICOS LTDA
For04277;32695863000117;BIOMED MATERIAIS MEDICOS HOSPITALARES LTDA
For04278;11367967000122;CERTA MEDICAMENTOS COMERCIAL LTDA
For04279;66969262000177;UNIT - INDUSTRIA, COMERCIO, IMPORTACAO E EXPORTACAO LIMITADA
For04280;79430682014506;FARMACIA E DROGARIA NISSEI S.A
For04281;30547487000198;DISTRIBUIDORA DE MEDICAMENTOS BOEING LTDA
For04282;18110143000111;DENTAL CAMARGO COMERCIO LTDA
For04283;10596721000240;GEORGINI PRODUTOS HOSPITALARES LTDA
For04284;74068008000126;NORT MED PRODUTOS HOSPITALARES LTDA
For04285;23706033000157;MEDICAL CENTER DISTRIBUIDORA DE MEDICAMENTOS LTDA
For04286;23121810000100;G A - MEDICAL LTDA
For04287;11463608000179;ERIMAR INDUSTRIA E COMERCIO DE PRODUTOS PARA SAUDE LTDA
For04288;41113359000152;DPNT COMERCIO E DISTRIBUICAO LTDA
For04289;11643096000394;MYLAN LABORATORIOS LTDA.
For04290;16686340000158;CRIS BELLA FARMACIA E MANIPULACAO LTDA
For04291;60665981000622;UNIAO QUIMICA FARMACEUTICA NACIONAL S A
For04292;05964983000108;D & V COMERCIO DE MATERIAL HOSPITALAR LTDA
For04293;12396450000124;NORT MED COMERCIO E SERVICOS DE PRODUTOS HOSPITALARES LTDA
For04294;28877319000119;PIETRA ODONTO IMPORTACAO E DISTRIBUIDORA LTDA
For04295;30471311000108;ALFA CURATIVOS LTDA
For04296;44223526000106;DISTRIBUIDORA AGUA BOA LTDA
For04297;16826043000160;DENTALMED COMERCIO DE PRODUTOS PARA SAUDE LTDA
For04298;20444829000190;CMED DISTRIBUIDORA LTDA
For04299;37174625000260;MODENA PRODUTOS E SOLUCOES PARA SAUDE LTDA
For04300;09485574000171;PROHOSPITAL COMERCIO HOLANDA LTDA
For04301;35153207000180;ESSENCIA HOSPITALAR LTDA
For04302;46388826000170;OCIAN  COMERCIAL FARMACEUTICA UNIPESSOAL LTDA
For04303;94271293000195;COMERCIAL CANDIMEDICA MEDICAMENTOS HUMANOS LTDA
For04304;10742865000187;ROBERTO CORETTI
For04305;38201387000117;VWL DISTRIBUIDORA DE MEDICAMENTOS E MATERIAIS MEDICO-HOSPITALARES LTDA
For04306;15479441000195;VITA BAHIA COMERCIAL LTDA
For04307;34479558000113;CIRURGICA PREMIUM DISTRIBUIDORA DE PRODUTOS HOSPITALARES LTDA
For04308;26898423000164;SILITEC PRODUTOS HOSPITALARES LTDA
For04309;19308719000112;S & B DISTRIBUIDORA E IMPORTADORA DE MEDICAMENTOS LTDA
For04310;04307650000135;ONCO PROD DISTRIBUIDORA DE PRODUTOS HOSPITALARES E ONCOLOGICOS LTDA.
For04311;23302414000170;HIPERDROGAS COMERCIO DE MEDICAMENTOS LTDA
For04312;35042079000106;RF LEITE DISTRIBUIDORA DE MEDICAMENTOS E PRODUTOS PARA SAUDE LTDA
For04313;12499494000180;HOSPINOVA DISTRIBUIDORA DE PRODUTOS HOSPITALARES LTDA.
For04314;04355394000232;PROHOSP DISTRIBUIDORA DE MEDICAMENTOS LTDA.
For04315;37107761000157;PMW COMERCIO DE PRODUTOS HOSPITALARES LTDA
For04316;01640262000183;CITOPHARMA MANIPULACAO DE MEDICAMENTOS ESPECIAIS LTDA
For04317;32282308000163;J DE BRITO - DISTRIBUIDORA DE MEDICAMENTOS E CORRELATOS LTDA
For04318;26757894000152;LEMED DISTRIBUIDORA MATERIAIS HOSPITALARES LTDA
For04319;39655478000195;SEBOLD INDUSTRIA DE COSMETICOS LTDA
For04320;30698093000130;GOLD DISTRIBUIDORA LTDA
For04321;27330244000199;MC MEDICALL PRODUTOS MEDICO HOSPITALARES LTDA
For04322;09034672000192;MAEVE PRODUTOS HOSPITALARES LTDA
For04323;05804216000123;D + DISTRIBUIDORA LTDA
For04324;05344894000150;FUTURA COMERCIO DE MOVEIS E ELETRO LTDA
For04325;31940808000182;DELCA ARTIGOS MEDICOS LTDA
For04326;63643571000164;TANARIMAN INDUSTRIAL LTDA
For04327;42794327000122;SAMMED DROGARIA E MEDICAMENTOS ESPECIAIS LTDA
For04328;10377864000180;CARE MED DISTRIBUIDORA DE MEDICAMENTOS E PRODUTOS PARA SAUDE LTDA
For04329;27844493000100;MEDSAUDE DISTRIBUIDORA DE MEDICAMENTOS LTDA
For04330;04183656000148;DISTRICENTER DISTRIBUIDORA DE MEDICAMENTOS LTDA
For04331;21783698000139;VISAO DISTRIBUIDORA DE MEDICAMENTOS LTDA
For04332;00468680000172;LABOTEK COMERCIO E DISTRIBUICAO DE PRODUTOS HOSPITALARES LTDA
For04333;47365250000199;BONATTO DISTRIBUIDORA  DE MEDICAMENTOS LTDA
For04334;31504080000146;ESTEVIA DISTRIBUIDORA DE MEDICAMENTOS LTDA
For04335;46440212000190;BRAXTER HOSPITALAR LTDA
For04336;06230386000104;SOROMED MARILIA LTDA
For04337;18033901000145;HABITABR DISTRIBUIDORA LTDA
For04338;48438835000154;JVFK MEDICAMENTOS LTDA
For04339;04522343000177;FARMACIA DE MANIPULACAO IDEAL FORMULAS LTDA
For04340;04880586000187;CIRURGICA REAL - COMERCIAL HOSPITALAR E FARMACEUTICA LTDA
For04341;21831246000185;TECH-SUL MEDICAL INDUSTRIA E COMERCIO LTDA
For04342;15229287000101;VIVRE COMERCIO DE PRODUTOS HOSPITALARES LTDA
For04343;11226885000168;TORRES VALPORTO COMERCIO E DISTRIBUICAO DE PRODUTOS MEDICOS LTDA
For04344;48714665000193;DISTRIBUIDORA DE MEDICAMENTOS SAO JOSE LTDA
For04345;30518247000165;EXCELMED DISTRIBUIDORA DE MATERIAIS MEDICOS E ODONTOLOGICOS LTDA
For04346;67673491000102;TOP MED COMERCIO DE MEDICAMENTOS LTDA
For04347;47866974000116;AGRESTE FARMA LTDA
For04348;04362282000128;D E A FARMA DISTRIBUIDORA DE PRODUTOS FARMACEUTICOS LTDA
For04349;04968644000129;J. B. DE OLIVEIRA JUNIOR DISTRIBUIDORA
For04350;38051916000143;R2S MED DISTRIBUIDORA E REPRESENTACAO LTDA
For04351;01592547000196;ESSENCIAL COSMETICOS INDUSTRIA LTDA
For04352;42496258000170;METTA FARMACEUTICA LTDA
For04353;82291311000111;AMARILDO BASEGGIO & CIA LTDA
For04354;06194440000103;ODONTOMEDI - PRODUTOS ODONTOLOGICOS E HOSPITALARES LTDA
For04355;25386146000148;LOTUS MEDICAL LTDA
For04356;17771867000143;DBV COMERCIO IMPORTACAO E EXPORTACAO DO BRASIL LTDA
For04357;09560267000108;BETANIAMED COMERCIAL LTDA
For04358;24384602000158;MZZ - COMERCIO DE PRODUTOS PARA SAUDE LTDA
For04359;05359481000140;CONEXAO MEDICA COMERCIAL LTDA
For04360;41464907000199;MED3 COMERCIO DE PRODUTOS HOSPITALARES LTDA
For04361;22654814000182;RGN INSTRUMENTOS E EQUIPAMENTOS MEDICOS LTDA
For04362;16366888000110;DIPROM - DISTRIBUIDORA DE PRODUTOS ODONTOLOGICOS E MATERIAIS LTDA
For04363;37882886000154;VERDE DISTRIBUIDORA DE MEDICAMENTOS LTDA
For04364;25386019000149;FARMODONTO PRODUTOS HOSPITALARES LTDA
For04365;11606767000185;CROSMEDICA COMERCIO DE PRODUTOS PARA SAUDE LTDA
For04366;26984213000199;R.A. MARTINS - DISTRIBUIDORA LTDA
For04367;56994502000644;NOVARTIS BIOCIENCIAS SA
For04368;39241426000172;MELO COMERCIO DE MEDICAMENTOS E MATERIAIS HOSPITALAR LTDA
For04369;46796127000160;ID FARMA LTDA
For04370;09427563000135;FRACMA COMERCIAL DE PRODUTOS PARA HIGIENE LTDA.
For04371;05050260000195;PROCARE - COMERCIO DE PRODUTOS HOSPITALARES LTDA.
For04372;12424049000150;LIDER COMERCIO DE MEDICAMENTOS E MATERIAIS HOSPITALARES LTDA
For04373;32861890000112;LIDER DISTIBUIDORA DE PRODUTOS FARMACEUTICOS LTDA
For04374;16752682000129;LEMOS - DISTRIBUIDORA HOSPITALAR LTDA
For04375;18483775000120;DU BOM DISTRIBUICAO DE PRODUTOS MEDICO-HOSPITALAR LTDA
For04376;30490772000110;LIFECENTER COMERCIO DE PRODUTOS PARA SAUDE LTDA
For04377;24595557000180;AGIL PRODUTOS PARA SAUDE LTDA
For04378;19423875000124;M D G COMERCIAL LTDA.
For04379;30766874000115;CIRURGICA PARANAVAI LTDA
For04380;28345933000130;BRAMED COMERCIO HOSPITALAR DO BRASIL LTDA
For04381;11215901000117;CIRURGICA BIOMEDICA LTDA
For04382;08924875000191;BIOVALIC COMERCIO DE EQUIPAMENTOS MEDICOS LTDA.
For04383;50567060000169;DENTAL IPO LTDA
For04384;30526342000100;MKM DISTRIBUIDORA DE MEDICAMENTOS LTDA
For04385;31495759000116;SIRIO PHARMA LTDA
For04386;28843779000126;DROGARIA SANTA ALICE DE VASSOURAS LTDA
For04387;34282929000172;ROMA DISTRIBUIDORA DE MATERIAIS  HOSPITALARES LTDA
For04388;42529374000149;DISTRIBUIDORA DE MEDICAMENTOS INTRAMED LTDA
For04389;10910334000156;GUARAILHA DISTRIBUIDORA DE ALIMENTOS LTDA
For04390;37778759000100;CWBCARE PRODUTOS MEDICO HOSPITALARES LTDA
For04391;52196947000113;VIEIRA FARMA FARMACIA DO TRABALHADOR LTDA
For04392;35310607000152;CLEAN MED DISTRIBUIDORA DE PRODUTOS HOSPITALARES LTDA
For04393;42322863000125;IMPULSE PRODUTOS HOSPITALARES LTDA
For04394;18192961000100;ULTRA MEDICAL COMERCIO DE MATERIAIS HOSPITALARES LTDA
For04395;44127150000136;ASTRA MEDICAL SUPPLY PRODUTOS MEDICOS E HOSPITALARES LTDA
For04396;14112327000160;BIOFAC INDUSTRIA, COMERCIO E REPRESENTACAO LTDA
For04397;44038095000108;LOPES & ISHIKAWA DISTRIBUIDORA DE MEDICAMENTOS LTDA
For04398;32743252000105;MEDICAL CL 23 COMERCIO DE PRODUTOS MEDICOS LTDA
For04399;60665981000118;UNIAO QUIMICA FARMACEUTICA NACIONAL S A
For04400;48993519000144;PENSOMED COMERCIO DE PRODUTOS PARA SAUDE LTDA
For04401;31097573000109;SHOPMED BRASIL COMERCIO DE MEDICAMENTOS LTDA
For04402;15800545000400;ABBVIE FARMACEUTICA LTDA.
For04403;20001049000176;LICIMASTER DISTRIBUIDORA DE MEDICAMENTOS E PRODUTOS MEDICO HOSPITALAR LTDA
For04404;03894963000174;SAO MARCOS DISTRIBUIDORA DE MEDICAMENTOS, EQUIPAMENTOS E MATERIAIS HOSPITALARES E ODONTOLOGICOS LTDA
For04405;02462483000171;HOSP SAUDE COMERCIO VAREJISTA LTDA
For04406;37205854000114;M B DE ARAUJO XAVIER - MBX PRODUTOS MEDICOS  HOSPITALARES E ODONTOLOGICOS
For04407;07253536000168;N N DISTRIBUIDORA DE MEDICAMENTOS LTDA
For04408;33992679000100;VITORIA TEIXEIRA DE OLIVEIRA
For04409;60831658001220;BOEHRINGER INGELHEIM DO BRASIL QUIMICA E FARMACEUTICA LTDA.
For04410;18459628000115;BAYER S.A.
For04411;10586940000320;ONCOVIT DISTRIBUIDORA DE MEDICAMENTOS LTDA
For04412;29775313000101;SO SAUDE PRODUTOS HOSPITALAR LTDA
For04413;08036308000107;A. GALDINO DA PAZ LTDA
For04414;20743363000124;OLIVEIRA E SOUSA DISTRIBUIDORA DE MEDICAMENTOS LTDA
For04415;10268780000290;MEDIX BRASIL LTDA
For04416;33009945000123;PRODUTOS ROCHE QUIMICOS E FARMACEUTICOS S A
For04417;20035686000163;ORTOBENS DISTRIBUIDORA DE PRODUTOS HOSPITALARES LTDA
For04418;48712647000172;NOVAMED PRODUTOS MEDICOS HOSPITALARES LTDA
For04419;14792179000171;SUPRA DISTRIBUIDORA LTDA
For04420;29565364000109;C G FARMA DISTRIBUIDORA LTDA
For04421;62656541000120;REDE MULTI LTDA
For04422;30082076000174;ABSOLUTA SAUDE IMP. EXP. E COMERCIO DE PRODUTOS PARA SAUDE LTDA
For04423;28857335000140;MAXIMA DENTAL IMPORTACAO, EXPORTACAO E COMERCIO DE PRODUTOS ODONTOLOGICOS LTDA
For04424;27081107000168;FERNANDO FATTORI DE OLIVEIRA  LTDA
For04425;60831658000177;BOEHRINGER INGELHEIM DO BRASIL QUIMICA E FARMACEUTICA LTDA.
For04426;26651036000129;JAC MED DIST DE MEDIC LTDA
For04427;32350180000128;NOVA LINEA COMERCIO DE PRODUTOS FARMACEUTICOS LTDA
For04428;48778881000100;FASTMED COMERCIO DE MEDICAMENTOS E MATERIAIS HOSPITALARES LTDA
For04429;41990236000108;RCMED DISTRIBUIDORA LTDA
For04430;33472974000127;AMPLA DISTRIBUIDORA DE MEDICAMENTOS E MATERIAIS HOSPITALARES LTDA
For04431;44639493000180;EUGIA PHARMA INDUSTRIA FARMACEUTICA LIMITADA
For04432;02814497000107;CIMED INDUSTRIA S.A.
For04433;07569029000138;CHOLMED COMERCIAL HOSPITALAR LTDA
For04434;23326462000107;JUNIOR COMERCIO E SERVICO LTDA
For04435;13835671000114;NOVAMED APUCARANA COMERCIO DE PRODUTOS HOSPITALARES LTDA
For04436;20656202000101;FUSION MED COMERCIO DE MATERIAL MEDICO HOSPITALAR LTDA
For04437;00236193000184;CIRURGICA RECIFE COMERCIO E REPRESENTACOES LTDA
For04438;89982037000176;MAX CIRURGICA COMERCIO DE MATERIAIS HOSPITALARES LTDA
For04439;12889035000293;INOVAMED HOSPITALAR LTDA
For04440;17159229000257;LABORATORIO TEUTO BRASILEIRO S/A
For04441;43548244000116;MAX PHARMA COMERCIO LTDA
For04442;21544585000180;JM COMERCIO DE PRODUTOS HOSPITALARES E MEDICAMENTOS LTDA
For04443;56998701003484;ABBOTT LABORATORIOS DO BRASIL LTDA
For04444;40649293000157;ANA JULIA MARTINS FALEIROS DE ANDRADE LTDA
For04445;45987013000304;ORGANON FARMACEUTICA LTDA.
For04446;41197176000162;L. M. DISTRIBUIDORA DE MEDICAMENTOS LTDA
For04447;43732317000125;KFP COMERCIO DE MATERIAIS LTDA
For04448;27080739000107;PRIME SOLUCOES EM SAUDE LTDA
For04449;35706397000116;E.C.S. TECNOLOGIA EM SAUDE, COMERCIO, IMPORTACAO E EXPORTACAO LTDA
For04450;11406652000147;FUNDO MUNICIPAL DE SAUDE DE CUMARU DO NORTE
For04451;41665545000102;DNA MED BRASIL LTDA
For04452;42834634000190;BR MEDICAMENTOS LTDA
For04453;38412948000127;UNIKA DISTRIBUIDORA DE MEDICAMENTOS LTDA
For04454;13123772000243;VERTICAL RJ SOLUCOES PARA SAUDE LTDA
For04455;04419989000123;A. R. VERISSIMO LTDA
For04456;50775426000195;MED SAUDE DISTRIBUIDORA LTDA
For04457;39500536000101;FAROMED COMERCIO DE MATERIAIS HOSPITALARES LTDA
For04458;28199997000170;MOGI MEDICAL EQUIPAMENTOS LTDA
For04459;35937997000195;BIOMULT DISTRIBUIDORA DE MEDICAMENTOS LTDA
For04460;39840107000183;MASTERMEDIC DISTRIBUIDORA LTDA
For04461;04040383000182;INDUSTRIAS H. A. BARONE LTDA
For04462;05382899000178;DISTRIBUIDORA SENADOR DE MEDICAMENTOS HOSPITALARES LTDA
For04463;40657992000149;LICI EXPRESS DISTRIBUIDORA LTDA
For04464;51685649000124;KASMEDI DISTRIBUIDORA DE MEDICAMENTOS LTDA
For04465;36997011000135;TOTAL SERVICOS HOSPITALARES E PRODUTOS LTDA
For04466;28547190000180;GRAZIELA VELANI ABUFARES COMERCIO DE MEDICAMENTOS LTDA
For04467;04307650002693;ONCO PROD DISTRIBUIDORA DE PRODUTOS HOSPITALARES E ONCOLOGICOS LTDA.
For04468;43962576000142;UNAMED PRODUTOS HOSPITALARES LTDA
For04469;28725094000185;DANUTRE PRODUTOS ESTETICOS LTDA
For04470;49918306000110;INNOVE COMERCIO DE PRODUTOS MEDICO HOSPITALARES LTDA
For04471;07978004000198;DENTAL MED EQUIPAMENTOS E MATERIAIS ODONTOLOGICOS E HOSPITALARES LTDA
For04472;31116239000155;DENTSPLY INDUSTRIA E COMERCIO LIMITADA
For04473;79250676000193;CIRURGICA JAW COMERCIO DE MATERIAL MEDICO HOSP LTDA
For04474;49059156000137;ROCCO DISTRIBUIDORA LTDA
For04475;07832455000112;BRAGANTINA DISTRIBUIDORA DE MEDICAMENTOS LTDA
For04476;12313826000190;RET FARMA DISTRIBUIDORA DE MEDICAMENTOS E PRODUTOS HOSPITALARES LTDA
For04477;45453214001042;PROFARMA DISTRIBUIDORA DE PRODUTOS FARMACEUTICOS SA
For04478;64533797000175;VOLPI DISTRIBUIDORA DE DROGAS LTDA
For04479;45453214002600;PROFARMA DISTRIBUIDORA DE PRODUTOS FARMACEUTICOS SA
For04480;51205028000104;GMC DISTRIBUIDORA DE MEDICAMENTOS LTDA
For04481;28039635000111;GYROMED COM. E DISTRIB. DE MEDICAMENTOS E PROD. HOSPITALARES LTDA
For04482;84972926000139;J. RIBEIRO COMERCIO ATACADISTA LTDA
For04483;04219688000156;MUNICIPIO DE CONQUISTA D'OESTE
For04484;42040380000138;BIMEX RS COMERCIO DE MEDICAMENTOS LTDA
For04485;37885137000180;AMB DISTRIBUIDORA DE MEDICAMENTO E MATERIAIS  HOSPITALARES LTDA
For04486;29081842000105;ELITEMED DIST. LTDA
For04487;82873068000573;GENESIO A MENDES & CIA LTDA
For04488;33891594000127;EXCLUSIVE PRODUTOS HOSPITALARES LTDA
For04489;23680034000170;D.ARAUJO COMERCIO ATACADISTA LTDA
For04490;40420219000164;W.A MEDICAMENTOS SOLUCOES EM SAUDE LTDA
For04491;02494715000173;COOPERATIVA UNIMED CENTRAL DE COOPERATIVAS UNIMED DO RIO GRANDE DO SUL LTDA
For04492;46635965000151;UNITED BIOTECH DO BRASIL LTDA
For04493;04790724000137;DISTRIBUIDORA DE MEDICAMENTOS PAULO LIMA S/A
For04494;16586871000179;SINERGIA MEDICAMENTOS LTDA
For04495;08158687000108;ISIS GUTERRES MOREIRA RAMOS
For04496;21940274000130;JOSIANE CRISTINA FUSCO CARRARO
For04497;47211350000160;GLITTERS PRODUTOS MEDICOS LTDA
For04498;06356085000121;TECSS - TECNOLOGIA A SERVICO DA SAUDE LTDA
For04499;11327892000156;CLAUDETE DOS SANTOS POSSAMAI & CIA LTDA
For04500;21596736000144;ULTRAMEGA DISTRIBUIDORA HOSPITALAR LTDA
For04501;50531688000104;K M KRUPINSKI MAIS SAUDE ATACADO DE MEDICAMENTOS
For04502;12951863000123;FAMED FARMACOLOGIA E MEDICINA AVANCADA LTDA
For04503;10495738000120;GOIAS COMERCIO DE PRODUTOS FARMACEUTICOS LTDA
For04504;37730050000134;MEDCOM SAUDE DENTALMEDICA COMERCIO E DISTRIBUIDORA DE MEDICAMENTOS E MATERIAIS HOSPITALARES LTDA
For04505;43433429000185;NORDIC COMERCIO E REPRESENTACAO DE PRODUTOS MEDICOS E HOSPITALARES LTDA
For04506;46856158000169;ZARB DISTRIBUIDORA DE PRODUTOS HOSPITALARES LTDA
For04507;47647493000110;G2 COMERCIO DE MEDICAMENTOS LTDA
For04508;52685881000125;CIRURGICA MEDPLUS - DISTRIBUIDORA DE MEDICAMENTOS E PRODUTOS HOSPITALARES LTDA
For04509;08849206000100;DENTAL OPEN - COMERCIO DE PRODUTOS ODONTOLOGICOS LTDA.
For04510;26395502000152;DENTAL UNIVERSO EIRELI
For04511;20669174000159;K2 INDUSTRIA, COMERCIO, IMPORTACAO E EXPORTACAO LTDA
For04512;30936461000131;NOVA DENTAL MARILIA PRODUTOS ODONTOLOGICOS LTDA
For04513;43044418000103;M TESTA ATACADO LTDA
For04514;04889013000114;DISTRILAF DISTRIBUIDORA DE MEDICAMENTOS LTDA
For04515;13063042000113;HOSPIDEZ - COMERCIO DE PRODUTOS MEDICO-HOSPITALARES LTDA
For04516;21632425000193;SALVADOR DISTRIBUIDORA DE MEDICAMENTOS LTDA
For04517;52179963000106;LOGMEDI COMERCIO DE MEDICAMENTOS LTDA
For04518;30222814000131;VITAMEDIC INDUSTRIA FARMACEUTICA LTDA
For04519;11768299000145;COMEPI PRODUTOS COMERCIAIS LTDA
For04520;36730875000196;ALIANCA DISTRIBUIDORA DE MEDICAMENTOS LTDA
For04521;02564852000137;LOBIANCO COMERCIO DE MEDICAMENTOS LTDA
For04522;10448145000103;GRAMS & GRAMS LTDA.
For04523;14985999000180;FLORAL AGROPECUARIA LTDA
For04524;53000455000173;LYF DISTRIBUIDORA DE MEDICAMENTOS E MATERIAIS HOSPITALARES LTDA.
For04525;31321329000188;CHM COMERCIO DE MEDICAMENTOS LTDA
For04526;11082598000121;BESINS HEALTHCARE BRASIL COMERCIAL E DISTRIBUIDORA DE MEDICAMENTOS LTDA
For04527;12472927000103;QUALYBLESS DO BRASIL LTDA
For04528;48883478000133;HIPERMED MEDICAMENTOS LTDA
For04529;11888791000154;DISTRIBUIDORA FLAMED HOSPITALAR LTDA
For04530;21112395000194;CIRURGICA LAJEADENSE LTDA
For04531;40368186000150;GFS COMERCIO E SERVICOS LTDA
For04532;40924536000118;MGN HOSPITALAR LTDA
For04533;05656062000170;MULTICOM COMERCIO MULTIPLO DE ALIMENTOS LTDA
For04534;51486649000103;DCG DISTRIBUIDORA DE FRALDAS LTDA
For04535;04099395000182;SANTISA LABORATORIO FARMACEUTICO S.A
For04536;00029372000736;GE HEALTHCARE DO BRASIL COMERCIO E SERVICOS PARA EQUIPAMENTOS MEDICO-HOSPITALARES LTDA
For04537;43980053000129;FARMACIA CIDADE ALTA LTDA
For04538;07729499000111;MEGA COMERCIO DE PRODUTOS HOSPITALARES LTDA
For04539;41263941000103;3M REPRESENTACOES COMERCIAIS LTDA
For04540;47285228000139;SAO MATEUS DISTRIBUIDORA DE PRODUTOS LABORATORIAIS E HOSPITALARES LTDA
For04541;22627453000185;A C L ASSISTENCIA E COMERCIO DE PRODUTOS PARA LABORATORIOS LTDA
For04542;14804690000146;GABRIEL LEITZKE GOTUZZO
For04543;23866426000128;HOSPBOX DISTRIBUIDORA DE PRODUTOS HOSPITALARES LTDA
For04544;14108524000105;DK DIAGNOSTICA COMERCIO DE PRODUTOS CIENTIFICOS LTDA
For04545;00956869000104;COM REP MACIEL CAVALCANTI LTDA
For04546;02881877000407;POLAR FIX INDUSTRIA E COMERCIO DE PRODUTOS HOSPITALARES LTDA
For04547;26754510000148;HORUS FARMA DISTRIBUIDORA DE MEDICAMENTOS LTDA
For04548;02473977000151;SITMED EQUIPAMENTOS MEDICOS LTDA
For04549;07233087000196;RAMO PRODUTOS FARMACEUTICOS LTDA
For04550;22525517000137;JF COMERCIO DE MATERIAL E MEDICAMENTOS HOSPITALES LTDA
For04551;47271160000139;FAST PHARMA DISTRIBUIDORA E IMPORTADORA DE MEDICAMENTOS E PRODUTOS PARA SAUDE  LTDA
For04552;02814497000298;CIMED INDUSTRIA S.A.
For04553;23015239000130;SAO BERNARDO COMERCIO DE PRODUTOS PARA SAUDE LTDA
For04554;04654861000144;INDALABOR INDAIA LABORATORIO FARMACEUTICO LTDA
For04555;06143681000123;BIOSANI INDUSTRIA E COMERCIO DE PRODUTOS MEDICOS E ODONTOLOGICOS LTDA
For04556;38259748000186;MIAMIMED PRODUTOS ODONTOLOGICOS LTDA
For04557;40892801000123;K & M MEDICAL COMERCIO DE PRODUTOS HOSPITALARES LTDA
For04558;10807944000129;CIRUMAX COMERCIO DE MATERIAIS HOSPITALARES LTDA
For04559;52808009000127;P & P DISTRIBUIDORA DE MEDICAMENTOS LTDA
For04560;22976138000163;SAMED COMERCIO LTDA
For04561;05788117000103;METALIC MEDICAL PRODUTOS HOSPITALARES LTDA
For04562;41550166000169;CURAMED - PRODUTOS HOSPITALARES LTDA
For04563;11050321000117;GIGANTE PRODUTOS MEDICOS LTDA
For04564;07947536000168;ODONTOMED CANAA LTDA
For04565;04716276000121;RMC - INDUSTRIA BRASILEIRA DE PRODUTOS MEDICOS LTDA
For04566;07127606000131;ELISMED COMERCIAL DE EQUIPAMENTOS E MATERIAIS MEDICOS LTDA
For04567;12664453000100;A7 DISTRIBUIDORA DE MEDICAMENTOS LTDA
For04568;02501297000528;PHARLAB INDUSTRIA FARMACEUTICA S.A
For04569;11670904000140;DENTAL REDENCAO COM. DE PROD. ODONTOLGICOS LTDA
For04570;46738254000102;NUTRIFARMA CIANORTE LTDA
For04571;88484969000126;SULLAB DISTRIB PROD DIAGNOSTICOS HOSP E FARM LTDA
For04572;52969017000155;TARGET MEDICAMENTOS E PRODUTOS HOSPITALARES LTDA
For04573;22355622000175;BIOMIG MATERIAIS MEDICO-HOSPITALARES LTDA
For04574;05823205000190;MAQUIRA INDUSTRIA DE PRODUTOS ODONTOLOGICOS S.A.
For04575;91083212000135;DENTARIA E DISTRIBUIDORA HOSPITALAR PORTO ALEGRENSE LTD
For04576;29101445000140;JORGE EDUARDO RIBEIRO SOARES LTDA
For04577;37999882000150;JESSIKA MAYARA LEITE AKUCEVIKUS FERREIRA 08112698929
For04578;33665884000152;MEDMAIS SAUDE DISTRIBUIDORA HOSPITALAR LTDA
For04579;51892897000146;JT MEDICAMENTOS LTDA
For04580;43352606000107;MORETI DISTRIBUIDORA DE PRODUTOS MEDICOS E ODONTOLOGICOS LTDA
For04581;13229567000186;VENEZA DISTRIBUIDORA DE PRODUTOS HOSPITALARES LTDA
For04582;30820069000122;M2LIFE COMERCIAL IMPORTADORA E EXPORTADORA LTDA
For04583;48849683000182;LIFEPAR DISTRIBUIDORA LTDA
For04584;17756574000197;MANZATOS FARMA LTDA
For04585;04516470000163;TECNOPRINT IMPRESSOS TECNICOS LTDA
For04586;04762934000111;BIOLINE COMERCIAL LTDA.
For04587;02005077000180;KORAL PRODUTOS MEDICOS CORRELATOS E DESCARTAVEIS LTDA
For04588;36846568000175;IMPERIO MEDICAMENTOS E MATERIAL HOSPITALARES LTDA
For04589;17581504000145;SOMEDICA CIRURGICA RIO PRETO LTDA
For04590;08002459000136;MUNDIAL HOSPITALAR PRODUTOS PARA SAUDE LTDA
For04591;08848018000150;L&M EQUIPAMENTOS HOSPITALARES LTDA
For04592;44951515000142;MUNICIPIO DE TEODORO SAMPAIO
For04593;08598959000182;BIO INNOVA COMERCIO E SERVICOS DE PRODUTOS MEDICO-HOSPITALARES LTDA
For04594;53482429000129;LPS DISTRIBUIDORA DE MEDICAMENTOS LTDA
For04595;27840072000101;FARMACIA SANTA MARIA LTDA
For04596;32680580000100;HEALTHS GARDENS DISTRIBUIDORA DE MEDICAMENTOS E PRODUTOS PARA A SAUDE SOCIEDADE LTDA
For04597;50028232000126;LIGEIRO FARMA DROGARIA LTDA
For04598;59603977003676;FARMACIA NOSSA SENHORA DO ROSARIO LTDA - EM RECUPERACAO JUDICIAL EM RECUPERACAO JUDICIAL
For04599;04234179000100;DISTRIBEN DISTRIBUIDORA DE PRODUTOS FARMACEUTICOS E HOSPITALARES LTDA
For04600;30323616000164;QUICKBUM E-COMMERCE LTDA
For04601;55979736000145;ALLIAGE S/A INDUSTRIAS MEDICO ODONTOLOGICA
For04602;31770650000140;BRUMED COMERCIO ATACADISTA E MANUTENCAO DE EQUIPAMENTOS HOSPITALARES LTDA
For04603;11232365000168;ALAGOAS COMERCIAL MEDICA LTDA
For04604;74223413000171;FARMA GERTY DROGARIA LTDA
For04605;04127483000140;CM MEDICAMENTOS ESPECIAIS LTDA.
For04606;10381442000189;BELLA FARMA MEDICAMENTOS LTDA
For04607;71015853000145;DIAMED LATINO AMERICA S.A
For04608;53317125000106;SAMED HOSPITALAR LTDA
For04609;45463464000172;DROGARIA MARQUETE BARBOSA & CIA LTDA
For04610;33069212000850;MERCK S/A
For04611;67729178000734;COMERCIAL CIRURGICA RIOCLARENSE LTDA
For04612;05782733000220;CIAMED - DISTRIBUIDORA DE MEDICAMENTOS LTDA.
For04613;02520829000493;DIMASTER - COMERCIO DE PRODUTOS HOSPITALARES LTDA.
For04614;25067657000288;MEDICAL CHIZZOLINI LTDA
For04615;76472349000198;DIMEBRAS - DISTRIBUIDORA DE MEDICAMENTOS BRASIL LTDA
For04616;39990138000110;TIMEH PRODUTOS HOSPITALARES LTDA
For04617;05678146000104;HAOXI EQUIPAMENTOS MEDICOS HOSPITALARES LTDA
For04618;01825779000147;MUNICIPIO DE NAZARE DO PIAUI - SECRETARIA DE SAUDE
For04619;03250803000192;FAMA DISTRIBUIDORA HOSPITALAR LTDA
For04620;04415316000286;GENIAL PRODUTOS PARA LIMPEZA LTDA
For04621;02923414000118;SYSMEX DO BRASIL INDUSTRIA E COMERCIO LTDA
For04622;29910022000170;UNIAO FARMA COMERCIAL LTDA
For04623;20202872000220;PROVIP DISTRIBUIDORA HOSPITALAR LTDA
For04624;10592201000189;J. R. CARAO SALEH HUSSEIN
For04625;34063076000188;H.H. CAVALARO LTDA
For04626;10193608000214;MEDPLUS COMERCIO E REPRESENTACAO LTDA
For04627;11401085000136;MEDPLUS LTDA
For04628;27672644000182;PROMEDI DISTRIBUIDORA LTDA
For04629;05333542000957;TEVA FARMACEUTICA LTDA.
For04630;05035244000123;SUN FARMACEUTICA DO BRASIL LTDA
For04631;18096092000110;PILTZ & SANTOS LTDA
For04632;31538876000110;DROGARIA POPULAR MELHOR PRECO RGS LTDA
For04633;11405384000149;ALFA MED SISTEMAS MEDICOS LTDA
For04634;05287113000133;ARTSINTESE COMERCIO DE MATERIAL E EQUIPAMENTOS HOSPITALAR LTDA
For04635;49754931000174;G7 MEDICA DISTRIBUIDORA DE MEDICAMENTOS LTDA
For04636;53441926000189;AUGUSMED HOSPITALAR COMERCIO E SERVICOS LTDA
For04637;53204333000107;VERITAS FARMA DISTRIBUIDORA LTDA
For04638;38072714000188;RS FERREIRA SERVOS COMERCIAL
For04639;27664639000128;D F C HOSPITALAR COMERCIO E SERVICOS LTDA
For04640;32258056000137;LICITATRADE SERVICO, COMERCIO E IMPORTACAO LTDA
For04641;61072393003906;PFIZER BRASIL LTDA
For04642;16926786000102;REAG-LAB COMERCIO DE PRODUTOS MEDICOS E HOSPITALARES LTDA
For04643;27789446000101;AGUIA DISTRIBUIDORA DE MEDICAMENTOS E SUPRIMENTOS LTDA
For04644;08726881000134;DECOM - COMERCIO DE EQUIPAMENTOS E PRODUTOS ODONTOLOGICOS MEDICOS E HOSPITALARES LTDA
For04645;73663650000190;RANBAXY FARMACEUTICA LTDA
For04646;20652929000102;INOVA. DISTRIBUICAO E SERVICOS ELETRO MEDICOS LTDA
For04647;01463618000150;SERGILAB PRODUTOS HOSPITALARES E LABORATORIAIS LTDA
For04648;41302176000185;LC PRODUTOS HOSPITALARES LTDA
For04649;03134944000140;E J DA SILVA PRODUTOS LABORATORIAIS
For04650;50657402000131;EBRAM PRODUTOS LABORATORIAIS LTDA
For04651;14553228000113;INFRAEASY SOLUCOES LTDA
For04652;22244564000102;DX COMERCIO E DISTRIBUIDORA LTDA
For04653;48921961000165;ESF II PRODUTOS MEDICO-HOSPITALARES LTDA
For04654;35100944000115;IASMINI COMERCIO DE EQUIPAMENTOS MEDICOS LTDA.
For04655;22870240000180;LOBIANCO FARMACIA E DROGARIA LTDA
For04656;10446719000104;BIOTEC BIOLOGICA INDUSTRIA FARMACEUTICA LTDA
For04657;30860667000125;ANA P. BRITO DE ALMEIDA LTDA
For04658;36940761000170;GREENCARE PHARMA COMERCIO ATACADISTA DE MEDICAMENTOS E COSMETICOS LTDA.
For04659;10450805000190;FLUKKA FARMACIA DE MANIPULACAO LTDA
For04660;07640617000200;DISTRIBUIDORA BRASIL COML DE PRODUTOS MEDICOS HOSPITALARES LTDA
For04661;56994502009862;NOVARTIS BIOCIENCIAS SA
For04662;00029372000140;GE HEALTHCARE DO BRASIL COMERCIO E SERVICOS PARA EQUIPAMENTOS MEDICO-HOSPITALARES LTDA
For04663;38442572000101;JGO DROGARIA LTDA
For04664;15396747000188;VL BELTRAME LTDA
For04665;05743288000108;HOSPCOM EQUIPAMENTOS HOSPITALARES LTDA
For04666;04752991000110;BIOMM S/A
For04667;16671989000103;EDR COMERCIO DE EQUIPAMENTOS MEDICO-HOSPITALARES LTDA
For04668;15361503000160;ALFA & OMEGA MEDICAL LTDA
For04669;04780117000196;EUTICA ATACADISTA DE MEDICAMENTOS E MATERIAL HOSPITALAR LTDA
For04670;30584194000261;CROMO COMERCIO E DISTRIBUICAO DE MATERIAIS ODONTO-MEDICO HOSPITALARES LTDA.
For04671;61072393000133;PFIZER BRASIL LTDA
For04672;19001876000180;DESCARTMED PRODUTOS HOSPITALARES LTDA
For04673;72527609000124;PRONTIDAO COMERCIO DE PRODUTOS HOSPITALARES LTDA.
For04674;41977198000145;MAXXI VIX COMERCIO ATACADISTA E REPRESENTACAO LTDA
For04675;23420875000148;G. M. VALENCIA - PRODUTOS HOSPITALARES
For04676;44291264000117;LYON FARMA-HOSPITALAR IMPORTACAO E EXPORTACAO LTDA
For04677;61363032001541;CHIESI FARMACEUTICA LTDA
For04678;45053942000176;MATHEUS COMERCIO ATACADISTA LTDA
For04679;33009945002339;PRODUTOS ROCHE QUIMICOS E FARMACEUTICOS S A
For04680;10588595000363;SANOFI MEDLEY FARMACEUTICA LTDA
For04681;17854549000146;MAIS MED COMERCIO DE PRODUTOS HOSPITALAR LTDA
For04682;17019854000465;DROGARIAS FARMACESA LTDA
For04683;34443180000106;FLAVIO QUEIROZ CASSIANO NORTEMED
For04684;04712762000171;CONSORCIO INTERMUNICIPAL DE DESENVOLVIMENTO SUSTENTAVEL DA REGIAO DOS CAMPOS DE CIMA DA SERRA - CONDESUS
For04685;49459637000130;ODH COMERCIO & SERVICOS DE ASSESSORIA LTDA.
For04686;48399006000100;SAFEMED DISTRIBUIDORA LTDA
For04687;05161069000544;BRAINFARMA INDUSTRIA QUIMICA E FARMACEUTICA S.A.
For04688;17875154000120;MEDQUIMICA INDUSTRIA FARMACEUTICA LTDA.
For04689;17700763000300;MEDFUTURA DISTRIBUIDORA DE MEDICAMENTOS E PRODUTOS DE SAUDE LTDA
For04690;92265552000140;MULTILAB INDUSTRIA E COMERCIO DE PRODUTOS FARMAC LTDA
For04691;02513899000252;GRIFOLS BRASIL LTDA
For04692;61190096000192;EUROFARMA LABORATORIOS S.A.
For04693;10693290000150;TEGRAPHARMA IMPORTADORA E DISTRIBUIDORA LTDA
For04694;09394821000124;FARMACIAS ASSOCIADAS DE CRISSIUMAL LTDA
For04695;01310222000173;MAFRA LOCACOES LTDA.
For04696;52488349000118;SUBMED - PRODUTOS HOSPITALARES LTDA
For04697;09058502000148;FARMA VISION IMPORTACAO E EXPORTACAO DE MEDICAMENTOS LTDA
For04698;30226102000190;SAO LUCAS DISTRIBUIDORA DE PRODUTOS FARMACEUTICOS E HOSPITALARES LTDA
For04699;79250676000274;CIRURGICA JAW COMERCIO DE MATERIAL MEDICO HOSP LTDA
For04700;28474897000104;DROGARIA ULTRA POPULAR DE CASTELO LTDA
For04701;05923871000109;ALPHARAD MATERIAIS PARA DIAGNOSTICOS LTDA
For04702;36121635000194;CG HOSPITALAR DISTRIBUIDORA DE PRODUTOS HOSPITALARES LTDA
For04703;73308611000175;FARMACIA E PERFUMARIA CIDADE ALTA LTDA
For04704;48885640000152;F R DISTRIBUIDORA DE MEDICAMENTOS LTDA
For04705;54388280000186;BELMED DISTRIBUIDORA DE MEDICAMENTOS LTDA
For04706;09032626000154;AGFA DO BRASIL LTDA.
For04707;61190096000869;EUROFARMA LABORATORIOS S.A.
For04708;21487927000178;NEUPHARMA DISTRIBUICAO DE MATERIAL MEDICO HOSPITALAR LTDA
For04709;20220317000140;HD- MIYAHARA COMERCIO  E  SERVICOS  LTDA
For04710;43752662000120;CONTA DISTRIBUIDORA DE MEDICAMENTOS LTDA
For04711;74400052000191;COMERCIAL 3 ALBE LTDA
For04712;52967925000100;ABC FARMACEUTICO LTDA
For04713;34526327000113;RIOQUIMICA INDUSTRIA QUIMICA LTDA
For04714;12991532000117;JUARES LIMA DOS SANTOS
For04715;21810980000168;INNOVATIVE MEDICINES BRASIL SP DISTRIBUICAO DE MEDICAMENTOS LTDA
For04716;27908285000110;XISMED DISTRIBUIDORA LTDA
For04717;43728100000141;BC MED HOSPITALAR LTDA
For04718;07724173000444;PONTUAL FARMACEUTICA NR 2006 LTDA
For04719;50821325000103;BLUE CONNECT COMERCIO E SERVICOS LTDA
For04720;03951140000133;DE PAULI COMERCIO REPRESENTACAO IMPORTACAO E EXPORTACAO LTDA
For04721;09053134000226;ELFA MEDICAMENTOS S.A
For04722;23151775000163;NUTRIRE COMERCIO DE PRODUTOS NUTRICIONAIS E HOSPITALARES LTDA
For04723;12420164003687;CM HOSPITALAR S.A.
For04724;23552212000268;ROCHE DIABETES CARE BRASIL LTDA
For04725;51045579000140;FJS DISTRIBUIDORA DE MATERIAIS E EQUIPAMENTOS HOSPITALARES E ODONTOLOGICOS LTDA
For04726;47259102000190;UNIAO MED LTDA
For04727;18429105000126;FRANHAN & ROGANTI LTDA
For04728;44462035000118;LABBRASIL COMERCIO DE PRODUTOS MEDICOS LTDA
For04729;11958200000178;MEDYLOG LOGISTICA E DISTRIBUICAO LTDA
For04730;47454600000193;GREEN MED DISTRIBUIDORA E IMPORTADORA DE MEDICAMENTOS E PRODUTOS PARA SAUDE LTDA.
For04731;39344423000164;BLACK TSHIRT LICITACOES E ASSESSORIA LTDA
For04732;48435293000166;CHECK SAFE COMERCIO E DISTRIBUICAO DE MATERIAIS ODONTO-MEDICO HOSPITALARES LTDA
For04733;50938745000174;THEOTO S A INDUSTRIA E COMERCIO
For04734;41932099000147;PMI BRASIL IMPORTADORA E EXPORTADORA DE PRODUTOS PARA SAUDE LTDA
For04735;29568915000180;SPECIALTY PHARMA BRASIL INTERMEDIACAO DE NEGOCIOS E CONSULTORIA LTDA
For04736;12420164000580;CM HOSPITALAR S.A.
For04737;08597121000174;FUNDO ESTADUAL DE SAUDE DO PARANA - FUNSAUDE
For04738;47292400000181;SPECIAL MED COMERCIAL HOSPITALAR LTDA
For04739;49351786000180;BAXTER HOSPITALAR LTDA
For04740;37676047000180;ROSAFARM DISTRIBUIDORA DE MEDICAMENTOS LTDA
For04741;24774241000156;MEDEVICES PRODUTOS MEDICOS E HOSPITALARES LTDA
For04742;04650643000131;3 MED COMERCIO DE MEDICAMENTOS LTDA
For04743;10784720000149;LIDERANCA HOSPITALAR LTDA
For04744;29196977000108;SORAGGE E SOSSAI MANUTENCAO E MATERIAL HOSPITALAR LTDA
For04745;31401798000107;DENTAL BH BRASIL COMERCIO DE PRODUTOS ODONTO-MEDICO-HOSPITALAR LTDA
For04746;12013255000178;RS DISTRIBUIDORA HOSPITALAR LTDA
For04747;32644237000100;COSTA DISTRIBUIDORA HOSPITALAR LTDA
For04748;48479110000104;YUMED COMERCIO LTDA
For04749;20480457000158;MAXI CONFORT IMPORTACAO E EXPORTACAO LTDA
For04750;14575367000148;SUPPORTE COMERCIAL HOSPITALAR LTDA
For04751;11697594000239;AGILLE COMERCIO DE MEDICAMENTOS LTDA
For04752;04307650002855;ONCO PROD DISTRIBUIDORA DE PRODUTOS HOSPITALARES E ONCOLOGICOS LTDA.
For04753;34707920000166;ONMED DISTRIBUIDORA DE MEDICAMENTOS LTDA
For04754;48058173000197;DL MEDICAMENTOS LTDA
For04755;05993698000379;1000MEDIC DISTRIBUIDORA IMPORTADORA EXPORTADORA DE MEDICAMENTOS LTDA
For04756;53926612000176;SANFE MEDICAMENTOS E PRODUTOS HOSPITALARES LTDA
For04757;35215257000145;DENTAL PREMIUM LTDA
For04758;51687922000150;ALCANCE PRODUTOS FARMACEUTICOS E MATERIAIS MEDICOS DISTRIBUIDORA & REPRESENTACOES LTDA.
For04759;52280387000180;RPS COMERCIO DE PRODUTOS COSMETICOS LTDA
For04760;19844928000180;ERIMED INDUSTRIA E COMERCIO DE PRODUTOS PARA SAUDE LTDA
For04761;40618304000131;FOCCUS DISTRIBUIDORA DE EQUIPAMENTOS LTDA
For04762;01123973000180;ORTHO PAUHER INDUSTRIA COMERCIO E DISTRIBUICOES LTDA
For04763;19717870000104;KIENTRO BRASIL LTDA
For04764;93327161000175;PRHODENT COMERCIO DE PRODUTOS HOSPITALARES E DENTARIOS LTDA
For04765;44518371000216;MUNICIPIO DE GARCA
For04766;09113926000168;ORTOPEDICA DISTRIBUIDORA DE PRODUTOS HOSPITALARES LTDA
For04767;92132786000119;CRISTAL DISTRIBUIDORA DE MEDICAMENTOS LTDA
For04768;10436813000182;MAIS SAUDE LTDA
For04769;11348570000193;MUNICIPIO DE VERDEJANTE
For04770;05795285000118;OPHTALMED DISTRIBUIDORA LTDA
For04771;29690865000109;ONE LEVEL IMPORTACAO E EXPORTACAO LTDA
For04772;46586579000117;J L BRAGA GUIMARAES COMERCIO DE MATERIAIS ELETRICOS LTDA
For04773;58635830000175;FARMARIN INDUSTRIA E COMERCIO LTDA
For04774;54388779000193;EFFRA IN HUB DE COMERCIO E SERVICOS LTDA
For04775;29715704000122;MAIS SAUDE MARINGA PRODUTOS MEDICOS E NUTRICIONAIS LTDA
For04776;52932346000121;VTR COMERCIAL LTDA
For04777;08958628000459;ONCOEXO DISTRIBUIDORA DE MEDICAMENTOS LTDA
For04778;05816630000152;FUNDO ESTADUAL DE SAUDE DO ESTADO DA BAHIA
For04779;54843246000154;MED OESTE DISTRIBUIDORA DE MEDICAMENTOS LTDA
For04780;61286647000116;SANDOZ DO BRASIL INDUSTRIA FARMACEUTICA LTDA.
For04781;06132785000132;MEDVIDA DISTRIBUIDORA DE MEDICAMENTOS HOSPITALAR LTDA
For04782;49074484000102;CALIXTO MEDICAMENTOS LTDA
For04783;02814497001260;CIMED INDUSTRIA S.A.
For04784;41683262000185;VERO MEDICAMENTOS LTDA
For04785;61082426001289;COSMED INDUSTRIA DE COSMETICOS E MEDICAMENTOS S.A.
For04786;04638822000153;NATIVA FARMA LTDA
For04787;03426484000123;SALDANHA RODRIGUES LTDA
For04788;63685325000175;2A DISTRIBUIDORA DE PRODUTOS HOSPITALARES LTDA
For04789;19231616000100;R. DE F. TORRES MOLITERNO LTDA
For04790;68095702000130;ABEMED PRODUTOS MEDICO CIENTIFICOS LTDA
For04791;29404097000180;OCTO FARMACO LTDA
For04792;17700763000733;MEDFUTURA DISTRIBUIDORA DE MEDICAMENTOS E PRODUTOS DE SAUDE LTDA
For04793;27029083000106;ODONTOMASTER COMERCIO DE PRODUTOS PARA SAUDE LTDA
For04794;34274065000147;BIOFARMACEUTICA PRODUTOS MEDICO HOSPITALARES LTDA
For04795;70027479000135;BANDEIRANTES LAB PROD FARMACEUTICOS E HOSPITALARES LTDA
