id_fabricante;cnpj_fabricante;fabricante
Fab00001;73856593000166;PRATI, DONADUZZI E CIA LTDA
Fab00002;61150447000131;LABORATÓRIOS BALDACCI S/A
Fab00003;10877926000113;LABORATORIO FARMACEUTICO DO ESTADO DE PERNAMBUCO GOVERNADOR MIGUEL
Fab00004;02685377000157;SANOFI-AVENTIS FARMACEUTICA LTDA
Fab00005;61190096000192;EUROFARMA LABORATORIOS LTDA
Fab00006;33009945000123;PRODUTOS ROCHE QUIMICOS E FARMACEUTICOS S.A
Fab00007;60659463002992;ACHE LABORATORIOS FARMACEUTICOS SA
Fab00008;05254971000181;ZYDUS NIKKHO FARMACEUTICA LTDA
Fab00009;43426626000177;ALLERGAN PRODUTOS FARMACEUTICOS LTDA.
Fab00010;56998701000116;ABBOTT LABORATORIOS DO BRASIL LTDA
Fab00011;57507378000365;EMS S/A
Fab00012;61286647000116;SANDOZ DO BRASIL INDUSTRIA FARMACEUTICA LTDA.
Fab00013;00923140000131;EMS SIGMA PHARMA LTDA
Fab00014;60318797000100;ASTRAZENECA DO BRASIL LTDA.
Fab00015;17159229000176;LABORATORIO TEUTO BRASILEIRO S/A
Fab00016;45992062000165;GERMED FARMACÊUTICA LTDA
Fab00017;61082426000207;COSMED INDUSTRIA DE COSMETICOS E MEDICAMENTOS S.A.
Fab00018;61230314000175;LIBBS FARMACEUTICA LTDA
Fab00019;10588595000797;Medley Farmacêutica Ltda.
Fab00020;49475833000106;BIOLAB SANUS FARMACÊUTICA LTDA
Fab00021;33247743000110;GLAXOSMITHKLINE BRASIL LTDA
Fab00022;60397775000174;TAKEDA PHARMA LTDA.
Fab00023;02501297000285;PHARLAB INDUSTRIA FARMACEUTICA S.A
Fab00024;73663650000190;RANBAXY FARMACEUTICA LTDA
Fab00025;03485572000104;GEOLAB INDUSTRIA FARMACÊUTICA LTDA
Fab00026;17174657000178;HYPOFARMA INSTITUTO DE HYPODERMIA E FARMACIA LTDA
Fab00027;56994502000130;NOVARTIS BIOCIENCIA S/A
Fab00028;46070868000169;LABORATORIOS PFIZER LTDA
Fab00029;10588595001092;SANOFI MEDLEY FARMACEUTICA LTDA
Fab00030;43312503000105;SUPERA FARMA LABORATORIOS S.A.
Fab00031;53162095000106;BIOSINTÉTICA FARMACEUTICA LTDA
Fab00032;03271206000144;HTM INDUSTRIA DE EQUIPAMENTOS ELETRO-ELETRONICOS LTDA
Fab00033;51780468000187;JANSSEN-CILAG FARMACEUTICA LTDA
Fab00034;61363032000146;CHIESI FARMACÊUTICA LTDA
Fab00035;60499639000195;ABBOTT PRODUTOS PARA SAUDE LTDA.
Fab00036;19570720000110;HIPOLABOR FARMACEUTICA LTDA
Fab00037;18459628000115;BAYER S.A
Fab00038;05343029000270;MEDLEVENSOHN COMERCIO E REPRESENTACOES DE PRODUTOS HOSPITALARES LT
Fab00039;23643315000152;DANONE LTDA
Fab00040;00133418000177;IBRAMED INDUSTRIA BRASILEIRA DE EQUIPAMENTOS MEDICOS - EIRELI
Fab00041;07768134000104;ASTELLAS FARMA BRASIL IMPORTACAO E DISTRIBUICAO DE MEDICAMENTOS LT
Fab00042;84684620000187;LABORATORIO CATARINENSE S A
Fab00043;17172874000129;PREMIUM COMERCIAL EIRELI
Fab00044;08055634000153;IMEC-INDUSTRIA DE MEDICAMENTOS CUSTODIA LTDA - EPP
Fab00045;60659463000191;ACHE LABORATORIOS FARMACEUTICOS SA
Fab00046;33408105000133;GREENPHARMA QUIMICA E FARMACEUTICA LTDA
Fab00047;18324343000177;BELFAR LIMITADA
Fab00048;17875154000391;MEDQUIMICA INDUSTRIA FARMACEUTICA LTDA.
Fab00049;04459117000199;SAMTEC BIOTECNOLOGIA LTDA
Fab00050;04099395000182;SANTISA LABORATORIO FARMACEUTICO S.A
Fab00051;06628333000146;FARMACE - INDUSTRIA QUIMICO-FARMACEUTICA CEARENSE LTDA
Fab00052;61068755000112;SANVAL COMERCIO E INDUSTRIA LTDA
Fab00053;44734671000151;CRISTALIA PRODUTOS QUIMICOS E FARMACEUTICOS LTDA
Fab00054;04656253000179;MARIOL INDUSTRIAL LTDA
Fab00055;04361309000168;S. SOBRAL E CIA LTDA
Fab00056;30222814000131;VITAMEDIC INDUSTRIA FARMACEUTICA LTDA
Fab00057;60831658000177;BOEHRINGER INGELHEIM DO BRASIL QUIMICA E FARMACEUTICA LTDA.
Fab00058;44363661000157;GLENMARK FARMACEUTICA LTDA
Fab00059;17875154000120;MEDQUIMICA INDUSTRIA FARMACEUTICA LTDA
Fab00060;60665981000118;UNIÃO QUÍMICA FARM. NACIONAL S/A
Fab00061;05161069000110;BRAINFARMA INDUSTRIA QUIMICA E FARMACEUTICA S.A.
Fab00062;02501297000102;PHARLAB INDUSTRIA FARMACEUTICA S.A
Fab00063;48113906000149;1FARMA INDUSTRIA FARMACEUTICA LTDA
Fab00064;02814497000298;CIMED INDÚSTRIA DE MEDICAMENTOS LTDA.
Fab00065;02433631000120;ASPEN PHARMA INDUSTRIA FARMACEUTICA LTDA
Fab00066;61072393003906;WYETH INDUSTRIA FARMACEUTICA LTDA
Fab00067;02456955000183;NATULAB LABORATORIO S.A
Fab00068;17115437000173;LABORATORIO GLOBO LTDA
Fab00069;06597801000162;THEODORO F SOBRAL & CIA LTDA
Fab00070;02814497000107;CIMED INDUSTRIA DE MEDICAMENTOS LTDA
Fab00071;05399786000185;UNICHEM FARMACEUTICA DO BRASIL LTDA.
Fab00072;33069212000184;MERCK S/A
Fab00073;02281006000100;ISOFARMA INDUSTRIAL FARMACEUTICA LTDA
Fab00074;25773037000183;PHARMASCIENCE LABORATORIOS LTDA
Fab00075;61100004000136;ZAMBON LABORATÓRIOS FARMACÊUTICOS LTDA
Fab00076;55972087000150;JP INDUSTRIA FARMACEUTICA S/A
Fab00077;89738173000115;SANREMO S/A
Fab00078;50929710000179;MEDLEY S A INDUSTRIA FARMACEUTICA
Fab00079;01784792000103;EQUIPLEX INDUSTRIA FARMACEUTICA LTDA -
Fab00080;33009945000204;PRODUTOS ROCHE QUIMICOS E FARMACEUTICOS S.A
Fab00081;58430828001301;BLAU FARMACEUTICA S.A.
Fab00082;07670111000154;ARESE PHARMA LTDA.
Fab00083;65271900000119;NATIVITA INDUSTRIA E COMERCIO LTDA
Fab00084;44734671000828;CRISTALIA PRODUTOS QUIMICOS FARMACEUTICOS LTDA
Fab00085;33078528000132;TERRENT DO BRASIL LTDA
Fab00086;57507378000608;EMS S/A
Fab00087;60665981000541;UNIÃO QUIMICA FARMACEUTICA NACIONAL S/A
Fab00088;33349473000158;FARMOQUIMICA S A
Fab00089;11082598000121;BESINS HEALTHCARE BRASIL COMERCIAL E DISTRIBUIDORA DE MEDICAMENTOS
Fab00090;04301884000175;AUROBINDO PHARMA INDUSTRIA FARMACEUTICA LIMITADA
Fab00091;43940618000144;ELI LILLY DO BRASIL LTDA
Fab00092;07898671000160;SHIRE FARMACEUTICA BRASIL LTDA.
Fab00093;38756680000140;DKT DO BRASIL PRODUTOS DE USO PESSOAL LTDA
Fab00094;49324221000104;FRESENIUS KABI BRASIL LTDA.
Fab00095;04067132000191;FAREX DO BRASIL LTDA
Fab00096;03978166000175;DR. REDDY'S FARMACEUTICA DO BRASIL LTDA
Fab00097;00376959000126;IFAL IND E COM DE PRODUTOS FARMACEUTICOS LTDA
Fab00098;10555143000113;GRUNENTHAL DO BRASIL FARMACEUTICA LTDA.
Fab00099;27376022000107;PRIME CIRURGICA DISTRIBUIDORA DE MATERIAIS E EQUIPAMENTOS MEDICOS
Fab00100;45987013000134;MERCK SHARP & DOHME FARMACEUTICA LTDA
Fab00101;21561931000309;LABORATORIO SANOBIOL LTDA
Fab00102;17318477000112;FORTCLEAN DESCARTAVEIS LTDA - EPP
Fab00103;61190096000869;EUROFARMA LABORATORIOS S.A.
Fab00104;29346301000153;LABORATORIO FARMACEUTICO VITAMED LTDA
Fab00105;09458251000199;LUPLAST INDUSTRIA E COMERCIO DE LUVAS DESCARTAVEIS LTDA
Fab00106;42374207000176;LABORATÓRIOS SERVIER DO BRASIL LTDA
Fab00107;55980684000127;ZODIAC-PRODUTOS FARMACEUTICOS S.A
Fab00108;22966065000129;NUTRIEX INDUSTRIA DE NUTRACEUTICOS LTDA
Fab00109;02513899000171;GRIFOLS BRASIL LTDA
Fab00110;82277955000155;NOVO NORDISK FARMACEUTICA DO BRASIL LTDA
Fab00111;57532343000114;L M FARMA INDUSTRIA E COMERCIO LTDA
Fab00112;64711500000114;MEIZLER BIOPHARMA S/A
Fab00113;05854999000150;CICLO FARMA INDUSTRIA QUIMICA LTDA - EPP
Fab00114;01005728000179;LABOR IMPORT COMERCIAL IMP EXP LTDA
Fab00115;33009945002339;PRODUTOS ROCHE QUIMICOS E FARMACEUTICOS S A
Fab00116;14806008000154;MOMENTA FARMACEUTICA LTDA.
Fab00117;68032192000151;BIONATUS LABORATORIO BOTANICO LTDA
Fab00118;64171697000146;ACCORD FARMACÊUTICA LTDA
Fab00119;09545589000188;MABRA FARMACEUTICA LTDA
Fab00120;11643096000122;MYLAN LABORATORIOS LTDA.
Fab00121;10351637000186;MEAD JOHNSON DO BRASIL COMERCIO E IMPORTACAO DE PRODUTOS DE NUTRIC
Fab00122;92265552000140;MULTILAB INDUSTRIAL E COMERCIO DE PRODUTOS FARMAC LTDA
Fab00123;18466544000109;PROTECTOR INDUSTRIA E COMERCIO DE PRODUTOS MEDICO HOSPITALARES LTD
Fab00124;21172673000107;ERS INDUSTRIA E COMERCIO DE PRODUTOS DE HIGIENE E LIMPEZA LTDA - E
Fab00125;27608037000153;DEJAMARO INDUSTRIA E COMERCIO DE PRODUTOS MEDICOS - HOSPITALARES L
Fab00126;03225411000173;MISSNER E MISSNER LTDA
Fab00127;03426484000204;SALDANHA RODRIGUES LTDA
Fab00128;10192693000115;NEW IMPLA COMERCIO DE MATERIAIS MEDICOS CIRURGICOS LTDA
Fab00129;19570720000382;HIPOLABOR FARMACEUTICA LTDA
Fab00130;60412327001336;ALCON LABORATORIOS BRASIL LTDA
Fab00131;60831658002110;BOEHRINGER INGELHEIM DO BRASIL QUIMICA E FARMACEUTICA LTDA.
Fab00132;01571702000198;HALEX ISTAR INDÚSTRIA FARMACÊUTICO LTDA
Fab00133;56998701001279;ABBOTT LABORATÓRIOS DO BRASIL LTDA
Fab00134;72593791000111;NOVA QUIMICA FARMACEUTICA LTDA
Fab00135;60665981000975;UNIAO QUIMICA FARMACEUTICA NACIONAL S A
Fab00136;43426626000924;ALLERGAN PRODUTOS FARMACÊUTICOS LTDA
Fab00137;58430828000160;BLAUSIEGEL INDÚSTRIA E COMÉRCIO LTDA
Fab00138;49324221001690;FRESENIUS KABI BRASIL LTDA.
Fab00139;06629745000109;NOVAFARMA INDUSTRIA FARMACEUTICA LTDA
Fab00140;29785870000103;LABORATORIO NEO QUIMICA COMERCIO E INDUSTRIA S.A
Fab00141;05044984000126;LEGRAND PHARMA INDUSTRIA FARMACEUTICA LTDA
Fab00142;19570720000706;HIPOLABOR FARMACEUTICA LTDA
Fab00143;32407538000101;INDUSTRIA FRONTINENSE DE LATEX SA
Fab00144;30082076000174;ABSOLUTA SAUDE IMP. EXP. E COMERCIO DE PRODUTOS PARA SAUDE EIRELI
Fab00145;60663705000110;INDUSTRIA DE ATADURAS GESSADAS CRISTAL LTDA - EPP
Fab00146;12936659000133;KEVENOLL DO BRASIL PRODUTOS MEDICOS HOSPITALARES LTDA
Fab00147;03033589000112;OLIMED MATERIAL HOSPITALAR LTDA
Fab00148;01057428000214;DESCARPACK DESCARTAVEIS DO BRASIL LTDA
Fab00149;01057428000133;DESCARPACK DESCARTAVEIS DO BRASIL LTDA
Fab00150;10268780000109;MEDIX BRASIL PRODUTOS HOSPITALARES E ODONTOLOGICOS LTDA
Fab00151;20722331000142;LUIZA SCHULTZ CORTES FREIRE RAMOS 05435615500
Fab00152;02635522000195;JALLES MACHADO S.A.
Fab00153;08745092000140;BECARI COMERCIAL DE PRODUTOS E EQUIPAMENTOS PARA LABORATORIOS LTDA
Fab00154;01564260000152;WASSER FARMA LTDA
Fab00155;60412327000526;ALCON LABORATÓRIOS DO BRASIL LTDA
Fab00156;60397775000840;NYCOMED PHARMA LTDA
Fab00157;31401798000107;DENTAL BH BRASIL COMERCIO DE PRODUTOS ODONTO-MEDICO-HOSPITALAR EIR
Fab00158;61099966000112;SANOFI SYNTHELABO LTDA
Fab00159;34526327000113;RIOQUIMICA INDUSTRIA QUIMICA LTDA - ME
Fab00160;02400787000104;A C E INDUSTRIA E COMERCIO LTDA
Fab00161;04506487000130;HELIANTO FARMACEUTICA LTDA - EPP
Fab00162;33112665000146;DFL INDUSTRIA E COMERCIO S/A
Fab00163;49601107000427;FRESENIUS HEMOCARE BRASIL LTDA.
Fab00164;12918336000117;BE CARE COMERCIO DE PRODUTOS MEDICO HOSPITALARES LTDA - EPP
Fab00165;11232867000199;FIRST IMPORT COMERCIO INTERNACIONAL LTDA
Fab00166;73856593001057;PRATI, DONADUZZI & CIA LTDA
Fab00167;97215388000180;LEONARDI COMERCIO DE PRODUTOS PARA SAUDE LTDA - EPP
Fab00168;49475833001250;BIOLAB SANUS FARMACEUTICA LTDA
Fab00169;06076833000112;ABL - SAUDE LTDA
Fab00170;61595732000166;INVESTMAR DE INTERCAMBIO COMERCIAL LTDA
Fab00171;28531958000128;MAYCON ROBERT NIEDHARDT
Fab00172;05823205000190;MAQUIRA INDUSTRIA DE PRODUTOS ODONTOLOGICOS LTDA
Fab00173;10692852000140;DESCARBOX EMBALAGENS LTDA. - ME
Fab00174;22291182000130;VITAMED COMÉRCIO E DISTRIBUIDORA DE MEDICAMENTOS EIRELI
Fab00175;27401513000160;DEVANT CARE COMERCIAL LTDA
Fab00176;00257992000137;ANGELUS INDUSTRIA DE PRODUTOS ODONTOLOGICOS S/A
Fab00177;28753796000172;ISOFAR INDÚSTRIA E COMÉRCIO DE PRODUTOS QUÍMICOS LTDA
Fab00178;02039112000181;MICRODONT MICRO USINAGEM DE PRECISAO LTDA
Fab00179;84833888000133;BIODINAMICA QUIMICA E FARMACEUTICA LTDA - EPP
Fab00180;45985371000108;3M DO BRASIL LTDA
Fab00181;31116239000155;DENTSPLY INDUSTRIA E COMERCIO LIMITADA
Fab00182;23643315011510;DANONE LTDA
Fab00183;60409075002953;NESTLE BRASIL LTDA.
Fab00184;48708010000374;KULZER SOUTH AMERICA LTDA.
Fab00185;06173145000170;DIAMANTEC PRODUTOS ODONTOLOGICOS LTDA
Fab00186;74017708000272;INDUSBELLO IND. E COM. DE PRODUTOS MEDICOS E ODONTOLOGICOS LTDA
Fab00187;03237990000174;KELLDRIN INDUSTRIAL LTDA
Fab00188;80330046000108;PROGRAD COMERCIAL MEDICA LTDA
Fab00189;02120411000146;HIGIE-TOPP INDUSTRIA E COMERCIO DE PRODUTOS HIGIENICOS E TEXTEIS L
Fab00190;43179225000160;TRANSMAI EQUIPAMENTOS MEDICOS HOSPITALARES LTDA - EPP
Fab00191;49604226000190;MULTIGEL INDUSTRIA E COMERCIO, IMPORTACAO E EXPORTACAO DE PRODUTOS
Fab00192;60874187000184;DAIICHI SANKYO BRASIL FARMACEUTICA LTDA.
Fab00193;05343029000190;MEDLEVENSOHN COMERCIO E REPRESENTACOES DE PRODUTOS HOSPITALARES LT
Fab00194;07295190000160;DBI COMERCIO E IMPORTACAO EIRELI - ME
Fab00195;61190096000435;EUROFARMA LABORATÓRIOS LTDA
Fab00196;49351786000423;BAXTER HOSPITALAR LTDA
Fab00197;61186136000122;VALEANT FARMACEUTICA DO BRASIL LTDA
Fab00198;83874628000143;LABORATORIO FARMACEUTICO ELOFAR LIMITADA
Fab00199;61082426001289;COSMED INDUSTRIA DE COSMETICOS E MEDICAMENTOS S.A.
Fab00200;21561931000139;LABORATÓRIO SANOBIOL LTDA
Fab00201;17562075000169;CIFARMA CIENTÍFICA FARMACÊUTICA LTDA
Fab00202;33173097000274;CELLERA FARMACEUTICA S.A.
Fab00203;15058160000169;NUTRIEX INDUSTRIA DE COSMETICOS LTDA
Fab00204;49475833001412;BIOLAB SANUS FARMACEUTICA LTDA
Fab00205;09426522000124;FARMAX PRODUTOS FARMACEUTICOS LTDA
Fab00206;59476770000158;PROCTER & GAMBLE DO BRASIL S.A.
Fab00207;03449625000123;MAXCLEAN COMERCIO SERVICOS IMPORTACAO E EXPORTACAO LTDA
Fab00208;07179031000109;CAHE PRODUTOS DESCARTAVEIS LTDA - ME
Fab00209;12472927000103;QUALYBLESS DO BRASIL LTDA
Fab00210;72899016000512;ESSITY DO BRASIL INDUSTRIA E COMERCIO LTDA
Fab00211;19972628000187;FACILIMPE COMERCIO DE PRODUTOS DE LIMPEZA EM GERAL LTDA.
Fab00212;05216859000156;BIOBASE INDUSTRIA E COMERCIO LTDA
Fab00213;62462015000129;APSEN FARMACÊUTICA S/A
Fab00214;02290277000121;KIMBERLY -CLARK BRASIL INDUSTRIA E COMERCIO DE PRODUTOS DE HIGIENE
Fab00215;25186120000156;ONTEX BRASIL HOLDING LTDA.
Fab00216;09603161000144;BMD - COMERCIO DE PRODUTOS MEDICOS LTDA.
Fab00217;74232034000148;LABORATORIOS FERRING LTDA
Fab00218;05431736000138;ASTRA CIENTIFICA LTDA - ME
Fab00219;74215013000114;OFT-VISION INDUSTRIA E COMERCIO LTDA
Fab00220;10588595000100;Medley Farmacêutica Ltda.
Fab00221;10249145000184;INALAMED EQUIPAMENTOS E MATERIAIS HOSPITALARES LTDA - ME
Fab00222;19338456000194;ALFRS INDUSTRIA DE MOVEIS LTDA
Fab00223;08183359000153;PRODIET NUTRICAO CLINICA LTDA
Fab00224;18774815000193;AMGEN BIOTECNOLOGIA DO BRASIL LTDA.
Fab00225;23478737000110;INALAMED HOSPITALAR EIRELI
Fab00226;60665981000207;UNIAO QUIMICA FARMACEUTICA NACIONAL S/A
Fab00227;33150764000112;BIOLAB FARMA GENERICOS LTDA
Fab00228;10844648000289;ONE FARMA MEDICAMENTOS LTDA
Fab00229;58635830000175;FARMARIN INDUSTRIA E COMERCIO LTDA
Fab00230;05161069000544;BRAINFARMA INDUSTRIA QUIMICA E FARMACEUTICA S.A.
Fab00231;39032974000192;VIC PHARMA INDÚSTRIA E COMÉRCIO LTDA
Fab00232;56998701003212;ABBOTT LABORATORIOS DO BRASIL LTDA
Fab00233;46568655000161;LAMEDID COMERCIAL E SERVIÇOS LTDA
Fab00234;60084456000109;LATINOFARMA INDUSTRIAS FARMACEUTICAS LTDA
Fab00235;48344725000719;ALTHAIA S.A. INDUSTRIA FARMACEUTICA
Fab00236;55643555000143;INDUSTRIA FARMACEUTICA RIOQUIMICA LTDA
Fab00237;04798379000188;ASFER INDUSTRIA QUIMICA LTDA
Fab00238;60879848000164;LABORATORIO TAYUYNA LTDA
Fab00239;11308834000185;VIDA BIOTECNOLOGIA S/A
Fab00240;05439635000103;ANTIBIOTICOS DO BRASIL LTDA
Fab00241;05106945000106;DENTSCARE LTDA
Fab00242;06879626000104;CINORD SUDESTE QUIMICA LTDA - EPP
Fab00243;69348936000104;ANADONA COMERCIO E CONFECCOES LTDA - EPP
Fab00244;17602891000159;ALLPLAN PRODUTOS ODONTOLOGICOS LTDA - ME
Fab00245;31258478000140;TECHNEW COMERCIO E INDUSTRIA LTDA
Fab00246;60409075044605;NESTLE BRASIL LTDA.
Fab00247;02543673000113;3R - INDUSTRIA E COMERCIO LTDA
Fab00248;00322352000163;DPCBRASIL INDUSTRIA E COMERCIO - EIRELI - EPP
Fab00249;52393246000174;CALU - INDUSTRIA, EXPORTACAO E IMPORTACAO DE EQUIPAMENTOS ODONTOLO
Fab00250;11957593000103;CLEAN MEDICAL COMERCIO DE EQUIPAMENTOS HOSPITALARES LTDA - EPP
Fab00251;10467576000117;PRIME CIRURGICA IMPORTACAO E EXPORTACAO E COMERCIO DE PRODUTOS ORT
Fab00252;61269320000136;ALCOOL SANTA CRUZ LTDA
Fab00253;01739415000144;PREVEN INDUSTRIA E COMERCIO DE PRODUTOS ODONTOLOGICOS EIRELI - EPP
Fab00254;58188194000180;GN INJECTA INDUSTRIA, COMERCIO DE MATERIAIS MEDICOS, CIRURGICOS, O
Fab00255;04356658000191;AAF DO BRASIL PRODUTOS ODONTOLOGICOS LTDA - ME
Fab00256;08049419000220;METALMS INDUSTRIAL BRASILEIRA DE METAIS LTDA
Fab00257;07707681000171;SOUZA & LEONARDI LTDA - ME
Fab00258;03426484000123;SALDANHA RODRIGUES LTDA
Fab00259;84704683000158;QUIMIDROL COMERCIO INDUSTRIA IMPORTACAO LTDA
Fab00260;88610555000104;INDUSTRIA FARMACEUTICA BASA LTDA
Fab00261;60412327000100;ALCON LABORATÓRIOS DO BRASIL LTDA
Fab00262;26898124000120;FARMANORTE COMERCIO E MANIPULACAO DE MEDICAMENTOS EIRELI
Fab00263;45992062000912;GERMED FARMACEUTICA LTDA
Fab00264;33349473000310;FARMOQUIMICA S A
Fab00265;75014167000100;NUNESFARMA DISTRIBUIDORA DE PRODUTOS FARMACEUTICOS LTDA
Fab00266;04338716000154;INDUSTRIA FARMACEUTICA MELCON DO BRASIL S.A.
Fab00267;02685377000823;SANOFI-AVENTIS FARMACEUTICA LTDA
Fab00268;03560974000118;SCHERING-PLOUGH INDUSTRIA FARMACEUTICA LTDA
Fab00269;00331788004106;AIR LIQUIDE BRASIL LTDA
Fab00270;05706568000146;BAUSCH & LOMB INC.
Fab00271;13507989000176;GLAXOSMITHKLINE BRASIL LTDA
Fab00272;04532527000118;MYRALIS PHARMA EIRELI
Fab00273;45793403000173;ASTRA QUIMICA E FARMACEUTICA LTDA
Fab00274;78950011000120;HERBARIUM LABORATORIO BOTANICO LTDA
Fab00275;14336329000132;SOL-MILLENNIUM BRASIL IMPORTACAO E EXPORTACAO S.A.
Fab00276;56994502002779;NOVARTIS BIOCIENCIAS SA
Fab00277;46070868003699;LABORATORIOS PFIZER LTDA
Fab00278;60665981000703;UNIAO QUIMICA FARMACEUTICA NACIONAL S A
Fab00279;17440261000125;MYRALIS INDUSTRIA FARMACEUTICA LTDA
Fab00280;61068755000627;SANVAL COMERCIO E INDUSTRIA LTDA
Fab00281;09137657000170;J. C. W. SIQUEIRA FARMACIA
Fab00282;00029372000140;GE HEALTHCARE DO BRASIL COMERCIO E SERVICOS PARA EQUIPAMENTOS MEDI
Fab00283;33258401000103;INSTITUTO BIOCHIMICO INDUSTRIA FARMACEUTICA LTDA
Fab00284;61072393000133;WYETH INDUSTRIA FARMACEUTICA LTDA
Fab00285;15800545000150;ABBVIE FARMACEUTICA LTDA
Fab00286;56994502001535;NOVARTIS BIOCIENCIAS SA
Fab00287;54421953000152;ORTOCENTER APARELHOS ORTOPEDICOS LTDA - EPP
Fab00288;00677858000195;ARTE NATIVA PRODUTOS NATURAIS LTDA
Fab00289;02794555000188;COLOPLAST DO BRASIL LTDA.
Fab00290;60383338000100;EMBRAMED INDUSTRIA E COMERCIO DE PRODUTOS HOSPITALARES LTDA.
Fab00291;60409075000152;NESTLE BRASIL LTDA.
Fab00292;33258401001177;INSTITUTO BIOCHIMICO INDUSTRIA FARMACEUTICA LTDA
Fab00293;17845667000198;BR HOMMED COMERCIO DE MATERIAIS MEDICOS LTDA
Fab00294;22575103000112;6B INVENT GERMANY INOX CE - BRASIL, IMPORTACAO E EXPORTACAO - EIRE
Fab00295;58268152000150;ABC INSTRUMENTOS CIRÚRGICOS
Fab00296;02814497000379;CIMED INDUSTRIA DE MEDICAMENTOS LTDA
Fab00297;61282661000141;LABORATORIO QUIMICO FARMACEUTICO BERGAMO LTDA
Fab00298;44734671000156;CRISTÁLIA PRODUTOS QUÍMICOS FARMACÊUTICOS LTDA.
Fab00299;04162170000123;ESTRATTI VEGETALI FARMACIA E MANIPULACAO LTDA - ME
Fab00300;17602864000186;DELTA INDUSTRIA E COM. LTDA
Fab00301;23552212000187;ROCHE DIABETES CARE BRASIL LTDA
Fab00302;11433344000100;BIONATUS FARMA COMERCIO DE MEDICAMENTOS LTDA
Fab00303;07925705000169;AUROBINDO PHARMA PRODUTOS FARMACEUTICOS LIMITADA
Fab00304;33145194000172;LABORATORIO GROSS S A
Fab00305;03812429000171;POLYSUTURE INDUSTRIA E COMERCIO LTDA
Fab00306;12340717000161;POINT SUTURE DO BRASIL IND DE FIOS CIRURGICOS LTDA
Fab00307;54516661008005;JOHNSON & JOHNSON DO BRASIL INDUSTRIA E COMERCIO DE PRODUTOS PARA
Fab00308;37844479000152;BIOLINE FIOS CIRURGICOS LTDA
Fab00309;17979679000105;A L DALCIN PIRES DROGARIA
Fab00310;05035244000123;SUN FARMACEUTICA DO BRASIL LTDA
Fab00311;61455192000115;TRB PHARMA INDUSTRIA QUIMICA E FARMACEUTICA LTDA
Fab00312;44363661000319;GLENMARK FARMACEUTICA LTDA
Fab00313;28547190000180;GRAZIELA VELANI ABUFARES COMERCIO DE MEDICAMENTOS EIRELI
Fab00314;42457796000156;DIFFUCAP-CHEMOBRAS QUIMICA E FARMACEUTICA LTDA
Fab00315;58426628000133;SAMTRONIC INDUSTRIA E COMERCIO LTDA
Fab00316;60726692000181;MARJAN INDUSTRIA E COMERCIO LTDA
Fab00317;51753374000119;GOLGRAN INDUSTRIA E COMERCIO DE INSTRUMENTAL ODONT LTDA
Fab00318;69342475000162;TECNODENT INDUSTRIA E COMERCIO LTDA - EPP
Fab00319;03851135000159;KENNEN INDUSTRIA E COMERCIO LTDA - EPP
Fab00320;05575117000117;GENOM FARMACEUTICA LTDA
Fab00321;09024090000125;INTRACORP INSTITUTO DA TRAQUEIA, CORACAO E PULMAO SS LTDA - ME
Fab00322;09100491000117;FLEXINOX INDUSTRIA E COMERCIO DE ACOS LTDA
Fab00323;73297509000111;BHIO SUPPLY INDUSTRIA E COMERCIO DE EQUIPAMENTOS MEDICOS LTDA
Fab00324;09542984000107;SOROCAPS INDUSTRIA FARMACEUTICA LTDA
Fab00325;50938745000174;THEOTO S A INDUSTRIA E COMERCIO
Fab00326;10554289000144;BRASFARMA COMERCIAL LTDA - ME
Fab00327;17159229000257;LABORATÓRIO TEUTO BRASILEIRO LTDA
Fab00328;04238197000152;PROLINK INDUSTRIA E COMERCIO DE CORRENTES LTDA
Fab00329;05268490000125;BRASIL PHARMA HOSPITALAR LTDA
Fab00330;49716616000152;RAMUZA INDUSTRIA E COMERCIO DE BALANCAS LTDA
Fab00331;51780468000268;JANSSEN-CILAG FARMACEUTICA LTDA
Fab00332;71982839000110;UNICHEM QUIMICA INDUSTRIA E COMERCIO LTDA
Fab00333;44463156000184;SERVIMED COMERCIAL LTDA
Fab00334;46179008000168;BRASTERAPICA INDUSTRIA FARMACEUTICA S/E LTDA
Fab00335;03055242000170;GOJO AMERICA LATINA LTDA
Fab00336;92695691000103;KLEY HERTZ FARMACEUTICA S.A
Fab00337;00000000006023;#N/D
Fab00338;45987013000304;MERCK SHARP & DOHME FARMACEUTICA LTDA
Fab00339;09284952000159;KEDRION BRASIL DISTRIBUIDORA DE PRODUTOS HOSPITALARES LTDA
Fab00340;22391828000150;INJET MED INDUSTRIA, COMERCIO, IMPORTACAO E EXPORTACAO DE PRODUTOS
Fab00341;32407538000454;INDUSTRIA FRONTINENSE DE LATEX SA
Fab00342;14633154000206;ECO DIAGNOSTICA LTDA - EPP
Fab00343;03840189000119;RS MED LTDA
Fab00344;72899016000199;SCA DO BRASIL INDUSTRIA E COMERCIO LTDA
Fab00345;08442245000261;PROTDESC DO BRASIL IMPORTACAO E EXPORTACAO LTDA
Fab00346;05150338000143;MEDSONDA - INDUSTRIA E COMERCIO DE PRODUTOS HOSPITALARES DESCARTAV
Fab00347;62969589000198;CSL BEHRING COMÉRCIO DE PRODUTOS FARMACÊUTICOS LTDA
Fab00348;49324221000457;FRESENIUS KABI BRASIL LTDA.
Fab00349;07455576000192;VIDA FORTE NUTRIENTES INDUSTRIA E COMERCIO DE PRODUTOS NATURAIS LT
Fab00350;01772798000233;MEDTRONIC COMERCIAL LTDA
Fab00351;56998982003122;BRISTOL-MYERS SQUIBB FARMACEUTICA LTDA.
Fab00352;33078528000485;TORRENT DO BRASIL LTDA
Fab00353;61148037000156;ORTOPRATIKA INDUSTRIA E COMERCIO LTDA
Fab00354;44010437000181;CAZI QUIMICA FARMACEUTICA INDUSTRIA E COMERCIO LTDA
Fab00355;02932074003298;HYPERMARCAS S/A
Fab00356;05452889000161;CELLTRION HEALTHCARE DISTRIBUICAO DE PRODUTOS FARMACEUTICOS DO BRA
Fab00357;10778913000197;METAL SOLUTION DO BRASIL IND. E COM. DE MOVEIS LTDA - ME
Fab00358;95799201000298;ADLIN PLASTICOS LTDA
Fab00359;33348467000186;SHALON-FIOS CIRURGICOS LTDA.
Fab00360;01221540000168;PRO-FORMULA ABC COSMETICOS EIRELI
Fab00361;31673254000102;LABORATORIOS B BRAUN SA
Fab00362;11424477000110;LEO PHARMA LTDA
Fab00363;01417367000178;ARKTUS INDUSTRIA E COMERCIO DE PRODUTOS PARA SAUDE LTDA.
Fab00364;66000787000108;WAMA PRODUTOS PARA LABORATORIO LTDA
Fab00365;04755436000141;S S PLUS DO BRASIL LTDA - EPP
Fab00366;68567650000157;S.S. WHITE ARTIGOS DENTARIOS LTDA
Fab00367;33026055000120;MEGALABS FARMACEUTICA S.A.
Fab00368;90816299000140;STARK METALURGICA INDUSTRIA E COMERCIO LTDA
Fab00369;01122234000174;IMPORT SERVICE MATERIAL MEDICO HOSPITALAR LTDA
Fab00370;15127898000130;MUNDIPHARMA BRASIL PRODUTOS MEDICOS E FARMACEUTICOS LTDA.
Fab00371;27011022000103;BL INDÚSTRIA ÓTICA LTDA
Fab00372;05050260000195;PROCARE COMERCIO DE PRODUTOS HOSPITALARES LTDA
Fab00373;60397965000191;LYSANDA PRODUTOS ODONTOLOGICOS LTDA - EPP
Fab00374;02932074000191;HYPERMARCAS S/A
Fab00375;00317372000146;GALDERMA BRASIL LTDA
Fab00376;50358522000138;INDUSTRIA NACIONAL DE ARTEFATOS DE LATEX S.A
Fab00377;96167887000186;PRATA PRODUTOS ODONTOLOGICOS LTDA - EPP
Fab00378;05944604000100;EDWARDS LIFESCIENCES COMERCIO DE PRODUTOS MEDICO-CIRURGICOS LTDA.
Fab00379;62969589001593;CSL BEHRING COMERCIO DE PRODUTOS FARMACEUTICOS LTDA
Fab00380;84683556000110;KAVO DO BRASIL INDUSTRIA E COMERCIO LTDA
Fab00381;16647278000195;PARAMED DISTRIBUIDORA DE MEDICAMENTOS LTDA
Fab00382;00969061000323;CARBOGEL INDUSTRIA E COMERCIO LTDA
Fab00383;18272875000108;COOPERFLEX INDUSTRIA E COMERCIO DE FIOS E CABOS ELETRICOS LTDA
Fab00384;14110250000199;VALPLASTIC COMERCIO DE PLASTICOS LTDA - ME
Fab00385;05953172000101;FAVA INDUSTRIA E COMERCIO DE PRODUTOS HOSPITALARES E ODONTOLOGICOS
Fab00386;45987013002269;MERCK SHARP & DOHME FARMACEUTICA LTDA
Fab00387;03431790000158;RAQUEL NOGUEIRA SOROCABA - EPP
Fab00388;14683163000120;JFB DISTRIBUIDORA DE PRODUTOS FARMACEUTICOS E EQUIPAMENTOS HOSPITA
Fab00389;63643571000164;TANARIMAN INDUSTRIAL LTDA
Fab00390;33060740000172;MANTECORP INDUSTRIA QUIMICA E FARMACEUTICA LTDA
Fab00391;45841137000107;DLA PHARMACEUTICAL LTDA
Fab00392;33349473000239;FARMOQUIMICA S A
Fab00393;33019548000132;SILVESTRE LABS. QUÍMICA E FARMACÊUTICA LTDA
Fab00394;13863381000184;MIDFARMA PRODUTOS FARMACEUTICOS LTDA
Fab00395;01935049000107;PROTEGE DESCARTAVEIS LTDA
Fab00396;48396378000182;UCI FARMA INDUSTRIA FARMACEUTICA LTDA
Fab00397;08546929000122;CARESTREAM DO BRASIL COMERCIO E SERVICOS DE PRODUTOS MEDICOS LTDA
Fab00398;02477571000147;DENTAL MED SUL ARTIGOS ODONTOLOGICOS LTDA
Fab00399;01101363000186;DENTALVILLE DO BRASIL LTDA - EPP
Fab00400;06923493000207;MEDFIO INDUSTRIA E COMERCIO DE ARTIGOS ODONTOLOGICOS - EIRELI
Fab00401;04654861000144;INDALABOR INDAIA LABORATÓRIO FARMACÊUTICO LTDA
Fab00402;00015955000112;SDI BRASIL INDUSTRIA E COMERCIO LTDA
Fab00403;05155425000193;CASULA & VASCONCELOS INDUSTRIA FARMACEUTICA E COMERCIO LTDA EPP
Fab00404;78742491000133;JOAOMED COMERCIO DE MATERIAIS CIRURGICOS LTDA
Fab00405;61517397000188;THERASKIN FARMACEUTICA LTDA.
Fab00406;07897039000100;DENTEMED EQUIPAMENTOS ODONTOLOGICOS LTDA - EPP
Fab00407;61418042000131;CIRURGICA FERNANDES LTDA
Fab00408;11172836000190;TOP MED IMPORTACAO E DISTRIBUICAO LTDA - ME
Fab00409;17562075000320;CIFARMA CIENTIFICA FARMACEUTICA LTDA
Fab00410;13038445000102;AGE HOSPITALAR LTDA - EPP
Fab00411;08939548000103;INFAN INDUSTRIA QUIMICA FARMACEUTICA NACIONAL S/A
Fab00412;00938703000165;HOLLISTER DO BRASIL LTDA
Fab00413;10918419000180;KCI BRASIL IMPORTADORA E DISTRIBUIDORA DE PRODUTOS PARA SAUDE LTDA
Fab00414;13656820000188;SMITH & NEPHEW COMERCIO DE PRODUTOS MEDICOS LTDA.
Fab00415;25463374000174;MEDEFE PRODUTOS MEDICO- HOSPITALARES LTDA
Fab00416;78746773000109;CASEX IND DE PLASTICOS E PROD MEDICOS HOSPITALARES LTDA
Fab00417;54858014000501;ESSITY SOLUCOES MEDICAS DO BRASIL COMERCIO E DISTRIBUICAO LTDA.
Fab00418;04967408000198;EMERGO BRAZIL IMPORT IMPORTACAO E DISTRIBUICAO DE PRODUTOS MEDICOS
Fab00419;01784792000529;EQUIPLEX INDUSTRIA FARMACEUTICA LTDA
Fab00420;04380711000190;DELTA MEDICAL COMERCIAL LTDA - EPP
Fab00421;61150819000120;LABORATORIO AMERICANO DE FARMACOTERAPIA S A
Fab00422;56998982000107;BRISTOL-MYERS SQUIBB FARMACEUTICA S/A
Fab00423;56994502000644;NOVARTIS BIOCIENCIAS SA
Fab00424;59231530000355;KOLPLAST C I LTDA
Fab00425;48740849000128;CRAL ARTIGOS PARA LABORATÓRIOS LTDA
Fab00426;06172459000159;NUTRIEX IMPORTAÇÃO E EXPORTAÇÃO DE PRODUTOS NUTRICIONAIS E FARMOQU
Fab00427;46179008000320;BRASTERAPICA INDUSTRIA FARMACEUTICA S/E LTDA
Fab00428;60874187000265;DAIICHI SANKYO BRASIL FARMACEUTICA LTDA.
Fab00429;20627681000120;CENTER DENT SERVICO DE PROTESE DENTARIA LTDA
Fab00430;04246660000108;TAUENS FARMACEUTICA LTDA
Fab00431;56998701001945;ABBOTT -
Fab00432;05218197000153;TAYLOR FARMACIA DE MANIPULACAO LTDA - ME
Fab00433;01623403000150;BIOTEXTIL INDUSTRIA E COMERCIO LTDA. ME
Fab00434;11463608000179;ERIMAR INDUSTRIA E COMERCIO DE PRODUTOS PARA SAUDE LTDA - ME
Fab00435;00157774000554;TARGA LTDA
Fab00436;17210388000158;NATHY IMPORTAÇÃO E EXPORTAÇÃO LTDA
Fab00437;03578185000104;TECNOFIO INDUSTRIA E COMERCIO DE FIOS E MATERIAIS ISOLANTES LTDA
Fab00438;68176544000142;KSN - PROTECAO RESPIRATORIA EIRELI
Fab00439;02881877000164;POLAR FIX INDUSTRIA E COMERCIO DE PRODUTOS HOSPITALARES LTDA
Fab00440;65651028000134;MADEITEX COMERCIO VAREJISTA DE ARTEFATOS DE LATEX LTDA
Fab00441;00626948000157;HANESBRANDS BRASIL TEXTIL LTDA
Fab00442;10972948000162;BRAZMIX COMERCIO VAREJISTA E ATACADISTA LTDA
Fab00443;95799201000107;ADLIN PLASTICOS LTDA
Fab00444;87156352000119;INCOTERM INDUSTRIA DE TERMOMETROS LTDA
Fab00445;47388533000156;METALURGICA FAVA INDUSTRIA E COMERCIO LTDA
Fab00446;04516470000163;TECNOPRINT IMPRESSOS TECNICOS LTDA - ME
Fab00447;27325768000191;PREMIUM HOSPITALAR EIRELI
Fab00448;06105362000123;ACCUMED PRODUTOS MEDICO HOSPITALARES LTDA
Fab00449;10896647000105;DUOTEC - EMBALAGENS LTDA - EPP
Fab00450;06207441000145;PROTEC EXPORT INDUSTRIA, COMERCIO, IMPORTACAO E EXPORTACAO DE EQUI
Fab00451;84966498000131;MAXICOR PRODUTOS MÉDICOS LTDA
Fab00452;08106200000135;WILLTEK TECNOLOGIA E COMERCIO DE EQUIPAMENTOS MEDICOS HOSPITALARES
Fab00453;07907297000112;ACE MEDICAMENTOS LTDA - EPP
Fab00454;70939574000296;FABRICA DE ARTEFATOS DE LATEX SAO ROQUE LTDA
Fab00455;33009945002924;Produtos Roche Quim. e Farmacêuticos S/A
Fab00456;03713939000191;MARDAM INDUSTRIA E COMERCIO DE PRODUTOS DE HIGIENE LTDA
Fab00457;17256512000116;DROGARIA ARAUJO S/A
Fab00458;72899016000431;ESSITY DO BRASIL INDUSTRIA E COMERCIO LTDA
Fab00459;07967729000180;HADASSAH - COSMETICOS LTDA - ME
Fab00460;25137947000170;AGUAMED IMPORTADORA E EXPORTADORA DE EQUIPAMENTOS HOSPITALARES E O
Fab00461;07415627000152;TKL IMPORTACAO E EXPORTACAO DE PRODUTOS MEDICOS E HOSPITALARES LTD
Fab00462;11906456000131;MANUFARMA COMERCIO DE PRODUTOS FARMACEUTICOS LTDA
Fab00463;06954360000109;MASTER COMERCIAL EIRELI
Fab00464;10967865000185;FISIOVITAL COMERCIO DE ARTIGOS ORTOPEDICOS LTDA
Fab00465;03586651000101;DESCARTAVEIS NON WOVEN IMPORTACAO E EXPORTACAO LTDA
Fab00466;59748988000114;JOHNSON & JOHNSON INDUSTRIAL LTDA
Fab00467;43566371000148;BADEIA COMÉRCIO E IMPORTAÇÃO LTDA
Fab00468;58216797000149;KINNER DO BRASIL LTDA
Fab00469;01310212000138;AMERICA MEDICAL LTDA
Fab00470;01648513000176;PKB PRODUTOS QUIMICOS LTDA
Fab00471;02520218000100;ANDREONI TEXTIL LTDA - ME
Fab00472;48939276000166;MEDI HOUSE IND E COM DE PRODUTOS CIRURGICOS LTDA
Fab00473;03869526000281;J.R.D. INDUSTRIA FARMACEUTICA LTDA
Fab00474;05761666000186;SANAFARMA IND. & COM. DE PRODUTOS QUIMICOS E FARMACEUTICOS LTDA -
Fab00475;83200105000111;MEDIX DISTRIBUICAO COMERCIO E REPRESENTACAO LTDA
Fab00476;59556621000107;MARK MED INDUSTRIA E COMERCIO LTDA
Fab00477;06143681000123;BIOSANI INDUSTRIA E COMERCIO DE PRODUTOS MEDICOS E ODONTOLOGICOS L
Fab00478;30450803000109;ZAMMI INSTRUMENTAL LTDA
Fab00479;80392434000113;J. PROLAB INDUSTRIA E COMERCIO DE PRODUTOS PARA LABORATORIO LTDA
Fab00480;33348467000429;SHALON-FIOS CIRURGICOS LTDA
Fab00481;10235337000131;HN DESC COMERCIO E CONFECCOES DE PRODUTOS HOSPITALARES LTDA - ME
Fab00482;01891218000146;MSD BRASIL LTDA. - ME
Fab00483;65738155000175;MARIMAR INDUSTRIA COMERCIO IMPORTACAO E EXPORTACAO DE RPG LTDA - M
Fab00484;11206140000137;FARMACIA SKIBA LTDA
Fab00485;11243246000100;BRH SAUDE OCUPACIONAL LTDA
Fab00486;17152616000180;BRASIL MED CARE IMPORTACAO, EXPORTACAO, COMERCIO E DISTRIBUICAO LT
Fab00487;04704457000138;PLASTCOR DO BRASIL LTDA
Fab00488;00417825000106;MSO COMERCIO E REPRESENTACOES LTDA - ME
Fab00489;00894372000109;MB TEXTIL LTDA
Fab00490;11098609000161;ADVA OPTICAL NETWORKING SERVICOS BRASIL LTDA.
Fab00491;90059171000189;POLI TAPE INDUSTRIA E COMERCIO DE FITAS ADESIVAS LTDA
Fab00492;05161206000117;CLEAN UP BRAZIL BIOTECNOLOGIA LTDA - ME
Fab00493;54565478000198;SISPACK MEDICAL LTDA. - EPP
Fab00494;09593438000103;BIO ADVANCE DIAGNOSTICOS LTDA - EPP
Fab00495;07439329000100;TALGE DESCARTAVEIS DO BRASIL LTDA
Fab00496;09271415000174;UZZI QUIMICA LTDA
Fab00497;11204960000190;ASTROMED INDUSTRIA E COMERCIO DE EMBALAGENS FLEXIVEIS LTDA - EPP
Fab00498;19844928000180;G. F. CARDOSO LEITE & CIA LTDA - ME
Fab00499;49941123000116;MEDIX INDUSTRIA E COMERCIO LTDA
Fab00500;43512870000152;CPL MEDICAL S PRODUTOS MEDICOS LTDA
Fab00501;09545032000147;RESGATE SP PRODUTOS PARA RESGATE, APH E EPI LTDA - ME
Fab00502;66525379000161;KONDENTECH INDUSTRIA E COMERCIO LTDA
Fab00503;08665289000170;M.M. CAPELLARO COMERCIO DE PRODUTOS MEDICOS E ODONTOLOGICOS LTDA
Fab00504;95433397000111;COMÉRCIO DE MAT. MÉD. HOSP. MACROSUL LTDA
Fab00505;50328590000154;UNITEC INDUSTRIA E COMERCIO DE APARELHOS HOSPITALARES LTDA
Fab00506;61793691000112;CONTROLES GRAFICOS DARU S A
Fab00507;01814778000105;BIOLAND INDUSTRIA E COMERCIO DE COMPOSTO ORGANICO LTDA - EPP
Fab00508;08633431000105;GABISA MEDICAL INTERNATIONAL LTDA - EPP
Fab00509;11896538000142;SOLUMED DISTRIBUIDORA DE MEDICAMENTOS E PRODUTOS PARA SAUDE LTDA-E
Fab00510;47193115000103;CIRURGICA BRASIL COMERCIO IMPORT. LTDA
Fab00511;35997345000146;HOSPIDROGAS COMERCIO DE PRODUTOS HOSPITALARES LTDA
Fab00512;07699581000140;POLLITEX EMBALAGENS FLEXIVEIS LTDA
Fab00513;19316473000120;BERNIERI & CIA LTDA
Fab00514;45740289000113;ORTOFEN INDUSTRIA E COMERCIO
Fab00515;25078142000100;RAFAEL NERES DA COSTA 36419550840
Fab00516;10853028000125;VIDA RESGATE COMERCIO DE PRODUTOS A.P.H. LTDA
Fab00517;13236116000176;MEDK INDUSTRIA, COMERCIO, IMPORTACAO E EXPORTACAO DE PRODUTOS MEDI
Fab00518;47231121000108;BEKER PRODUTOS FARMACO HOSPITALARES LTDA
Fab00519;02068375000119;MEDICICOR COMERCIAL EIRELI
Fab00520;30667695000120;HARTMANN IND. COM. PRODUTOS MÉDICOS-HOSPITALARES LTDA.
Fab00521;41921149000190;LABORATORIO FARMACEUTICO ARBORETO LTDA
Fab00522;10842256000108;GROW QUIMICA E FARMACEUTICA LTDA.
Fab00523;00562583000144;RENYLAB - QUIMICA E FARMACEUTICA LTDA
Fab00524;10994658000110;FAROL DISTRIBUIDORA DE MEDICAMENTOS LTDA - ME
Fab00525;14190675000155;DENTAL CREMER PRODUTOS ODONTOLOGICOS S.A.
Fab00526;04901171000142;CASSIFLEX LTDA - ME
Fab00527;15456627000129;DIDRATE IND. E COM. DE PRODUTOS FARMACEUTICOS LTDA
Fab00528;12283775000109;UNIGLOVES BRASIL IMPORTADORA LTDA - ME
Fab00529;15229391000198;SAFRA INDUSTRIA E COMERCIO DE ALCOOL PARA USO DOMESTICO LTDA
Fab00530;01440590000136;FRESENIUS MEDICAL CARE LTDA.
Fab00531;43640754000119;FUNDACAO PARA O REMEDIO POPULAR FURP
Fab00532;73222549000102;MAXITEX INDUSTRIA TEXTIL LTDA - EPP
Fab00533;00681314000105;ORTOMED HOSPITALAR INDUSTRIA E COMERCIO LTDA - ME
Fab00534;82641325000118;CREMER S.A
Fab00535;47641907000101;SORRI-BAURU
Fab00536;03644345000176;POLIFILME INDUSTRIA E COMERCIO DE EMBALAGENS LTDA - EPP
Fab00537;28415097000112;ANAPOLIS INDUSTRIA E COMERCIO DE PRODUTOS HOSPITALARES EIRELI
Fab00538;01000823000180;SOLUMED MATERIAIS MEDICOS LTDA - EPP
Fab00539;07415627000314;TKL IMPORTACAO E EXPORTACAO DE PRODUTOS MEDICOS E HOSPITALARES LTD
Fab00540;09032626000154;AGFA HEALTHCARE BRASIL IMPORTACAO E SERVICOS LTDA.
Fab00541;50371889000191;PRECISION CENTRO DE DIAGNOSTICO S/C LTDA
Fab00542;04064092000124;INACIO CAETANO FERREIRA NETO - EPP
Fab00543;03075426000100;BIODONT INDUSTRIA , COMERCIO, IMPORTACAO E EXPORTACAO LTDA
Fab00544;27089709000161;FIRSTLAB INDUSTRIA IMPORTACAO E EXPORTACAO DE PRODUTOS PARA LABORA
Fab00545;14197433000193;SAFE MEDICAL-PRODUTOS HOSPITALARES LTDA
Fab00546;00252903000160;ESTERILI-MED INDUSTRIA E COMERCIO DE EQUIPAMENTOS MEDICOS HOSPITAL
Fab00547;10757876000130;SR PRODUTOS MEDICOS LTDA
Fab00548;13324282000124;KASVI IMPORTACAO E DISTRIBUICAO DE PRODUTOS PARA LABORATORIOS LTDA
Fab00549;05030501000134;MIKATOS INDUSTRIA, COMERCIO E SERVICOS DE APARELHOS MEDICOS LTDA -
Fab00550;07294636000132;MD MATERIAL HOSPITALAR LTDA - ME
Fab00551;93480192000161;CIEX DO BRASIL INDUSTRIA E COMERCIO DE PRODUTOS CIRURGICOS LTDA
Fab00552;54741095000123;CIRUVET INDUSTRIA E COMERCIO LTDA - EPP
Fab00553;05333542000108;TEVA FARMACEUTICA LTDA.
Fab00554;05691570000199;ATRASORB INDUSTRIA DE PRODUTOS HOSPITALARES LTDA - EPP
Fab00555;20995679000103;MC MURA PEREIRA COMERCIO DE PRODUTOS FARMACEUTICOS
Fab00556;49475833001501;BIOLAB SANUS FARMACEUTICA LTDA
Fab00557;13644713000130;ROMED INDUSTRIA E COMERCIO DE EQUIPAMENTOS MEDICOS LTDA - EPP
Fab00558;06940329000119;MED SHARP INDUSTRIA E COMERCIO DE PRODUTOS HOSPITALARES LTDA - ME
Fab00559;08172563000179;4 R INDUSTRIA E COMERCIO DE TUBOS DE LATEX LTDA. - ME
Fab00560;61117263000170;VENKURI INDUSTRIA DE PRODUTOS MEDICOS LTDA.
Fab00561;03820314000129;FORTINOX - INDUSTRIA, COMERCIO E SERVICOS LTDA - EPP
Fab00562;17545961000184;ICARAI DO BRASIL INDUSTRIA QUIMICA LTDA
Fab00563;49748460000191;PLASCALP PRODUTOS CIRURGICOS LTDA
Fab00564;02823683000102;CAPRICORN TECHNOLOGIES DO BRASIL LTDA
Fab00565;01177248000195;CRISTOFOLI EQUIPAMENTOS DE BIOSSEGURANCA LTDA
Fab00566;42180406000143;GUERBET PRODUTOS RADIOLOGICOS LIMITADA
Fab00567;45272721000199;SEGMENTA FARMACEUTICA LTDA.
Fab00568;21324430000139;CARDOSO & SILVA MEDICAMENTOS LTDA
Fab00569;22685341000695;LIMA & PERGHER INDUSTRIA E COMERCIO S/A
Fab00570;20259895000190;MEDPRO COMERCIO DE PRODUTOS HOSPITALARES LTDA
Fab00571;07946202000170;PHARMATEX COMERCIAL DE PRODUTOS HOSPITALARES LTDA
Fab00572;48539084000162;IMBRALAB IND BRASILEIRA DE PROD PARA LABORATORIO LTDA - ME
Fab00573;05421585000137;WINNER INDUSTRIA DE DESCARTÁVEIS LTDA
Fab00574;28145496000100;INJEMED DISTRIBUIDORA HOSPITALAR LTDA
Fab00575;10742412000401;BRACCO IMAGING DO BRASIL IMPORTACAO E DISTRIBUICAO DE MEDICAMENTOS
Fab00576;13333090000184;NIPRO MEDICAL CORPORATION PRODUTOS MEDICOS LTDA.
Fab00577;72021223000146;MISSOURI INDUSTRIA E COMERCIO LTDA - EPP
Fab00578;54858014000170;NEVE INDUSTRIA E COMERCIO DE PRODUTOS CIRURGICOS LTDA
Fab00579;31228836000171;ORTOBRAS INDUSTRIA E COMERCIO DE ORTOPEDIA LTDA
Fab00580;03917989000190;MB INDUSTRIA CIRURGICA LTDA
Fab00581;10948986000180;TOPMEDICAL COMERCIO E REPRESENTACAO DE PRODUTOS MEDICO-HOSPITALARE
Fab00582;05652247000106;Lumiar Helth Builders Equipamentos Hospitalares LTDA
Fab00583;04759433000186;FERNAMED LTDA
Fab00584;26965679000147;GG INDUSTRIA DE EQUIPAMENTOS MEDICOS LTDA
Fab00585;30153811000193;GUERBET IMAGEM DO BRASIL LTDA
Fab00586;01332005000184;DENTSCLER INDUSTRIA DE APARELHOS ODONTOLOGICOS LTDA - EPP
Fab00587;06295846000182;ULTRADENT DO BRASIL PRODUTOS ODONTOLOGICOS LTDA.
Fab00588;60397874000156;FUJIFILM DO BRASIL LTDA.
Fab00589;02828962000169;MAC ARTIGOS ODONTOLOGICOS E PROTESE LTDA - EPP
Fab00590;04644478000105;MEDICALTEC LTDA - EPP
Fab00591;58188194000261;GN INJECTA INDUSTRIA, COMERCIO DE MATERIAIS MEDICOS, CIRURGICOS, O
Fab00592;07506786000162;PORTELA & LIMA LTDA
Fab00593;07204369000165;ANA SILVIA ALVES MARTINS FALEIROS DE ANDRADE - ME
Fab00594;59293662000140;FABRICA DE ARTEFATOS METALURGICOS ITA LTDA
Fab00595;57893521000132;PERFITECNICA PERFIS TECNICOS DE BORRACHA LTDA
Fab00596;54516661006215;JOHNSON & JOHNSON DO BRASIL INDUSTRIA E COMERCIO DE PRODUTOS PARA
Fab00597;49425259000173;VIPI INDUSTRIA, COMERCIO, EXPORTACAO E IMPORTACAO DE PRODUTOS ODON
Fab00598;33112665000499;DFL INDUSTRIA E COMERCIO S/A
Fab00599;07340978000141;SALUTEM INDUSTRIA E COMERCIO ELETRONICO EIRELI
Fab00600;31258478000220;TECHNEW COMERCIO E INDUSTRIA LTDA.
Fab00601;21284068000110;FARMATEX DO BRASIL S/A
Fab00602;44734671000155;CRISTÁLIA PRODUTOS QUÍMICOS FARMACÊUTICOS LTDA.
Fab00603;00659050000185;CENTER MED COMERCIAL LTDA
Fab00604;70306451000137;NEVOA PRODUTOS HIGIENICOS LTDA
Fab00605;11014549000151;BIOFLORENCE IMPLEMENTOS ORTOPEDICOS LTDA
Fab00606;81591786000160;TDV DENTAL LTDA
Fab00607;51943645000107;BIOMEDICAL EQUIPAMENTOS E PROD MEDICO-CIRURGICOS LTDA
Fab00608;05306092000156;REALDESC INDUSTRIA E COMERCIO DE PRODUTOS DESCARTAVEIS LTDA
Fab00609;00260485000152;LUIZ FERNANDO ZIMER - EIRELI
Fab00610;07744954000158;IRIS INDUSTRIA DE PRODUTOS DESCARTAVEIS E HIGIENICOS LTDA
Fab00611;20451726000239;SALUTEM COMERCIO DE MOVEIS HOSPITALARES EIRELI
Fab00612;57680605000198;JON INDUSTRIA E COMERCIO DE PRODUTOS ODONTOLOGICOS LTDA - EPP
Fab00613;11206099000441;SUPERMED COMERCIO E IMPORTACAO DE PRODUTOS MEDICOS E HOSPITALARES
Fab00614;02491464000173;SKY INDUSTRIA E COMERCIO DE PRODUTOS DESCARTAVEIS LTDA
Fab00615;13724320000136;ACON COMERCIO INTERNACIONAL LTDA
Fab00616;05753434000186;ADRIANA PAULA T I GOMES IMPORTACAO E EXPORTACAO
Fab00617;09244998000144;INDUSTRIA E COMERCIO DE PRODUTOS CIENTIFICOS PERFECTA LTDA. - EPP
Fab00618;33425331000122;VIGODENT S/A INDUSTRIA E COMERCIO
Fab00619;07636198000143;K J COMERCIO DE PRODUTOS ALIMENTICIOS LTDA
Fab00620;38907770000195;PRISMA INSTRUMENTOS ODONTOLOGICOS LTDA - EPP
Fab00621;03481596000187;K' DENTAL COMERCIO DE MATERIAIS ODONTOLOGICOS LTDA
Fab00622;05629237000150;PHARMAINOX - INDUSTRIA E COMERCIO DE MATERIAIS ODONTOLOGICOS LTDA
Fab00623;08753814000109;SOFT SURGICAL SOLUCOES HOSPITALARES EIRELI
Fab00624;48203210000103;KONEX INDUSTRIA E COMERCIO LTDA
Fab00625;10695892000146;MED COMPANY - MEDICINA ESPECIALIZADA LTDA
Fab00626;07620849000107;NOS@LIG PRODUTOS ODONTOLOGICOS LTDA - EPP
Fab00627;18834914000113;NOVA OGP INDUSTRIA E COMERCIO EIRELI
Fab00628;01074837000148;WILCOS DO BRASIL INDUSTRIA E COMERCIO LIMITADA
Fab00629;10592570000171;JUED COMERCIO E ASSISTENCIA DE EQUIPAMENTOS ODONTOLOGICOS LTDA - M
Fab00630;02175931000156;ORLANDO ANTONIO BUSSIOLI - EPP
Fab00631;08762826000108;L & R BORGES INDUSTRIA, COMERCIO, EXPORTACAO E IMPORTACAO DE ARTIG
Fab00632;37055977000116;BRASVAL COMERCIO E REPRESENTACOES LTDA
Fab00633;65441255000135;DENTAL MORELLI LTDA
Fab00634;03155958000140;MEDPEJ - EQUIPAMENTOS MEDICOS LTDA
Fab00635;61140349000113;BIC BRASIL S.A.
Fab00636;01265357000164;MEDICATE S/C LTDA
Fab00637;05111219000181;GERATHERM MEDICAL DO BRASIL LTDA.
Fab00638;56036718000192;CENTERLAB CENTRAL DE LABORATORIOS LTDA
Fab00639;47567797000177;MIRAGE INDUSTRIA E COMERCIO DE PECAS LTDA
Fab00640;61461034000178;CARCI IND COM APARELHOS CIRURGICOS E ORTOPEDICOS LTDA
Fab00641;11244404000147;LUDAN INDUSTRIA E COMERCIO EIRELI
Fab00642;04008318000170;ESSENCE DENTAL IMPORTACAO E EXPORTACAO LTDA
Fab00643;59231530000193;KOLPLAST C I LTDA
Fab00644;11462456000190;DIAGNOSTICA INDUSTRIA E COMERCIO LTDA - ME
Fab00645;06219757000157;VIDAFARMA DIST. DE MEDICAMENTOS LTDA
Fab00646;47963319000186;ANIDROL PRODUTOS PARA LABORATORIOS LTDA
Fab00647;04214934000187;SUPERMAX BRASIL IMPORTADORA S/A
Fab00648;05133898000190;MEGA QUIMICA INDUSTRIA E COMERCIO EIRELI
Fab00649;01858973000129;AIRELA INDUSTRIA FARMACEUTICA LTDA
Fab00650;64711500000386;UCB BIOPHARMA S.A.
Fab00651;01107391000100;SUPPORT PRODUTOS NUTRICIONAIS LTDA
Fab00652;58430828000593;BLAU FARMACEUTICA S.A.
Fab00653;50208271000105;DORJA INDUSTRIA E COMERCIO DE EQUIPAMENTOS MEDICOS LTDA
Fab00654;01541283000141;INDÚSTRIA QÍMICA DO ESTADO DE GOIÁS SA IQUEGO
Fab00655;46385514000103;ROYTON QUIMICA FARMACEUTICA LTDA
Fab00656;19791813000175;LABORATORIOS OSORIO DE MORAES LTDA
Fab00657;05161069000978;BRAINFARMA INDUSTRIA QUIMICA E FARMACEUTICA S.A.
Fab00658;00000000006312;#N/D
Fab00659;93410975000179;UTIL QUIMICA INDUSTRIA E COMERCIO EIRELI
Fab00660;04522600000170;LUNDBECK BRASIL LTDA
Fab00661;06910560000160;NEWDESC CONFECCOES DE PRODUTOS DESCARTAVEIS LTDA - ME
Fab00662;05483265000101;TOP EQUIPAMENTOS MEDICOS E ODONTOLOGICOS LTDA
Fab00663;00969061000161;CARBOGEL INDUSTRIA E COMERCIO LTDA
Fab00664;03317467000158;LABOR LINE INDUSTRIA E COMERCIO DE EQUIPAMENTOS HOSPITALARES E LAB
Fab00665;03567490000109;ITW QUIMICA SUSTENTAVEL LTDA.
Fab00666;02683865000397;VOLK DO BRASIL LTDA
Fab00667;02060549000105;F.B.M. INDUSTRIA FARMACEUTICA LTDA
Fab00668;07083787000141;JARC COMERCIO DE PRODUTOS HOSPITALARES LTDA. - EPP
Fab00669;92670801000182;GEYER MEDICAMENTOS S/A
Fab00670;59231530000517;KOLPLAST C I S.A.
Fab00671;20180587000175;2i PRODUTOS ODONTOLOGICOS E MEDICO HOSPITALARES LTDA - ME
Fab00672;81196586000103;N MARTINS INDUSTRIA E COMERCIO EIRELI - ME
Fab00673;02261002000160;VEDAMAX MANGUEIRAS E VEDACOES LTDA
Fab00674;48344725000123;ALTHAIA S.A. INDUSTRIA FARMACEUTICA
Fab00675;07608000000118;RODRIGUES & GOULART LTDA
Fab00676;10345462000102;OMRON HEALTHCARE BRASIL REPRESENTACAO E DISTRIBUICAO DE PRODUTOS M
Fab00677;47100862000150;LABORATIL FARMACEUTICA LTDA.
Fab00678;05120289000104;CISABRASILE LTDA.
Fab00679;59309302000199;INJEX INDUSTRIAS CIRURGICAS LTDA
Fab00680;05210556000126;DBS INDUSTRIA E COMERCIO LTDA
Fab00681;07186183000120;TEXPHARMA INDUSTRIA E COMERCIO DE PRODUTOS MEDICOS E HOSPITALARES
Fab00682;02177011000177;SYNTEC DO BRASIL LTDA
Fab00683;16686340000158;CRIS BELLA FARMACIA E MANIPULACAO EIRELI
Fab00684;04748181000190;LABORATORIOS BAGO DO BRASIL S.A.
Fab00685;06207502000174;EURO MED INDUSTRIA E COMERCIO LTDA
Fab00686;49351786000180;BAXTER HOSPITALAR LTDA
Fab00687;44734671000154;CRISTÁLIA PRODUTOS QUÍMICOS FARMACÊUTICOS LTDA.
Fab00688;04890798000145;ORTOM INDUSTRIA TEXTIL LTDA - ME
Fab00689;55864086000192;AMP PRODUTOS TERAPEUTICOS LTDA
Fab00690;01299649000118;CHEMITEC AGRO-VETERINARIA LTDA
Fab00691;43588045000131;ZOETIS INDUSTRIA DE PRODUTOS VETERINARIOS LTDA
Fab00692;60409075041266;NESTLE BRASIL LTDA
Fab00693;11959873000142;JARC COMERCIO DE PRODUTOS MEDICO-HOSPITALARES LTDA - EPP
Fab00694;46062030000123;ADERE PRODUTOS AUTO ADESIVOS LTDA
Fab00695;10607423000128;HARBO MEDICAL LTDA - ME
Fab00696;06029006000178;MDA INDUSTRIA E COMERCIO EIRELI - EPP
Fab00697;11157952000130;DELTA MED DISTRIBUIDORA DE MEDICAMENTOS EIRELI
Fab00698;21759758000188;FARMAX
Fab00699;05870716000163;NATURELIFE INDUSTRIA E COMERCIO DE ALIMENTOS LTDA
Fab00700;49324221000880;FRESENIUS KABI BRASIL LTDA - 49.324.221/0008-80
Fab00701;30278428000161;L'OREAL BRASIL COMERCIAL DE COSMETICOS LTDA
Fab00702;27672908000106;WIENSKOSKI & FAIOLA LTDA
Fab00703;02816696000154;PONTAMED FARMACEUTICA LTDA
Fab00704;62188909000172;IMC - INDUSTRIA DE MATERIAIS CIRURGICOS LTDA
Fab00705;00860254000180;MULTILAB LABORATORIO DE ANALISES CLINICAS LTDA
Fab00706;01328535000159;CLASSMED - PRODUTOS HOSPITALARES LTDA - EPP
Fab00707;44734671000402;CRISTALIA PRODUTOS QUIMICOS FARMACEUTICOS LTDA
Fab00708;02896807000180;LENZ CORPORATION COMERCIAL LTDA - ME
Fab00709;16847018000163;THN NUTRICAO E SAUDE EIRELI
Fab00710;04491780000170;GERAIS, COMERCIO E IMPORTACAO DE MATERIAIS E EQUIPAMENTOS MEDICOS
Fab00711;56646953000186;LABORATORIO VITALAB LTDA
Fab00712;03869526000109;J.R.D. INDUSTRIA FARMACEUTICA LTDA - EPP
Fab00713;28846752000197;INNOVAPHARMA LABORATORIO E MANIPULACAO LTDA
Fab00714;64088172000141;ATIVUS FARMACEUTICA LTDA.
Fab00715;10848178000140;FITOWAY LABORATORIO NUTRICIONAL LTDA
Fab00716;02455073000101;CLARIS PRODUTOS FARMACEUTICOS DO BRASIL LTDA
Fab00717;01329816000126;PANAMERICAN MEDICAL SUPPLY SUPRIMENTOS MEDICOS LTDA
Fab00718;17724560000191;LIANE YUKI KOYAMA MATSUMOTO - FARMACIA
Fab00719;58884735000105;RELTHY LABORATORIOS LTDA
Fab00720;45420726000111;TEXTIL ITAJA LTDA
Fab00721;06893666000100;ACCO SCIENCE FARMACEUTICA LTDA - EPP
Fab00722;12765223000129;MSO - MEDICINA E SAUDE OCUPACIONAL LTDA
Fab00723;08794782000190;SEX FREE INDUSTRIA E COMERCIO DE ARTEFATOS DE BORRACHA LTDA - ME
Fab00724;49748445000143;SANTRIC INDUSTRIA E COMERCIO LTDA - ME
Fab00725;19349009000130;BD DISTRIBUIDORA DE MEDICAMENTOS E MATERIAL HOSPITALAR LTDA
Fab00726;65802894000189;BIO MN INDUSTRIA E COMERCIO LTDA - ME
Fab00727;19973704000179;ORTOFEX INDUSTRIA E COMERCIO DE APARELHOS MEDICOS E ORTOPEDICOS LT
Fab00728;07682567000134;TEXCARE INDUSTRIA E COMERCIO DE PRODUTOS MEDICO HOSPITALARES EIREL
Fab00729;05678146000104;HAOXI EQUIPAMENTOS MEDICOS HOSPITALARES LTDA
Fab00730;23596733000136;SEROPLAST INDUSTRIA E COMERCIO DE PRODUTOS HOSPITALARES LTDA
Fab00731;33040635000171;BIOMERIEUX BRASIL S.A
Fab00732;92928951000143;LABORATORIO INDUSTRIAL FARMACEUTICO LIFAR LTDA
Fab00733;09428405000108;MEGATEX INDUSTRIA E COMERCIO EIRELI - ME
Fab00734;31374700000170;SOIN VIE FARMACEUTICA E NUTRICAO LTDA
Fab00735;00325031000112;KOTA IMPORTS LTDA
Fab00736;64822885000197;QEEL - QUIMICA ESPECIALIZADA ERICH LTDA - EPP
Fab00737;03415835000109;FORTSAN DO BRASIL IND QUIMICA E FARMACEUTICA LTDA - EPP
Fab00738;24360910000143;PLENA INDUSTRIA DE FRALDAS EIRELI
Fab00739;53918116000170;DIGUINHO INDUSTRIA E COMERCIO DE FRALDAS LTDA
Fab00740;62063003000121;SKAY INDUSTRIA E COMERCIO DE INSTRUMENTAL CIRURGICO E ODONTOLOGICO
Fab00741;01081026000174;COMPOJET BIOMEDICA LTDA
Fab00742;79634572000182;AS ERVAS CURAM INDUSTRIA FARMACEUTICA LTDA - EPP
Fab00743;14594331000101;MK LIFE PRODUTOS MEDICAL E DENTAL LTDA
Fab00744;02228938000199;D-X INDUSTRIA, COMERCIO, IMPORTACAO E EXPORTACAO LTDA - EPP
Fab00745;93185577000104;SCHUSTER COMERCIO DE EQUIPAMENTOS ODONTOLOGICOS LTDA
Fab00746;59557124000115;RECKITT BENCKISER ( BRASIL ) LTDA.
Fab00747;03090848000147;ECEL INDUSTRIA E COMERCIO LTDA - EPP
Fab00748;01444277000176;FIAC COMPRESSORES DE AR DO BRASIL LTDA
Fab00749;02426574000151;STERMAX INDUSTRIA E COMERCIO LTDA - ME
Fab00750;68926682000363;GTECH BRASIL LTDA
Fab00751;14441468000126;RR DALEVEDOVE ARTIGOS MEDICOS E LABORATORIAIS - ME
Fab00752;05439635000456;ANTIBIOTICOS DO BRASIL LTDA.
Fab00753;03471879000148;CIPAMED EMBALAGENS MEDICO-HOSPITALARES LTDA
Fab00754;19946347000150;SIGMA COMERCIAL BR EIRELI
Fab00755;15295279000155;FARMALAB FARMACIAS E LABORATORIOS LTDA
Fab00756;17892706000108;GLOBAL COMERCIAL EIRELI
Fab00757;10588595000363;SANOFI MEDLEY FARMACEUTICA LTDA
Fab00758;26337573000107;NUTRIMAX HOSPITALAR LTDA
Fab00759;56994502009862;NOVARTIS BIOCIENCIAS SA
Fab00760;22010816000309;ACTIVE INDUSTRIA DE COSMETICOS S.A.
Fab00761;07768887000101;MUNDIFARMA DISTRIBUIDORA DE PRODUTOS FARMACEUTICOS E HOSPITALARES
Fab00762;31864051000195;PLAST LABOR IND. E COM. DE EQUIP. HOSP. E LABORATORIO LTDA
Fab00763;55119259000148;TENA S A
Fab00764;02923414000118;SYSMEX DO BRASIL INDUSTRIA E COMERCIO LTDA
Fab00765;17757544000103;JOSE LUIZ P. C. SPACCA
Fab00766;10495738000120;GOIAS COMERCIO DE PRODUTOS FARMACEUTICOS EIRELI
Fab00767;09315996000107;COMERCIAL MARK ATACADISTA LTDA - ME
Fab00768;73636391000109;NEWPROV PRODUTOS PARA LABORATORIO LTDA
Fab00769;03202656000185;ICARAI DO BRASIL INDUSTRIA E COMERCIO LTDA
Fab00770;24183639000118;DIDATICA ARTIGOS PARA LABORATORIO EIRELI
Fab00771;41847658000110;TECELAGEM MINASREY LTDA
Fab00772;07293455000191;BCI - BALPEX COMERCIO INTERNACIONAL LTDA
Fab00773;04624925000164;LOHCUS COMERCIO E TECNOLOGIA EM SAUDE - EIRELI
Fab00774;06344785000104;PROTECNO - COMERCIO DE MATERIAIS HOSPITALARES LTDA
Fab00775;27130979000179;OPEN FARMA COMERCIO DE PRODUTOS HOSPITALARES LTDA
Fab00776;19086670000109;DICOREL DISTRIBUIDORA DE MEDICAMENTOS LTDA
Fab00777;10645510000170;DISTRIBUIDORA DE MEDICAMENTOS SAUDE & VIDA LTDA - EPP
Fab00778;71957310000147;GREINER BIO-ONE BRASIL PRODUTOS MEDICOS HOSPITALARES LTDA
Fab00779;70939574000105;FABRICA DE ARTEFATOS DE LATEX SAO ROQUE LTDA
Fab00780;04471609000280;MOLNLYCKE HEALTH CARE DO BRASIL LTDA
Fab00781;08486320000105;RIVKA - DISTRIBUIDORA DE COSMETICOS EIRELI
Fab00782;57691446000127;WENTILL INDUSTRIA E COMERCIO DE MATERIAL HOSPITALAR LTDA
Fab00783;02477745000171;FORCAMEDICA INDUSTRIA E COMERCIO DE MOVEIS HOSPITALARES LTDA - EPP
Fab00784;61485900000160;SG TECNOLOGIA CLINICA S.A.
Fab00785;79402418000266;ESTILO ARTEFATOS DE MADEIRAS LTDA
Fab00786;12150458000106;COMPANHIA DO PAPEL INDUSTRIA E COMERCIO EIRELI
Fab00787;29599516000186;DRYLOCK TECHNOLOGIES PARTICIPACOES LTDA.
Fab00788;10733878000190;FLEX INDUSTRIA E COMERCIO DE PAPEIS LTDA - ME
Fab00789;72563158000180;NUTRIMED INDUSTRIAL LTDA
Fab00790;14766081000140;MEDGRAN INDUSTRIA E COMERCIO DE PRODUTOS HOSPITALARES LTDA
Fab00791;49353956000166;OXIGEL MATERIAIS HOSPITALARES INDUSTRIA E COMERCIO LTDA
Fab00792;50770643000192;AUDAX QUIMICA INDUSTRIA E COMERCIO DE PRODUTOS PARA HIGIENE E LIMP
Fab00793;04637876000102;FOUR STAR IMPORTACAO E EXPORTACAO LTDA. - EPP
Fab00794;00413925000164;COLBRAS INDUSTRIA E COMERCIO LTDA
Fab00795;03968926000163;MASIF ARTIGOS MEDICOS E HOSPITALARES LTDA
Fab00796;05818423000137;AMCOR FLEXIBLES BRASIL LTDA
Fab00797;01985366000120;INDUMED COMERCIO IMPORTACAO E EXPORTACAO DE PRODUTOS MEDICOS LTDA
Fab00798;62488184000138;INPHARMA LABORATORIOS LTDA
Fab00799;03959540000195;CHEMICALTECH IMPORT. E EXPORT. COMÉRCIO E PROD. FARMAC.
Fab00800;11666105000109;DELLAMED COMERCIO DE ARTIGOS HOSPITALARES EIRELI
Fab00801;47394135000142;BIOMED PRODUTOS MEDICOS LTDA - EPP
Fab00802;13120044000105;WANDERLEY & REGIS COMERCIO E PRODUTOS MEDICO-HOSPITALAR LTDA
Fab00803;00814559000155;SURYA DENTAL COMERCIO DE PRODUTOS ODONTOLOGICOS E FARMACEUTICOS LT
Fab00804;08639512000104;EURODONTO IMPORTACAO E EXPORTACAO LTDA - EPP
Fab00805;05106945000297;DENTSCARE LTDA
Fab00806;03216887000148;AMERICA PRODUTOS HOSPITALAR LTDA
Fab00807;54375647020071;DROGAL FARMACEUTICA LTDA
Fab00808;55643555000305;INDUSTRIA FARMACEUTICA RIOQUIMICA LTDA
Fab00809;05142442000196;SOL PRO+MED COMERCIO DE PRODUTOS MEDICOS E HOSPITALARES LTDA
Fab00810;41150160000102;RAVA EMBALAGENS INDUSTRIA E COMERCIO LTDA
Fab00811;08493086000143;HOSPITEX TEXTIL LTDA
Fab00812;07427470000185;ENDOBRAX COMERCIO, IMPORTACAO E EXPORTACAO DE EQUIPAMENTOS MEDICOS
Fab00813;56998701003301;ABBOTT LABORATORIOS DO BRASIL LTDA
Fab00814;17406286000102;MAIS SAUDE MATERIAL HOSPITALAR LTDA - ME
Fab00815;79402418000185;ESTILO ARTEFATOS DE MADEIRAS LTDA
Fab00816;27435570000160;NUTRI CENTER PRODUTOS NUTRICIONAIS EIRELI
Fab00817;08370099000125;GTECH - COMERCIO E SERVICOS EM EQUIPAMENTOS ELETRO-ELETRONICOS EIR
Fab00818;03860740000196;LARISMED - INDUSTRIA E COMERCIO DE MATERIAIS MEDICO E HOSPITALAR L
Fab00819;12014370000167;ABC DISTRIBUIDORA DE MEDICAMENTOS LTDA
Fab00820;92533702000159;LUVEX - INDUSTRIA DE EQUIPAMENTOS DE PROTECAO LTDA
Fab00821;07230036000100;METALLUM COMERCIO DE ARTIGOS DE METAL LTDA
Fab00822;13247896000150;INDUSTRIA E COMERCIO DE PRODUTOS QUIMICOS EIRELI - ME
Fab00823;22698044000170;WILSON HUMBERTO CHOQUE CHARCA 23697899805
Fab00824;22938449000138;SUTUTECH - MATERIAIS MEDICOS LTDA
Fab00825;05021873000102;TECHNODRY LIOFILIZADOS MEDICOS LTDA
Fab00826;50657402000131;EBRAM PRODUTOS LABORATORIAIS LTDA
Fab00827;58533209000109;DANNY COMERCIO IMPORTACAO E EXPORTACAO LTDA
Fab00828;90769407000170;ART INOX INDUSTRIA METALURGICA LTDA
Fab00829;06787369000172;VITALMAX MEDICINA E SAUDE LTDA
Fab00830;58511270000147;SONICLEAR INDUSTRIA COMERCIO IMPORTACAO E EXP LTDA
Fab00831;08048988000170;DUNE PRODUTOS ORTOPEDICOS LTDA
Fab00832;06068172000183;PLASTSIL INDUSTRIA E COMERCIO LTDA
Fab00833;67065110000102;C.D.S. ARTEFATOS DE PLASTICOS E METALICOS LTDA
Fab00834;09007247000295;FIBRA CIRURGICA LTDA
Fab00835;04707391000130;J E S FONSECA COMERCIO EIRELI EPP
Fab00836;11204121000171;HEALTH - MED INDUSTRIA E COMERCIO DE ARTIGOS HOSPITALARES LTDA - M
Fab00837;68952019000171;TEXCAR INDUSTRIA E COMERCIO DE PRODUTOS TEXTEIS LTDA - ME
Fab00838;87642666000121;MECSUL MAQUINAS E EQUIPAMENTOS LTDA
Fab00839;04204957000100;L. M. P. CORREA
Fab00840;51425213000104;WELMY-INDUSTRIA E COMERCIO LTDA
Fab00841;62413869000115;GIGANTE RECEM NASCIDO LTDA.
Fab00842;06170316000531;A. G. INDUSTRIA E COMERCIO DE ARTEFATOS PLASTICOS LTDA
Fab00843;88634977000101;SOPRANO ELETROMETALURGICA E HIDRAULICA LTDA
Fab00844;23654188000197;ARAUCCOM INDUSTRIAL EIRELI
Fab00845;19357156000152;G. CAETANO - ME
Fab00846;22967365000122;MELHORMED INDUSTRIA E COMERCIO LTDA
Fab00847;16833189000133;E.V.A. SOLUCOES - IMPORTACAO, INDUSTRIA E COMERCIO EIRELI
Fab00848;12288046000137;CCM INDUSTRIA E COMERCIO DE PRODUTOS DESCARTAVEIS LTDA
Fab00849;79846465000118;GOEDERT LTDA
Fab00850;09107943000192;POOLTEX INDUSTRIA E COMERCIO DE PRODUTOS MEDICOS E HOSPITALARES EI
Fab00851;33255787000191;IBF INDUSTRIA BRASILEIRA DE FILMES S/A.
Fab00852;33660094000184;J.N.S. TEXTIL LTDA
Fab00853;09614278000123;DESCARPACK DESCARTAVEIS DO NORDESTE LTDA
Fab00854;24355680000124;FORTCLEAN COMERCIO DE PRODUTOS TEXTEIS EIRELI
Fab00855;48580492000168;HAL INDUSTRIA E COMERCIO LTDA - EPP
Fab00856;00424413000101;DESKARPLAS INDUSTRIA E COMERCIO LTDA - EPP
Fab00857;04635188000103;ZERMATT INDUSTRIA E COMERCIO LTDA
Fab00858;30820069000122;M2LIFE COMERCIAL IMPORTADORA E EXPORTADORA LTDA
Fab00859;00332257000140;E. DE GODOY BRAGANCA TEXTIL - EPP
Fab00860;01828775000112;VITAL PRODUTOS MEDICO-HOSPITALARES LTDA
Fab00861;03819835000166;OXIPORTO COMERCIO E DISTRIBUICAO DE GASES LTDA
Fab00862;07010097000162;FAMILIA TUPI CITY
Fab00863;01677197000160;BRAFOX QUIMICA LTDA - EPP
Fab00864;28345933000130;BRAMED COMERCIO DE PROD. HOSPITALARES E FARMACEUTICOS LTDA
Fab00865;09601610000115;COSMODERMA INDUSTRIA E COMERCIO LTDA - EPP
Fab00866;18575413000160;FRANCEFARMA INDUSTRIA DE COSMETICOS LTDA - ME
Fab00867;72819980000160;M. SO MATERIAL HOSPITALAR LTDA
Fab00868;02340772000106;CIRURGICA COPACABANA 2000 LTDA
Fab00869;10403238000111;AMERICAN MEDICAL INDUSTRIA TEXTIL LTDA
Fab00870;56990534000167;SCHERING DO BRASIL QUIMICA E FARMACEUTICA LTDA.
Fab00871;07086868000103;GRANDESC MATERIAIS HOSPITALARES LTDA
Fab00872;06019570000100;SMITHIS MEDICAL DO BRASIL PRODUTOS HOSPITALARES LTDA
Fab00873;20480457000158;MAXI CONFORT IMPORTACAO E EXPORTACAO LTDA
Fab00874;02956130000128;DIMENSAO DISTRIBUIDORA DE MEDICAMENTOS LTDA - ME
Fab00875;16516296000138;LABTEST DIAGNOSTICA S/A
Fab00876;29032903000136;PLENA MEDICA HOSPITALAR - EIRELI
Fab00877;23864965000128;GAMMA CRUCIS COMERCIO ATACADISTA, IMPORTACAO E DISTRIBUICAO LTDA
Fab00878;75331801000139;DISTRIBUIDORA JANDAIA LTDA
Fab00879;06353662000121;V & E INDUSTRIA E COMERCIO DE PRODUTOS HOSPITALARES LTDA
Fab00880;29602808000120;DIAMANTE MATERIAL MEDICO HOSPITALAR LTDA
Fab00881;06213450000220;OCEANS COMERCIO IMPORTACAO EXPORTACAO LTDA
Fab00882;01801514000109;ACONOX METALURGICA LTDA - ME
Fab00883;94304672000134;MEDICONE PROJETOS E SOLUÇÕES PARA A INDUSTRIA E SAUDE LTDA.
Fab00884;04310364000129;EMBRAST INDUSTRIA E COMERCIO DE EMBALAGENS LTDA
Fab00885;19944613000105;FARIA EVANGELISTA HOSPITALAR EIRELI
Fab00886;23992304000188;MARIA JOSE ANDRADE DANTAS 83956751434
Fab00887;35601772000163;GALDI HOSPITALAR LTDA - EPP
Fab00888;33255787001163;IBF INDUSTRIA BRASILEIRA DE FILMES S/A
Fab00889;02582327000144;G.B INDUSTRIA E COMERCIO DE FRALDAS LTDA
Fab00890;34533298000117;CRUZ DISTRIBUIDORA DE DESCARTAVEIS EIRELI
Fab00891;07944100000115;MEDI QUIMICA INDUSTRIA FARMACEUTICA LTDA - ME
Fab00892;21551379000106;BECTON DICKINSON INDUSTRIAS CIRURGICAS LTDA
Fab00893;07986222000174;BIOGEN IDEC BRASIL PRODUTOS FARMACEUTICOS LTDA
Fab00894;66581935000117;MONTSERRAT COMERCIAL IMPORTADORA E EXPORTADORA LTDA - EPP
Fab00895;12113333000106;HEALTH MED COMERCIO DE MATERIAL HOSPITALAR LTDA.
Fab00896;12047164000315;GLOBAL HOSPITALAR IMPORTACAO E COMERCIO LTDA
Fab00897;65311961000162;BIOMASTER EQUIPAMENTOS HOSPITALARES LTDA
Fab00898;17696874000128;PLUMAX - COMERCIO E INDUSTRIA DE ARTEFATOS DE PAPEL EIRELI - EPP
Fab00899;21043162000187;BIOTECH INDUSTRIA, COMERCIO, IMPORTACAO E EXPORTACAO DE DESCARTAVE
Fab00900;14469133000116;INDUSTRIA DE ARTEFATOS DE BORRACHA INOVATEX LTDA
Fab00901;78700929000200;DA ILHA COMERCIO DE ALCOOL LTDA
Fab00902;64711500000203;MEIZLER BIOPHARMA S/A
Fab00903;47507520000159;CONFORTELL INDUSTRIA E COMERCIO DE PRODUTOS ORTOPEDICOS LTDA - ME
Fab00904;58822818000170;HITOPLAST INDUSTRIA E COMERCIO DE PLASTICOS LTDA - ME
Fab00905;44211936000137;AVERT LABORATORIOS LTDA
Fab00906;04748181000947;LABORATORIOS BAGO DO BRASIL S.A.
Fab00907;04084834000183;NATUFLORES INDUSTRIA E COMERCIO DE COSMETICOS EIRELI
Fab00908;33247743003569;GLAXOSMITHKLINE BRASIL LTDA
Fab00909;08979861000175;BIOTRON EQUIPAMENTOS MEDICOS EIRELI
Fab00910;63064653000154;LABORATORIOS STIEFEL LTDA
Fab00911;05782733000149;CIAMED DISTRIBUIDORA DE MEDICAMENTOS LTDA
Fab00912;07316691000186;FORMULAS MAGISTRAIS FARMACIA DE MANIPULACAO LTDA EPP
Fab00913;10493969000103;TC ATUAL COMERCIO DE MEDICAMENTOS LTDA
Fab00914;13598814000111;AS2 COMERCIO IMPORTACAO E EXPORTACAO LTDA
Fab00915;04247439000174;FARMACIA HOMEO-ERVAS LTDA
Fab00916;26397154000152;3P MEDICAL LTDA
Fab00917;08532602000100;GIBRALTAR COMERCIO DE PRODUTOS DE LIMPEZA LTDA
Fab00918;04937243000101;OLYMPUS OPTICAL DO BRASIL LTDA.
Fab00919;04718143000194;VR MEDICAL IMPORTADORA E DISTRIBUIDORA DE PRODUTOS MEDICOS LTDA.
Fab00920;02704301000121;BIOMEDICA - ESTEVES E ANJOS LTDA - EPP
Fab00921;06963572000152;3B INDUSTRIA E COMERCIO DE ARTEFATOS PLASTICOS LTDA - ME
Fab00922;05638301000169;TECMEDIC COMERCIO DE PRODUTOS MEDICOS LTDA.
Fab00923;11672197000121;GERSON SANTOS ROCHA - ME
Fab00924;58295213000178;PHILIPS MEDICAL SYSTEMS LTDA
Fab00925;13651943000126;MEDA PHARMA IMPORTACAO E EXPORTACAO DE PRODUTOS FARMACEUTICOS LTDA
Fab00926;16705291000153;PHITO FORMULAS - NUCLEO DE PESQUISA FARMACEUTICA EIRELI
Fab00927;27156872000108;VILLE COMERCIO E SERVICOS DE MOVEIS EIRELI
Fab00928;20399316000105;TECHPROL SERVICOS, COMERCIO E LOCACOES EIRELI
Fab00929;51285641001304;EMBRAMAC EMP BRAS DE MAT CIR IND COM IMP E EXPORT LTDA
Fab00930;07047086000157;NEWCHEM INDUSTRIA QUIMICA LTDA
Fab00931;26685436000155;GOLD CARE COMERCIO DE MATERIAIS CIRURGICOS E HOSPITALARES LTDA
Fab00932;66437831000133;HTS-TECNOLOGIA EM SAÚDE COMERCIO IMP. E EXP. LTDA - EPP
Fab00933;46686119000160;MARCOS RIBEIRO E CIA LTDA
Fab00934;18467132000193;RCS COMERCIO, SERVICOS, REPARACAO DE PRODUTOS HOSPITALARES EIRELI
Fab00935;22010816000139;ACTIVE INDUSTRIA DE COSMETICOS S.A.
Fab00936;11731549000172;COLTENE DO BRASIL PARTICIPACOES LTDA.
Fab00937;12630261000174;TROL PHARMA MEDICAMENTOS LTDA
Fab00938;05372902000172;BOMBONATO & LIBERATO LTDA
Fab00939;61153250000156;OLEAK INDUSTRIA E COMERCIO LTDA
Fab00940;34758599000149;MEDICAL DA AMAZONIA EIRELI
Fab00941;92762277000170;VIDORA FARMACEUTICA LTDA
Fab00942;03620716000180;CMOS DRAKE DO NORDESTE LTDA
Fab00943;94069580000117;MICMMED LTDA.
Fab00944;17010735000107;DERMATOFLORA LTDA - ME
Fab00945;50885268000126;NSR INDUSTRIA , COMERCIO E REPRESENTACOES LTDA
Fab00946;18269125000187;BIOHOSP PRODUTOS HOSPITALARES LTDA - EPP
Fab00947;57507378000101;EMS S/A
Fab00948;00394452000103;COMANDO DO EXERCITO
Fab00949;03662365000170;PLASTICOS ITAQUITI LTDA.
Fab00950;08675528000172;ARL COMERCIO E SERVICOS DE METAIS LTDA
Fab00951;19825968000185;RETTERMED COMERCIO DE MATERIAL MEDICO LTDA
Fab00952;33517558000106;QUIMICA FARMACEUTICA NIKKHO DO BRASIL LTDA
Fab00953;01190127000183;MEDICALTEX INDUSTRIA E COMERCIO LTDA EPP
Fab00954;02527107000118;G V S DO BRASIL LTDA
Fab00955;00075112000101;REYMER DO BRASIL INDUSTRIA E COMERCIO DE PRODUTOS QUIMICOS LTDA -
Fab00956;71782700000123;LINEA Z INDUSTRIA E COMERCIO LIMITADA
Fab00957;59548214000492;FABRICA DE ARTEFATOS DE LATEX BLOWTEX LTDA.
Fab00958;30036611000150;ECOFARMA COMERCIO DE MEDICAMENTOS EIRELI
Fab00959;68194497000160;SAO JOSE TEXTIL HOSPITALAR LTDA
Fab00960;19400787000107;QUIBASA QUIMICA BASICA LTDA
Fab00961;02446667000148;ODONTOLOGIC INDUSTRIA E COMERCIO, IMPORTACAO EXPORTACAO LTDA - EPP
Fab00962;10715223000199;M. E. DOS SANTOS CARVALHO
Fab00963;06304884000154;JS IND E COM DE PRODUTOS ORTOPEDICOS LTDA
Fab00964;04843255000177;DEXCAR - INDUSTRIA E COMERCIO EIRELI
Fab00965;13549636000139;GELOTECH SOLUCOES TERMICAS EIRELI
Fab00966;04747452000192;BABY PISS INDUSTRIA E COMERCIO DE FRALDAS DESCARTAVEIS LTDA - EPP
Fab00967;06175908000112;BIO - LOGICA COMERCIO DE PRODUTOS HOSPITALARES LTDA
Fab00968;76619113000131;LABORCLIN PROD PARA LABORATORIOS LIMITADA
Fab00969;08223462000180;DENT MEDIC LTDA
Fab00970;68710557000150;GLICOMED MANUTENÇÃO E REPAROS LTDA - EPP
Fab00971;61747986000152;BARASCH SYLMAR INDUSTRIA METALURGICA LTDA
Fab00972;05375249000103;DENTAL ALTA MOGIANA - COMERCIO DE PRODUTOS ODONTOLOGICOS LTDA.
Fab00973;08927946000100;EMBALAIRE INDUSTRIA DE EMBALAGENS LTDA - EPP
Fab00974;56323280000123;TRINKS - INDUSTRIA DE INSTRUMENTOS ODONTOLOGICOS LTDA - EPP
Fab00975;02298254000163;RIOPASA - DISTRIBUIDORA DE MEDICAMENTOS LTDA - EPP
Fab00976;02523746000105;M DAS D SOUSA CAMARA
Fab00977;25859018000174;NUTRACOM INDUSTRIA E COMERCIO LTDA
Fab00978;48708010000102;HERAEUS KULZER SOUTH AMERICA LTDA
Fab00979;17039142000165;OLIMEDIC INDUSTRIA E COMERCIO DE MOVEIS HOSPITALARES LTDA - EPP
Fab00980;23864942000113;UNIQUE DISTRIBUIDORA DE MEDICAMENTOS EIRELI
Fab00981;07134866000134;VITALPACK EMBALAGENS EIRELI
Fab00982;02764228000183;BIOLUX INDUSTRIA E COMERCIO DE PRODUTOS PARA HIGIENE LTDA - EPP
Fab00983;66155623000141;BIOLUNIS FARMACÊUTICA LTDA
Fab00984;07064732000194;MNZ COMERCIO LTDA - EPP
Fab00985;28289799000105;SOS DISTRIBUIDORA DE PRODUTOS PARA SAUDE LTDA
Fab00986;17252670000106;VITALMEDICA DISTRIBUIDORA DE MOVEIS E EQUIPAMENTOS HOSPITALARES LT
Fab00987;33109356000460;CASA GRANADO LABORATORIOS FARMACIAS E DROGARIAS S A
Fab00988;43521129000158;LABORATORIO KINDER LTDA
Fab00989;07415772000133;MICROSUTURE INDUSTRIA, COMERCIO, IMPORTACAO, EXPORTACAO E REPRESEN
Fab00990;04995710000150;ATRAMAT DO BRASIL LTDA
Fab00991;24682887000103;AQUASONUS COMERCIO, INDUSTRIA E DISTRIBUIDORA DE ARTEFATOS PLASTIC
Fab00992;26089337000100;BELLPHARMA MEDICAMENTOS LTDA
Fab00993;02534069000120;BIOTECNICA INDUSTRIA E COMERCIO LTDA
Fab00994;05783974000102;FLAMAGEL INDUSTRIA E COMERCIO LTDA
Fab00995;10600372000102;DENTAL SUL PRODUTOS ODONTOLOGICOS EIRELI
Fab00996;48015119000164;GNATUS EQUIPAMENTOS MEDICO ODONTOLOGICOS LTDA
Fab00997;97127559000119;MICHEL E. KLYMUS - EPP
Fab00998;54037700000180;ALEXANDRE A DE SOUZA
Fab00999;00980360000288;AGFA GEAVERT DO BRASIL LTDA
Fab01000;11198447000133;KACIL INDUSTRIA E COMERCIO LTDA - EPP
Fab01001;06209557000113;AM MEDICAL COMERCIO DE MEDICAMENTOS E PRODUTOS HOSPITALARES LTDA
Fab01002;06067924000191;EUROCEL COMERCIO E SERVICOS LTDA
Fab01003;07531955000114;POUL SORENSEN INDUSTRIA E COMERCIO DE PRODUTOS ODONTOLOGICOS LTDA
Fab01004;04066040000197;OPTIMUM COMERCIO E REPRESENTACOES LTDA - EPP
Fab01005;04056093000127;STEM PHARMACEUTICAL SUPLEMENTOS ALIMENTARES LTDA
Fab01006;20258278000170;OURO FINO SAUDE ANIMAL PARTICIPACOES S.A.
Fab01007;13387026000186;PHOENIX QUIMICA DO BRASIL LTDA
Fab01008;67712562000139;PROCTER & GAMBLE HIGIENE E COSMETICOS LTDA
Fab01009;11495858000190;ALG BRASIL COMERCIO E INDUSTRIA DE PRODUTOS EIRELI - ME
Fab01010;33348731000181;BIOTEST FARMACEUTICA LTDA
Fab01011;01334368000159;ULTRAPLAST IND.E COM.DE SACOLAS PLASTICAS LTDA
Fab01012;08667473000159;MEGA MIL INDUSTRIA E COMERCIO DE EMBALAGENS DE PLASTICO LTDA
Fab01013;85228880000100;ORLEPLAST INDUSTRIA E COMERCIO DE PLASTICOS LTDA
Fab01014;92315399000118;BIOTEC-EQUIPAMENTOS FISIOTERAPICOS LTDA - ME
Fab01015;09420515000115;MEDICAL BURS INDUSTRIA E COMERCIO DE PRODUTOS ABRASIVOS LTDA - EPP
Fab01016;66818360000103;DENT-FLEX INDUSTRIA E COMERCIO LTDA - EPP
Fab01017;08667233000154;MULTIMED DISTRIBUIDORA DE EQUIPAMENTOS HOSPITALAR LTDA
Fab01018;03652030000170;CENTERMEDI - COMERCIO DE PRODUTOS HOSPITARES LTDA.
Fab01019;32138304000106;INOVACOES COMERCIO DE MEDICAMENTOS E PRODUTOS PARA SAUDE LTDA
Fab01020;55212955000102;DRAKKAR INDUSTRIA DE DESCARTAVEIS E EPI EIRELI
Fab01021;09044896000185;VINIX INDUSTRIA E COMERCIO EIRELI - EPP
Fab01022;22565307000172;INOVATECH BIOTECNOLOGIA LTDA - ME
Fab01023;11192559000187;HOSPI BIO INDUSTRIA E COMERCIO DE MOVEIS HOSPITALARES - EIRELI - E
Fab01024;02024468000141;ELETRONLINE COMERCIO VAREJISTA DE ELETRONICOS EIRELI
Fab01025;09582534000148;VISION RS DISTRIBUIDORA DE PRODUTOS E MEDICAMENTOS S/A
Fab01026;26234900000197;LUCAS DELPHIM GUERRA DA SILVA
Fab01027;96261607000102;KIDY BIRIGUI CALCADOS INDUSTRIA E COMERCIO LTDA
Fab01028;61817664000132;NEWMED IMPORTADORA LTDA
Fab01029;11424477000200;LEO PHARMA LTDA
Fab01030;25101992000174;UGHC BRASIL IMPORTADORA LTDA
Fab01031;00008354000182;BIOSENSOR INDUSTRIA E COMERCIO EIRELI
Fab01032;10850316000126;MONTPELLIER MONDE INDUSTRIA E COMERCIO DE COSMETICOS EIRELI
Fab01033;90909631000110;INSTRAMED INDUSTRIA MEDICO HOSPITALAR LTDA
Fab01034;25151542000196;LIFY BRASIL MOVEIS LTDA
Fab01035;02290277001950;KIMBERLY -CLARK BRASIL INDUSTRIA E COMERCIO DE PRODUTOS DE HIGIENE
Fab01036;68949239000146;UNITED MEDICAL LTDA
Fab01037;82873068000735;GENESIO A MENDES & CIA LTDA
Fab01038;58577370000176;SYNTHES INDUSTRIA E COMERCIO LTDA
Fab01039;14308899000119;CIRURGICA OURO VERDE - COMERCIO DE MATERIAIS MEDICOS - EIRELI
Fab01040;01224953000104;THECH DESINFECCAO LTDA
Fab01041;61186938000132;KODAK BRASILEIRA COMERCIO DE PRODUTOS PARA IMAGEM E SERVICOS LTDA
Fab01042;55979736000145;DABI ATLANTE S/A INDUSTRIAS MEDICO ODONTOLOGICA
Fab01043;10555312000115;DENTAL PARTNER COMERCIO DE PRODUTOS E EQUIPAMENTOS ODONTOLOGICOS L
Fab01044;17164113000125;PRIME INSTRUMENTOS CIRURGICOS LTDA
Fab01045;90473216000167;PREVESUL EQUIPAMENTOS E ACESSRIOS PARA SEGURANA NO TRABALHO LTDA
Fab01046;08053383000178;CAITHEC INDUSTRIAL LTDA - ME
Fab01047;81022832000100;ODONTO PROTESE COMERCIAL LTDA - EPP
Fab01048;26240632000116;DENTAL HIGIX PRODUTOS ODONTOLOGICOS MEDICOS HOSPITALARES EIRELI
Fab01049;20273404000166;BIODIAG DIAGNOSTICA E HOSPITALAR LTDA - EPP
Fab01050;01140700000144;PROLINK INDUSTRIA QUIMICA LTDA
Fab01051;09002903000186;VIDA DOCE DISTRIBUIDORA DE MEDICAMENTOS LTDA
Fab01052;03519603000192;HALYARD BRASIL CONSULTORIA LTDA.
Fab01053;02799882000122;LOTUS INDUSTRIA E COMERCIO LTDA.
Fab01054;07242402000141;COSMEFAR INDUSTRIA E COMERCIO DE PRODUTOS QUIMICOS LTDA
Fab01055;01107391001263;SUPPORT PRODUTOS NUTRICIONAIS LTDA
Fab01056;05971158000122;INDUSTRIA E COMERCIO DE PRODUTOS DE LIMPEZA MACATUBA LTDA - ME
Fab01057;04213977000148;CIRURGICA SAUDE EIRELI
Fab01058;04044775000110;FRANCISCO CARLOS BATISTA PINTO QUIMICA
Fab01059;07275920000161;LENOVO TECNOLOGIA (BRASIL) LIMITADA
Fab01060;42160812000144;BECKMAN COULTER DO BRASIL COMERCIO E IMPORTACAO DE PRODUTOS DE LAB
Fab01061;35067853000125;TECHPHARMA HOSPITALAR COMERCIO, IMPORTACAO E EXPORTACAO EIRELI
Fab01062;72320906000102;LABORATORIO MERCOFARMA LTDA
Fab01063;04992697000185;NOVA RENKO INDUSTRIAL LTDA
Fab01064;02357251000153;LIFEMED INDUSTRIAL DE EQUIPAMENTOS E ARTIGOS MEDICOS E HOSPITALARE
Fab01065;28857335000140;MAXIMA DENTAL IMPORTACAO, EXPORTACAO E COMERCIO DE PRODUTOS ODONTO
Fab01066;05167642000101;BOMA COMERCIO LTDA.
Fab01067;09441460000120;PADRAO DIST PROD E EQUIP HOSPITALARES PE CALLOU LTDA
Fab01068;90607656000160;IODONTEC INDUSTRIA E COMERCIO DE PRODUTOS ODONTOLOGICOS LTDA - ME
Fab01069;08868097000160;EUROPAN INDUSTRIA E COMERCIO DE PRODUTOS ALIMENTICIOS LTDA
Fab01070;17099395000124;MAX PRODUTOS HOSPITALARES EIRELI
Fab01071;68577063000149;ELIAH FARMACIA DE MANIPULACAO LTDA
Fab01072;03135603000199;WELCH ALLYN DO BRASIL, COMERCIO DE EQUIPAMENTOS MEDICOS LTDA.
Fab01073;45985371006220;3M DO BRASIL LTDA
Fab01074;07591326000180;MOKSHA8 BRASIL DISTRIBUIDORA E REPRESENTACAO DE MEDICAMENTOS LTDA.
Fab01075;48044358000142;ALAMAR TECNO CIENTIFICA LTDA
Fab01076;72719396000132;BALLDARASSI INDUSTRIA E COMERCIO DE PRODUTOS FARMACEUTICOS LTDA.
Fab01077;09053134000226;ELFA MEDICAMENTOS LTDA
Fab01078;10460674000122;MAX-MEDICAL COMERCIO DE PRODUTOS MEDICOS HOSPITALARES LTDA
Fab01079;05870716000244;NATURELIFE INDUSTRIA E COMERCIO DE ALIMENTOS LTDA
Fab01080;33109356000117;CASA GRANADO LABORATORIOS FARMACIAS E DROGARIAS S A
Fab01081;33247743004450;GLAXOSMITHKLINE BRASIL LTDA
Fab01082;49345358000145;APIS FLORA INDUSTRIAL  E COMERCIAL LTDA
Fab01083;01233103000164;MAPPEL INDUSTRIA DE EMBALAGENS S.A.
Fab01084;08646787000175;MAXINUTRI LABORATORIO NUTRACEUTICO - EIRELI
Fab01085;82387226000151;DUOMED PRODUTOS MÉDICOS HOSPITALARES LTDA - EPP
Fab01086;18459628009767;BAYER S.A.
Fab01087;08580439000142;RICIEX TEXTIL INDUSTRIA E COMERCIO LTDA
Fab01088;04514207000135;LIBEMA PRODUTOS HOSPITALARES LTDA - EPP
Fab01089;46256772000190;SPARTAN DO BRASIL PRODUTOS QUIMICOS LTDA
Fab01090;07607851000146;EMPRESA BRASILEIRA DE HEMODERIVADOS E BIOTECNOLOGIA - HEMOBRAS
Fab01091;30280358000186;ROCHE DIAGNOSTICA BRASIL LTDA
Fab01092;47411780000126;BACE COMERCIO INTERNACIONAL LTDA
Fab01093;10545970000126;VITA MEDICAL MATERIAL HOSPITALAR LTDA - ME
Fab01094;30096901000190;TOSETTI & ARANTES LTDA
Fab01095;04842199000156;KOVALENT DO BRASIL LTDA
Fab01096;33223157000135;MAKROFARMA QUIMICA FARMACEUTICA LTDA
Fab01097;02458924000161;INTERBEL COMERCIO LTDA.
Fab01098;42837716000198;IN VITRO DIAGNOSTICA LTDA
Fab01099;43887033000108;LABORGLAS IND E COM DE MATERIAIS PARA LABORATORIO LTDA
Fab01100;06157734000165;GLOBAL TEC INDUSTRIA E COMERCIO DE PRODUTOS MEDICOS EIRELI - EPP
Fab01101;03993167000199;VIDFARMA INDUSTRIA DE MEDICAMENTOS LTDA
Fab01102;11388997000115;STRA COMERCIO DE PRODUTOS PARA SAUDE LTDA
Fab01103;44734671000153;CRISTÁLIA PRODUTOS QUÍMICOS FARMACÊUTICOS LTDA.
Fab01104;44734671000157;CRISTÁLIA PRODUTOS QUÍMICOS FARMACÊUTICOS LTDA.
Fab01105;44734671000158;CRISTÁLIA PRODUTOS QUÍMICOS FARMACÊUTICOS LTDA.
Fab01106;01517587000173;FILTRAX INDUSTRIA E COMERCIO DE EQUIPAMENTOS DE PROTECAO EIRELI
Fab01107;28584043000180;TOQUE DAS FEITICEIRAS PRODUTOS NATURAIS LTDA
Fab01108;20371330000109;MUNDI EQUIPAMENTOS MEDICOS, ODONTOLOGICOS E VETERINARIOS EIRELI
Fab01109;02101808000190;ALFA INDUSTRIA E COMERCIO DE MATERIAIS PLASTICOS PARA LABORATORIOS
Fab01110;67882621000117;J.G. MORIYA REPRESENTACAO, IMPORTADORA E EXPORTADORA COMERCIAL LTD
Fab01111;07626776000160;CIRURGICA SAO FELIPE PRODUTOS PARA SAUDE LTDA - EPP
Fab01112;08441496000140;RWR INDUSTRIA E COMERCIO DE EQUIPAMENTOS PARA ELETROMEDICINA LTDA
Fab01113;02064224000192;COTTON FIBRA INDUSTRIA E COMERCIO LTDA
Fab01114;05022486000182;MACRO LIFE IMPORTADORA DE PRODUTOS MEDICOS - EIRELI
Fab01115;27080739000107;PRIME SOLUCOES EM SAUDE EIRELI
Fab01116;10383777000136;CICARELLI INSTRUMENTOS CIRURGICOS LTDA - ME
Fab01117;73279044000176;ORTUS IND. E COM. LTDA
Fab01118;04168171000185;BIOLOGICAL LTDA
Fab01119;01997891000165;INJEFLEX INDUSTRIA E COMERCIO DE DISPOSITIVOS E PRODUTOS MEDICOS L
Fab01120;00802002000102;ALTERMED MATERIAL MEDICO HOSPITALAR LTDA
Fab01121;84551191000170;SILVA & SILVA PRODUTOS FARMACEUTICOS LTDA
Fab01122;02193012000105;VENOSAN BRASIL LTDA
Fab01123;72979305000106;ALERGOSHOP PRODUTOS PARA ALERGICOS LTDA
Fab01124;51285641000170;EMBRAMAC EMP BRAS DE MAT CIR IND COM IMP E EXPORT LTDA
Fab01125;08308147000155;SUPERMEDY IMPORTACAO E EXPORTACAO EIRELI - EPP
Fab01126;11026207000151;SP MARCAS - COMERCIO E DISTRIBUICAO DE PRODUTOS TEXTEIS HOSPITALAR
Fab01127;05263709000101;ROBISA INDUST. E COMER. MATERIAL HOSPITALAR LTDA
Fab01128;53100731000175;VISIONAIRE INSTALACAO DE PAREDES DIVISORIAS CORPORATIVA EIRELI - E
Fab01129;02216436000148;NORTEXTIL NORDESTE TEXTIL LTDA - EPP
Fab01130;14801315000223;SR ORTOCENTER LTDA - ME
Fab01131;66835281000100;BALMAK INDUSTRIA E COMERCIO LTDA
Fab01132;00826788000190;RICARDO RUBIO - EPP
Fab01133;97520618000114;JG DE MELLO - PINTURAS
Fab01134;09058456000187;MINDRAY DO BRASIL - COMERCIO E DISTRIBUICAO DE EQUIPAMENTOS MEDICO
Fab01135;07130168000160;LEANDRO KLEBER RIBEIRO DOS SANTOS - ME
Fab01136;69163970000104;EYETEC EQUIPAMENTOS OFTALMICOS,INDUSTRIA, COMERCIO, IMPORTACAO E E
Fab01137;53144929000150;XENONIO INDUSTRIA DE EQUIPAMENTOS MEDICOS EIRELI
Fab01138;45198496000198;TECNOBRASIL INDUSTRIA E COMERCIO LTDA
Fab01139;82478140000134;SALVI, LOPES & CIA. LTDA - ME
Fab01140;03580620000135;MEDSTAR IMPORTACAO E EXPORTACAO LTDA
Fab01141;14829987000166;OLTRAMED COMERCIO DE PRODUTOS MEDICOS LTDA
Fab01142;71675508000138;WL COMERCIO DE IMPORTACAO E EXPORTACAO LTDA
Fab01143;09256871000226;DIVCOM PHARMA PRODUTOS FARMACEUTICOS NORDESTE LTDA
Fab01144;10921809000100;D3JF EMPREENDIMENTOS COMERCIAIS EIRELI
Fab01145;53393690000152;QUIMESP QUIMICA LTDA.
Fab01146;38646188000112;ANTARES QUIMICA LTDA - EPP
Fab01147;03145540000151;ORTHOCREM INDUSTRIA E COMERCIO LTDA - EPP
Fab01148;11671812000185;VIVA BOX LTDA - ME
Fab01149;19933144000129;QR CONSULTING, IMPORTACAO E DISTRIBUICAO DE PRODUTOS MEDICOS LTDA
Fab01150;24039450000156;HDX COMERCIAL EIRELI
Fab01151;02351301000195;SPADON & CALIXTO LTDA
Fab01152;14117593000185;CAMPER EQUIPAMENTOS DE PROTECAO LTDA
Fab01153;73318693000139;V P - MEDICAMENTOS - EIRELI - ME
Fab01154;70942586000199;FARMAVIDA MEDICAMENTOS LTDA
Fab01155;22499940000100;A G ROSSATO - DISTRIBUIDORA
Fab01156;18842124000180;MJS INDUSTRIA, COMERCIO, IMPORTACAO E EXPORTACAO LTDA
Fab01157;06194440000103;ODONTOMEDI - PRODUTOS ODONTOLOGICOS E HOSPITALARES LTDA - EPP
Fab01158;11830264000199;PROLIFE PRODUTOS ORTOPEDICOS LTDA - EPP
Fab01159;02916028000107;FRADEL-MED INDUSTRIA E COMERCIO DE APARELHOS MEDICOS LTDA - EPP
Fab01160;14272952000179;VERA LUCIA FRANCISCA DOS SANTOS
Fab01161;71447486000159;INDUSTRIA E COMERCIO DE MATERIAIS DE ACUPUNTURA LTDA - ME
Fab01162;29907666000100;RANGEL HOSPITALAR - EIRELI
Fab01163;04639814000121;SEQUENCIAL MILIMETRICA INDUSTRIA DE EQUIPAMENTOS ORTOPEDICOS LTDA.
Fab01164;32635445000134;VALE COMERCIO DE PRODUTOS MEDICOS E HOSPITALARES - EIRELI
Fab01165;27311107000107;SC MED DISTRIBUIDORA MEDICO HOSPITALAR LTDA
Fab01166;23643895000188;SUPERARMED EQUIPAMENTOS MEDICOS HOSPITALARES LTDA
Fab01167;04752991000110;BIOMM SA
Fab01168;21763327000195;ANGELUS PRIMA DENTAL LTDA
Fab01169;11011753000119;VENTCARE INDUSTRIA E COMERCIO LTDA - ME
Fab01170;09304376000164;TOTH - DESENVOLVIMENTO TECNOLOGICO LTDA
Fab01171;08754645000121;WSA INDUSTRIA DE MAQUINAS E EQUIPAMENTOS DE SEGURANCA LTDA
Fab01172;90059171000260;POLI TAPE INDUSTRIA E COMERCIO DE FITAS ADESIVAS LTDA
Fab01173;09610762000184;APROVADAGUA COMERCIO E CONFECCOES LTDA
Fab01174;00192190000196;OFTALMOPHARMA INDUSTRIA E COMERCIO DE PRODUTOS FARMACEUTICOS LTDA
Fab01175;15652912000115;INFUSAO HOSPITALAR EIRELI
Fab01176;10426698000165;BARD BRASIL - EQUIPAMENTOS MEDICOS LTDA.
Fab01177;02507452000190;SC -BRINDES LTDA
Fab01178;62515952000103;NS INDUSTRIA DE APARELHOS MEDICOS LTDA
Fab01179;10483434000143;CASA DAS FORMULAS FARMACIA E MANIPULACAO LTDA
Fab01180;19426695000104;ANOVIS INDUSTRIAL FARMACEUTICA LTDA.
Fab01181;19006720000192;KASMED IMPORTACAO E COMERCIO LTDA
Fab01182;05066730000109;DORALICE ALVES DA COSTA SILVA E CIA LTDA
Fab01183;02223342000104;STARMED ARTIGOS MÉDICOS HOSPITALARES LTDA
Fab01184;25288745000129;NEW MEDIC COMERCIO ATACADISTA DE MEDICAMENTOS E MATERIAL HOSPITALA
Fab01185;35519951000156;CHARTAM INDUSTRIA E COMERCIO DE PAPEL EIRELI
Fab01186;09663627000105;SHARK BRASIL LTDA
Fab01187;07610601000165;GLOBAL TRADE TECHNOLOGY - COMERCIO, INDUSTRIA, IMPORTACAO E EXPORT
Fab01188;03489343000150;BK COMERCIAL DE EQUIPAMENTOS TECNOLOGICOS LTDA
Fab01189;06979733000104;UZEMAX QUIMICA E AROMAS LTDA
Fab01190;07718721000180;BEAUFOUR IPSEN FARMACEUTICA LTDA
Fab01191;16754226000118;HYGIELINE INDUSTRIA E COMERCIO LTDA
Fab01192;93896397001447;MERCUR S A
Fab01193;59653709000139;VNO ORTOPEDIA INDUSTRIA E COMERCIO IMPORTACAO E EXPORTACAO LTDA
Fab01194;49324221002077;FRESENIUS KABI BRASIL LTDA.
Fab01195;10729492000104;QUIMICENTER PRODUTOS PARA LABORATORIOS LTDA
Fab01196;06217117000108;ART MEDICAL PRODUTOS MEDICO-HOSPITALARES LTDA
Fab01197;49710072000111;INDAIA INDUSTRIA DE BENGALAS E MULETAS LTDA
Fab01198;10241516000181;SUPER SAFETY IMPORTACAO E EXPORTACAO LTDA.
Fab01199;12082502000198;PRIME MATERIAL MEDICO HOSPITALAR LTDA
Fab01200;24994990000199;FOXMED MEDICAMENTOS E PRODUTOS HOSPITALARES LTDA
Fab01201;49383250000147;HISAMITSU FARMACEUTICA DO BRASIL LTDA
Fab01202;18747319000140;TOTAL MEDICAL BRASIL INDUSTRIA E COMERCIO DE PRODUTOS MEDICO-HOSPI
Fab01203;16656144000130;D M IMAGEM - COMERCIO DE PRODUTOS HOSPITALARES E SERVICOS DE EQUIP
Fab01204;28570692000122;PHARMA STAR COMERCIO DE MEDICAMENTOS LTDA
Fab01205;04797536000130;JOAO CARLOS ANACLETO
Fab01206;02411193000107;ARAUJO LOPES & CIA LTDA - ME
Fab01207;08936030000116;DENTAL DOURADOS LTDA
Fab01208;01362538000109;C. R. VERTUAN INDUSTRIA DE PRODUTOS NATURAIS E NUTRACEUTICOS - ME
Fab01209;21943845000190;INTERA COMERCIAL LTDA
Fab01210;07578713000186;SUPLEY LABORATORIO DE ALIMENTOS E SUPLEMENTOS NUTRICIONAIS LTDA
Fab01211;00382468000198;COLGATE-PALMOLIVE COMERCIAL LTDA
Fab01212;05211777000119;CAPERPASS INDUSTRIA E COMERCIO DE ARTIGOS PLASTICOS LTDA
Fab01213;05878107000150;HOL DENT APARELHOS ODONTOLOGICOS LTDA
Fab01214;80452022000121;DAUFENBACH & DAUFENBACH LTDA
Fab01215;04921503000150;LUMAR INDUSTRIA DE MOVEIS HOSPITALARES LTDA
Fab01216;58295213001816;PHILIPS MEDICAL SYSTEMS LTDA
Fab01217;23866426000128;HOSPBOX DISTRIBUIDORA DE PRODUTOS HOSPITALARES LTDA
Fab01218;05788117000103;METALIC MEDICAL PRODUTOS HOSPITALARES LTDA - EPP
Fab01219;05062455000155;ALPHARAD COMÉRCIO, IMPORTAÇÃO E EXPORTAÇÃO DE PRODUTOS HOSPITALARE
Fab01220;11614643000141;INDAPHARMA COMERCIO E SERVICOS LTDA
Fab01221;04187384000154;LEISTUNG EQUIPAMENTOS LTDA.
Fab01222;10450805000190;FLUKKA FARMACIA DE MANIPULACAO LTDA - EPP
Fab01223;61455192000204;TRB PHARMA INDUSTRIA QUIMICA E FARMACEUTICA LTDA
Fab01224;08846431000185;LUIZ FRANCISCO EMYGDIO
Fab01225;10788872000209;FORTUNE SERVICOS EIRELI
Fab01226;03436772000169;TRILHA INDUSTRIA E COMERCIO LTDA.
Fab01227;04948894000105;GPACK ECO EMBALAGENS LTDA
Fab01228;23236167000151;NORTH MED DISTRIBUIDORA DE PRODUTOS MEDICOS E HOSPITALARES LTDA
Fab01229;68867522000129;GABMED PRODUTOS ESPECIFICOS LTDA
Fab01230;13686584000142;TELEFLEX MEDICAL BRASIL SERVICOS E COMERCIO DE PRODUTOS MEDICOS LT
Fab01231;80246309000103;CAOBIANCO MATERIAIS MEDICOS E HOSPITALARES LTDA
Fab01232;24140823000180;GABRIELA WISSMANN FABRICACAO DE ARTIGOS DO VESTUARIO
Fab01233;49351786001071;BAXTER HOSPITALAR LTDA
Fab01234;19860927000120;LIBUS DO BRASIL EQUIPAMENTOS LTDA
Fab01235;25031668000127;SAMEH - SOLUCOES HOSPITALARES LTDA
Fab01236;35820448009435;WHITE MARTINS GASES INDUSTRIAIS LTDA
Fab01237;00740719000169;UTI MEDICA - INDUSTRIA E COMERCIO DE MOVEIS HOSPITALARES LTDA
Fab01238;04709243000154;BS EQUIPAMENTOS, INDUSTRIA E COMERCIO LTDA - EPP
Fab01239;06127890000183;CONKAST VENDAS LTDA.
Fab01240;11174696000199;DROGARIA BORTOLINI LTDA
Fab01241;66969262000177;UNIT - INDUSTRIA, COMERCIO, IMPORTACAO E EXPORTACAO LIMITADA - EPP
Fab01242;01336083000157;HARMONIEX INDUSTRIA E COMERCIO DE SANEANTES LTDA
Fab01243;37251374000190;XP INDUSTRIA DE EPI'S LTDA
Fab01244;13640053000119;HALMA SAUDE E OTICA DO BRASIL - IMPORTACAO, EXPORTACAO E DISTRIBUI
Fab01245;61100244000130;FANEM LTDA
Fab01246;03475822000117;BLUE OCEAN CONFECCOES S.A.
Fab01247;01395137000155;RACHEL DE SA BARRETO CALLOU - ME
Fab01248;55126981000100;GFE DO BRASIL LIMITADA
Fab01249;21551379001331;BECTON E DICKINSON INDÚSTRIA CIRÚRGICA LTDA
Fab01250;05359481000140;CONEXAO MEDICA COMERCIAL EIRELI
Fab01251;06274095000118;AGROMASS BRASIL AGROPECUARIA - IMPORTACAO E EXPORTACAO LTDA
Fab01252;83062174000106;AZEPLAST INDUSTRIA E COMERCIO LTDA
Fab01253;60858552000248;ARTIGOS ODONTOLOGICOS CLASSICO LTDA
Fab01254;13264949000140;HL MEDICAL COMERCIO, IMPORTACAO E EXPORTACAO DE PRODUTOS MEDICO-HO
Fab01255;02552927000160;OCTAPHARMA BRASIL S.A
Fab01256;08305681000450;KIELEK & SANDRI LTDA
Fab01257;68132950000103;GENZYME DO BRASIL LTDA
Fab01258;61194494000187;IMPACTA S A INDUSTRIA E COMERCIO
Fab01259;12420164000157;CM HOSPITALAR LTDA
Fab01260;90804550000156;METALURGICA BRIAO LTDA - EPP
Fab01261;01085513000105;DOLES REAGENTES E EQUIPAMENTOS PARA LABORATORIOS LTDA
Fab01262;50248780000161;ALERE S/A
Fab01263;07933336000156;PARQUIMICA INDUSTRIAS LTDA - EPP
Fab01264;10686941000184;MASTER MEDIKAL INDUSTRIA E COMERCIO DE EQUIPAMENTOS MEDICOS LTDA
Fab01265;30322475000165;DOCTORMED COMERCIAL EIRELI
Fab01266;44058162000156;PROTHEMO PRODUTOS HEMOTERAPICOS LTDA - EPP
Fab01267;07603991000146;SOFT CARE PRODUTOS MEDICOS EIRELI
Fab01268;26570361000167;PORTAL DISTRIBUIDORA HOSPITALAR LTDA
Fab01269;46055703000118;TEB TECNOLOGIA ELETRONICA BRASILEIRA LTDA
Fab01270;55163042000135;SEMINA INDUSTRIA E COMERCIO LTDA
Fab01271;23597822000369;SERRA SAUDE COMERCIO DE EQUIPAMENTOS MEDICOS EIRELI
Fab01272;02563570000115;MEDI - SAUDE PRODUTOS MEDICO HOSPITALARES LTDA - ME
Fab01273;06697493000228;REINALDO PERSONA FARMACIA DE MANIPULACAO EIRELI
Fab01274;02535505000186;ECOPER QUIMICA LTDA
Fab01275;01583558000100;SAUAD - INDUSTRIA FARMACEUTICA LTDA - EPP
Fab01276;04956527000145;ORION COMERCIO DE ARTIGOS MEDICOS LTDA
Fab01277;01468855000104;ARTMED IND. E COM. DE MOVEIS E PRODUTOS HOSPITALARES LTDA - EPP
Fab01278;31111412000122;LABORVIDA LABORATORIOS FARMACEUTICOS LTDA
Fab01279;05756446000164;LENCOBRAS INDUSTRIA E COMERCIO DE LENCOS UMEDECIDOS LTDA
Fab01280;06188236000180;CBEMED - INDUSTRIA E COMERCIO DE EQUIPAMENTOS MEDICOS LTDA
Fab01281;10842393000134;LIVE COMERCIO DE MATERIAL HOSPITALAR EIRELI
Fab01282;10812219000149;PRODUTOS HOSPITALARES MEDBLANC LTDA - ME
Fab01283;12828039000180;PREMIER COMERCIO DE PRODUTOS HOSPITALARES LTDA
Fab01284;08144181000131;GIODESC - IND. COM. IMP. E EXP. PROD. HOSPITALARES LTDA - EPP
Fab01285;02946060000127;PROLINE INDUSTRIA E COMERCIO LTDA - EPP
Fab01286;54516661000101;JOHNSON E JOHNSON DO BRASIL IND. E COM. DE PROD. PARA SAUDE LTDA
Fab01287;12022755000176;GALLIA INDUSTRIA FARMACEUTICA LTDA
Fab01288;35687208000105;PETBONE COMERCIO E INDUSTRIA DE ARTIGOS PARA ANIMAIS LTDA
Fab01289;37260261000150;MEDICAL SYSTEM BRASIL IMPORTACAO E COMERCIO DE PRODUTOS MEDICOS LT
Fab01290;33656835000153;INNOVARE INDUSTRIA E COMERCIO DE PECAS PLASTICAS EIRELI
Fab01291;37365601000108;OLIVEIRA INDUSTRIA E COMERCIO LTDA
Fab01292;01673902000151;LAERCIO DE ASSIS - EPP
Fab01293;03993484000105;SIGMED EQUIPAMENTOS ELETRONICOS LTDA
Fab01294;17625281000170;CELGENE BRASIL PRODUTOS FARMACÊUTICOS LTDA.
Fab01295;10772529000187;T. D. WILL
Fab01296;08251727000153;A M SARAIVA
Fab01297;25034906000158;FLYMED COMERCIO DE PRODUTOS HOSPITALARES LTDA
Fab01298;01017680000119;J FERES - ME
Fab01299;13530909000101;DEANE DA SILVA
Fab01300;12811487000171;MULTISUL COMERCIO E DISTRIBUICAO LTDA
Fab01301;42486076000119;LABORATORIO BRAVET LTDA
Fab01302;05127739000182;CHS - INDUSTRIA E COMERCIO DE MOVEIS HOSPITALARES LTDA - ME
Fab01303;08040473000124;FILTERFLUX EQUIPAMENTOS PARA LABORATORIO LTDA - EPP
Fab01304;45569555000197;CATALENT BRASIL LTDA.
Fab01305;04198372000125;RENASCER IND. E COM. DE MOVEIS HOSPITALARES - EIRELI - EPP
Fab01306;11440977000146;MED LIGHT EQUIPAMENTOS MEDICOS HOSPITALARES LTDA - EPP
Fab01307;05454389000169;RUSSER BRASIL LTDA - EPP
Fab01308;02012921000108;MEDGAUZE - INDUSTRIA E COMERCIO LTDA - ME
Fab01309;07199869000156;CROMO - COMERCIO E MANIPULACAO DE PRODUTOS FARMACEUTICOS LTDA
Fab01310;05524742000130;MED SUPPLY PRODUTOS MEDICOS LTDA
Fab01311;28418133000100;MED VITTA COMERCIO DE PRODUTOS HOSPITALARES LTDA
Fab01312;61374161000130;BAUMER S A
Fab01313;05882795000122;MEGAFRAL INDUSTRIA E COMERCIO LTDA
Fab01314;61129409000105;OPHTHALMOS S/A
Fab01315;59717553000617;MULTILASER INDUSTRIAL S.A.
Fab01316;16741684000112;UNICENTER PHARMA INDUSTRIA E COMERCIO LTDA - EPP
Fab01317;02389045000125;SUPER'SOL INDUSTRIA E COMERCIO LTDA
Fab01318;18974315000103;DOMAX INDUSTRIA, COMERCIO, IMPORTACAO E EXPORTACAO DE EQUIPAMENTOS
Fab01319;18770390000144;FRALDASUL INDUSTRIA E COMERCIO DE PRODUTOS HIGIENICOS LTDA
Fab01320;13229567000186;VENEZA - DISTRIBUIDORA DE PRODUTOS HOSPITALARES LTDA - ME
Fab01321;01226416000195;NUTRIMED SERV.MEDICOS EM NUTRICAO PARENT.E ENTERAL LTDA
Fab01322;01831385000100;BLISFARMA INDUSTRIA ALIMENTICIA LTDA
Fab01323;60409075010034;NESTLE BRASIL LTDA.
Fab01324;23720752000122;JARDIM COSMETICOS LTDA - ME
Fab01325;34686134000120;SNOP CORRELATOS INDUSTRIA E COMERCIO LTDA
Fab01326;21579468000152;TEKMARKET INDUSTRIA, COMERCIO E SERVICOS LTDA
Fab01327;37109539000193;C3 HEALTH SUPRIMENTOS MEDICOS E HOSPITALARES LTDA
Fab01328;01866908000145;DIAGNO SOLUCOES EM DIAGNOSTICO LTDA
Fab01329;20227117000110;SP ODONTO DISTRIBUIDORA DE PRODUTOS ODONTOLOGICOS - EIRELI
Fab01330;74360116000178;BEST FABRIL INDUSTRIA E COMERCIO DE ARTEFATOS DE FALSO TECIDO LTDA
Fab01331;09224765000180;LIFE MED PRODUTOS HOSPITALARES EIRELI
Fab01332;11316789000100;PAULO AUGUSTO NEVONI FERREIRA
Fab01333;69363174000115;NUTERAL INDUSTRIA DE FORMULACOES NUTRICIONAIS LTDA
Fab01334;30754325000120;MEDSI DISTRIBUIDORA DE MEDICAMENTOS LTDA
Fab01335;32624131000136;COMERCIAL PROMOSTORE CONFECCOES - EIRELI
Fab01336;05240939000147;ACTELION PHARMACEUTICALS DO BRASIL LTDA
Fab01337;41738832000197;POCOSPEL LTDA
Fab01338;04909848000270;ML COMERCIO, IMPORTACAO E EXPORTACAO DE MATERIAL MEDICO HOSPITALAR
Fab01339;08713696000105;SIRLENE APARECIDA PEREIRA DA SILVA
Fab01340;62618483000140;INBORPLAS ARTEFATOS DE BORRACHA E PLASTICO LTDA
Fab01341;34440014000148;DEFERTEX INDUSTRIA E COMERCIO LTDA
Fab01342;35820448012657;WHITE MARTINS GASES INDUSTRIAIS LTDA
Fab01343;09595757000140;ESPUMABRAZ INDUSTRIA E COMERCIO DE ESPUMAS DE POLIURETANO EIRELI
Fab01344;26325797000190;EREMIX INDUSTRIA DE ALIMENTOS ESPECIAIS LTDA
Fab01345;34680592000151;BRASIL DEVICES EQUIPAMENTOS HOSPITALARES EIRELI
Fab01346;08532500000186;GERACAO COMERCIO E SERVICOS LTDA
Fab01347;05150878000127;HEALTH QUALITY - INDUSTRIA E COMERCIO LTDA
Fab01348;07453785000105;PHARMEDIC PHARMACEUTICALS IMPORTAÇÃO, DISTRIBUIÇÃO, COMÉRCIO E REP
Fab01349;04648801000119;SERV IMAGEM SUL ASSISTENCIA TECNICA EIRELI
Fab01350;23420241000195;ANTONIO JACINTO RODRIGUES BORGES
Fab01351;46365045000160;CONFECCOES CAPRICHO LTDA
Fab01352;19880964000108;ALL LAB COMERCIAL LTDA
Fab01353;10619983000100;GODOY & BAPTISTELLA INDUSTRIA E COMERCIO DE PRODUTOS DE HIGIENE LT
Fab01354;23228076000174;CMH - CENTRAL DE MEDICAMENTOS HOSPITALARES - EIRELI - ME
Fab01355;23376715000149;OXIMONT GASES E MONTAGEM INDUSTRIAIS LTDA
Fab01356;11336057000182;GUSTAVO PAVANELLI - ME
Fab01357;15772566000109;L.D. FARMACEUTICA LTDA
Fab01358;10317959000109;ROYAL PACK EMBALAGENS PLASTICAS - EIRELI - ME
Fab01359;02248312000144;CEPALAB LABORATORIOS LTDA
Fab01360;04474530000122;PHARMADERMA LTDA - ME
Fab01361;06697493000147;REINALDO PERSONA FARMACIA DE MANIPULACAO EIRELI
Fab01362;15432170000112;ALL CLEAR COMERCIO E REPRESENTACOES DE MEDICAMENTOS E PRODUTOS DE
Fab01363;02377937000106;R.C - MOVEIS LTDA
Fab01364;05652247001269;LUMIAR HEALTH BUILDERS EQUIPAMENTOS HOSPITALARES LTDA
Fab01365;01987265000198;VALLITECH INDUSTRIA E COMERCIO DE ARTEFATOS METALICOS LTDA
Fab01366;54433057000103;BIOFARMA FARMACÊUTICA LTDA
Fab01367;00317372000499;GALDERMA BRASIL LTDA
Fab01368;48875447000130;POLIDENTAL INDUSTRIA E COMERCIO LTDA
Fab01369;04484235000157;J. LUIZ ALVES & CIA LTDA
Fab01370;03760925000129;FORMULLAR SANTA RITA LTDA
Fab01371;20444829000190;CMED SERVICOS TECNICOS E DISTRIBUIDORA LTDA
Fab01372;00618346000158;ASSEPTICO PRODUTOS DESCARTAVEIS LTDA
Fab01373;09300300000160;LEMARC - PRODUTOS MEDICOS HOSPITALARES LTDA
Fab01374;37052128000109;CRIZANI INDUSTRIA E COMERCIO DE PRODUTOS PARA SAUDE EIRELI
Fab01375;01932232000221;CALLAMARYS INDUSTRIA E COMERCIO DE COSMETICOS E SANEANTES LTDA
Fab01376;02121800000196;ICOFA INDUSTRIA E COMERCIO DE FRALDAS E ABSORVENTES LTDA
Fab01377;01339015000141;PLASTPEROLA INDUSTRIA E COMERCIO DE PLASTICOS LTDA
Fab01378;04040657000133;NUTRICIUM INDUSTRIA E COMERCIO LTDA - EPP
Fab01379;26556283000146;PRIMED COMERCIO DE PRODUTOS HOSPITALARES EIRELI
Fab01380;00711514000155;ANDRADE GOMES INDUSTRIA E COMERCIO DE ARTEFATO PLASTICO LTDA
Fab01381;07327320000108;ANA CLAUDIA GIROTO LEITE - EPP
Fab01382;01932232000140;CALLAMARYS INDUSTRIA E COMERCIO DE COSMETICOS E SANEANTES LTDA
Fab01383;03522858000104;INDUSTRIA ORIENTAL LTDA
Fab01384;08325711000490;BELEM FARMACIA E MANIPULACAO EIRELI
Fab01385;18406044000181;PRIMUS FULIARO MEDICAMENTOS E PERFUMARIA LTDA
Fab01386;08044106000107;ALT - EQUIPAMENTOS MEDICOS ODONTOLOGICOS LTDA - ME
Fab01387;00789243000150;LOURENCI E LOURENCI LTDA - EPP
Fab01388;32426901000136;MEDCLIN REPRESENTACAO E COMERCIO EIRELI
Fab01389;10429666000113;ANA CAROLINA DEMORI PERRI - ME
Fab01390;30034749000110;MARCELA CAROLINE BASTOS SALDANHA EIRELI
Fab01391;59844662000190;LOKTAL MEDICAL ELECTRONICS INDUSTRIA E COMERCIO LTDA - EPP
Fab01392;60619202003597;LINDE GASES LTDA
Fab01393;05509693000166;PROBENE FOODS INDUSTRIA E COMERCIO DE ALIMENTOS LTDA.
Fab01394;14829598000130;HERBAMED LABORATORIO NUTRACEUTICO LTDA
Fab01395;06789363000134;GUKI NUTRACEUTICA LTDA
Fab01396;67712562001704;PROCTER & GAMBLE HIGIENE E COSMETICOS LTDA
Fab01397;07767477000146;BIOMOLECULAR TECHNOLOGY COMERCIO, IMPORTACAO, EXPORTACAO E DISTRIB
Fab01398;77970945000160;ORTOMETAL METALURGICA E ORTOPEDIA INDUSTRIAL LTDA - EPP
Fab01399;27656480000108;PROATIVA HOSPITALAR EIRELI
Fab01400;33388182000179;PRODUTOS FARMACEUTICOS MILLET ROUX LTDA - EM RECUPERACAO JUDICIAL
Fab01401;19611064000157;PIZANI EQUIPAMENTOS DE SEGURANCA LTDA
Fab01402;00867394000180;ALMEDICAL LTDA
Fab01403;72183387000170;LUPLAST IND E COM DE PLASTICOS LTDA
Fab01404;59225268000174;SOQUÍMICA LABORATÓRIOS LTDA
Fab01405;03084401000165;PREVEMAX INDUSTRIA E COMERCIO DE EPI S IMPERMEAVEIS E DESCARTAVEIS
Fab01406;52270527000130;AMERICAN ALLOYS ACESSORIOS INDUSTRIAIS LTDA
Fab01407;05340608000189;SIPROLIMP - SIMIONATO PRODUTOS DE LIMPEZA LTDA
Fab01408;18520715000130;SCAN DIAGNOSTICA INDUSTRIA E COMERCIO LTDA
Fab01409;20264948000161;BIOANALITICA DIAGNOSTICA S/A
Fab01410;71437917000104;KATAL BIOTECNOLOGICA INDUSTRIA E COMERCIO LTDA
Fab01411;03142794000116;GOLD ANALISA DIAGNOSTICA LTDA
Fab01412;08145933000189;FAMADER FARMACIA DE MANIPULACAO LTDA
Fab01413;30898181000186;DOROTHY RODINI DENTAL
Fab01414;39323886000140;SOCINTER SUL COMERCIO INTERNACIONAL LTDA
Fab01415;08311856000190;IMPACTO PRODUTOS MEDICOS E HOSPITALARES LTDA
Fab01416;06020284000164;LEVISA DESCARTAVEIS LTDA
Fab01417;12824334000169;C.M. ORATHES CONFECCOES E EQUIPAMENTOS LTDA
Fab01418;08067672000126;AYA INDUSTRIA E COMERCIO DE COSMETICOS LTDA
Fab01419;04718347000125;LONGEVITA - PRODUTOS HIGIENICOS LTDA - EPP
Fab01420;23829339000109;M.TESTA CONFECCAO
Fab01421;27806274000129;PROMEDI DISTRIBUIDORA DE PRODUTOS HOSPITALARES LTDA
Fab01422;43854777000126;BUNZL EQUIPAMENTOS PARA PROTECAO INDIVIDUAL LTDA
Fab01423;14665928000108;VOLPHARMA DISTRIBUIDORA DE PRODUTOS HOSPITALARES E FARMACEUTICOS L
Fab01424;67578617000160;THIMON INSTRUMENTOS CIRURGICOS LTDA
Fab01425;81120842000189;WRM INDUSTRIA E COMERCIO LTDA
Fab01426;14202920000105;IGOR DOS SANTOS CAVELAGNA
Fab01427;07318036000167;DESCARTEE - INDUSTRIA E COMERCIO DE ROUPAS DESCARTAVEIS LTDA
Fab01428;82195744000173;NJ PLASTICOS IND E COM DE PRODUTOS P LABORATORIOS LTDA - EPP
Fab01429;68949239000570;UNITED MEDICAL LTDA
Fab01430;83821280000126;MARCOS INDUSTRIA E COMERCIO DE MOVEIS LTDA - EPP
Fab01431;28820255000110;SUPREMA DENTAL IMPORTACAO, EXPORTACAO E COMERCIO DE PRODUTOS ODONT
Fab01432;02501297000285;PHARLAB INDUSTR
Fab01433;04099395000182;SANTISA LABORAT
Fab01434;02456955000183;NATULAB LABORAT
Fab01435;02281006000100;ISOFARMA INDUST
Fab01436;73856593000166;PRATI, DONADUZZ
Fab01437;61068755000112;SANVAL COMERCIO
Fab01438;03485572000104;GEOLAB INDUSTRI
Fab01439;04459117000199;SAMTEC BIOTECNO
Fab01440;19570720000382;HIPOLABOR FARMA
Fab01441;17159229000176;LABORATORIO TEU
Fab01442;02501297000102;PHARLAB INDUSTR
Fab01443;61286647000116;SANDOZ DO BRASI
Fab01444;29346301000153;LABORATORIO FAR
Fab01445;06628333000146;FARMACE - INDUS
Fab01446;30222814000131;VITAMEDIC INDUS
Fab01447;44734671000828;CRISTALIA PRODU
Fab01448;56994502000130;NOVARTIS BIOCIE
Fab01449;45987013000304;ORGANON FARMACE
Fab01450;58430828001301;BLAU FARMACEUTI
Fab01451;72593791000111;NOVA QUIMICA FA
Fab01452;21561931000309;LABORATORIO SAN
Fab01453;17174657000178;HYPOFARMA INSTI
Fab01454;60659463002992;ACHE LABORATORI
Fab01455;60665981000975;UNIAO QUIMICA F
Fab01456;65271900000119;NATIVITA INDUST
Fab01457;04656253000179;MARIOL INDUSTRI
Fab01458;60318797000100;ASTRAZENECA DO
Fab01459;01122234000174;IMPORT SERVICE
Fab01460;37844479000152;BIOLINE FIOS CI
Fab01461;49324221000104;FRESENIUS KABI
Fab01462;43426626000177;ALLERGAN PRODUT
Fab01463;47193115000103;CIRURGICA BRASI
Fab01464;88303433000167;ITM S/A - INDUS
Fab01465;84704683000158;QUIMIDROL COMER
Fab01466;49475833001250;BIOLAB SANUS FA
Fab01467;17875154000120;MEDQUIMICA INDU
Fab01468;17115437000173;LABORATORIO GLO
Fab01469;44734671000151;CRISTALIA PRODU
Fab01470;04522343000177;FARMACIA DE MAN
Fab01471;19570720000110;HIPOLABOR FARMA
Fab01472;07670111000154;ARESE PHARMA LT
Fab01473;60665981000118;UNIÃO QUÍMICA F
Fab01474;11082598000121;BESINS HEALTHCA
Fab01475;33349473000158;FARMOQUIMICA S
Fab01476;01784792000103;EQUIPLEX INDUST
Fab01477;55972087000150;JP INDUSTRIA FA
Fab01478;51780468000187;JANSSEN-CILAG F
Fab01479;60831658000177;BOEHRINGER INGE
Fab01480;18774815000193;AMGEN BIOTECNOL
Fab01481;56998701000116;ABBOTT LABORATO
Fab01482;57532343000114;L M FARMA INDUS
Fab01483;33408105000133;GREENPHARMA QUI
Fab01484;02814497000107;CIMED INDUSTRIA
Fab01485;61190096000435;EUROFARMA LABOR
Fab01486;73196438000160;VETNIL INDUSTRI
Fab01487;01571702000198;HALEX ISTAR IND
Fab01488;48396378000182;UCI FARMA INDUS
Fab01489;08055634000153;IMEC-INDUSTRIA
Fab01490;05161069000110;BRAINFARMA INDU
Fab01491;05044984000126;LEGRAND PHARMA
Fab01492;46179008000168;BRASTERAPICA IN
Fab01493;05439635000103;ANTIBIOTICOS DO
Fab01494;73663650000190;RANBAXY FARMACE
Fab01495;45987013000134;ORGANON FARMACE
Fab01496;10588595001092;SANOFI MEDLEY F
Fab01497;10877926000113;LABORATORIO FAR
Fab01498;03560974000118;SCHERING-PLOUGH
Fab01499;58430828000160;BLAUSIEGEL INDÚ
Fab01500;04301884000175;AUROBINDO PHARM
Fab01501;01564260000152;WASSER FARMA LT
Fab01502;61230314000175;LIBBS FARMACEUT
Fab01503;06629745000109;NOVAFARMA INDUS
Fab01504;45992062000165;GERMED FARMACÊU
Fab01505;33247743000110;GLAXOSMITHKLINE
Fab01506;60665981000541;UNIÃO QUIMICA F
Fab01507;05254971000181;ZYDUS NIKKHO FA
Fab01508;33112665000146;DFL INDUSTRIA E
Fab01509;61190096000192;EUROFARMA LABOR
Fab01510;05854999000150;CICLO FARMA IND
Fab01511;45841137000107;DLA PHARMACEUTI
Fab01512;74232034000148;LABORATORIOS FE
Fab01513;34526327000113;RIOQUIMICA INDU
Fab01514;84833888000133;BIODINAMICA QUI
Fab01515;45985371000108;3M DO BRASIL LT
Fab01516;05823205000190;MAQUIRA INDUSTR
Fab01517;19570720000706;HIPOLABOR FARMA
Fab01518;31258478000140;TECHNEW COMERCI
Fab01519;02039112000181;MICRODONT MICRO
Fab01520;08546929000122;CARESTREAM DO B
Fab01521;04755436000141;S S PLUS DO BRA
Fab01522;02177011000177;SYNTEC DO BRASI
Fab01523;60619202000148;MESSER GASES LT
Fab01524;06295846000182;ULTRADENT DO BR
Fab01525;50938745000174;THEOTO S A INDU
Fab01526;93185577000104;SCHUSTER COMERC
Fab01527;10545970000126;VITA MEDICAL MA
Fab01528;48113906000149;1FARMA INDUSTRI
Fab01529;49475833000106;BIOLAB SANUS FA
Fab01530;11643096000122;MYLAN LABORATOR
Fab01531;02881877000164;POLAR FIX INDUS
Fab01532;71982839000110;UNICHEM QUIMICA
Fab01533;56994502002779;NOVARTIS BIOCIE
Fab01534;31673254000102;LABORATORIOS B
Fab01535;49324221001690;FRESENIUS KABI
Fab01536;03978166000175;DR.REDDY'S FARM
Fab01537;33247743004450;GLAXOSMITHKLINE
Fab01538;13507989000176;ALFAMEC COMERCI
Fab01539;49324221000880;FRESENIUS KABI
Fab01540;13863381000184;MIDFARMA PRODUT
Fab01541;01932232000140;CALLAMARYS INDU
Fab01542;22391828000150;INJET MED INDUS
Fab01543;03917989000190;MB INDUSTRIA CI
Fab01544;07522734000180;VAGALUMY INDUST
Fab01545;02685377000823;SANOFI-AVENTIS
Fab01546;05161069000978;BRAINFARMA INDU
Fab01547;43940618000144;ELI LILLY DO BR
Fab01548;71957310000147;GREINER BIO-ONE
Fab01549;12927444000156;VL EQUIPAMENTOS
Fab01550;05870716000163;NATURELIFE INDU
Fab01551;23552212000187;ROCHE DIABETES
Fab01552;33009945000123;PRODUTOS ROCHE
Fab01553;03084401000165;PREVEMAX INDUST
Fab01554;02433631000120;ASPEN PHARMA IN
Fab01555;05431736000138;ASTRA CIENTIFIC
Fab01556;05619539000147;ISSO MOLD INDUS
Fab01557;28114563000120;BRIT ASSESSORIA
Fab01558;08157293000127;NATCOFARMA DO B
Fab01559;09601610000115;COSMODERMA INDU
Fab01560;42374207000176;LABORATÓRIOS SE
Fab01561;62462015000129;APSEN FARMACÊUT
Fab01562;07898671000160;SHIRE FARMACEUT
Fab01563;28415097000112;ANAPOLIS INDUST
Fab01564;61072393003906;WYETH INDUSTRIA
Fab01565;28273249000190;GANDAN INDUSTRI
Fab01566;61418042000131;CIRURGICA FERNA
Fab01567;07626776000160;CIRURGICA SAO F
Fab01568;78742491000133;JOAOMED COMERCI
Fab01569;14766081000140;MEDGRAN INDUSTR
Fab01570;05343029000270;MEDLEVENSOHN CO
Fab01571;07767477000146;BIOMOLECULAR TE
Fab01572;65738155000175;MARIMAR INDUSTR
Fab01573;53162095000106;BIOSINTÉTICA FA
Fab01574;04361309000168;S. SOBRAL E CIA
Fab01575;92265552000140;MULTILAB INDUST
Fab01576;33173097000274;CELLERA FARMACE
Fab01577;55643555000305;RIOQUIMICA S.A.
Fab01578;61363032000146;CHIESI FARMACÊU
Fab01579;04491780000170;GERAIS, COMERCI
Fab01580;82277955000155;NOVO NORDISK FA
Fab01581;25773037000183;PHARMASCIENCE L
Fab01582;59556621000107;MARK MED INDUST
Fab01583;05150338000143;MEDSONDA - INDU
Fab01584;06172459000159;NUTRIEX IMPORTA
Fab01585;55980684000127;ZODIAC-PRODUTOS
Fab01586;01057428000214;DESCARPACK DESC
Fab01587;01005728000179;LABOR IMPORT CO
Fab01588;45740289000113;ORTOFEN INDUSTR
Fab01589;61082426000207;COSMED INDUSTRI
Fab01590;56998982000107;BRISTOL-MYERS S
Fab01591;10483434000143;CASA DAS FORMUL
Fab01592;06076833000112;ABL - SAUDE LTD
Fab01593;14806008000154;MOMENTA FARMACE
Fab01594;17562075000169;CIFARMA CIENTÍF
Fab01595;09545589000188;MABRA FARMACEUT
Fab01596;00923140000131;EMS SIGMA PHARM
Fab01597;02685377000157;SANOFI-AVENTIS
Fab01598;64171697000146;ACCORD FARMACÊU
Fab01599;49475833001501;BIOLAB SANUS FA
Fab01600;33150764000112;BIOLAB FARMA GE
Fab01601;44363661000157;GLENMARK FARMAC
Fab01602;60397775000174;TAKEDA PHARMA L
Fab01603;78950011000120;HERBARIUM LABOR
Fab01604;05155425000193;CASULA & VASCON
Fab01605;00376959000126;IFAL IND E COM
Fab01606;83874628000305;LABORATORIO FAR
Fab01607;07707681000171;SOUZA & LEONARD
Fab01608;10192693000115;NEW IMPLA COMER
Fab01609;15822337000151;RESGATEX - EIRE
Fab01610;36289924000105;HILLO - INDUSTR
Fab01611;68567650000157;S.S. WHITE ARTI
Fab01612;07439329000100;DVT COMERCIO, I
Fab01613;02794555000188;COLOPLAST DO BR
Fab01614;60665981000703;UNIAO QUIMICA F
Fab01615;39032974000192;VIC PHARMA INDÚ
Fab01616;18466544000109;PROTECTOR INDUS
Fab01617;03481596000187;K' DENTAL COMER
Fab01618;17164113000125;PRIME INSTRUMEN
Fab01619;30450803000109;ZAMMI INSTRUMEN
Fab01620;09545032000147;J.A. COMERCIO D
Fab01621;33145194000172;LABORATORIO GRO
Fab01622;51943645000107;BIOMEDICAL EQUI
Fab01623;05691570000199;ATRASORB INDUST
Fab01624;04506487000130;HELIANTO FARMAC
Fab01625;78746773000109;CASEX IND DE PL
Fab01626;28857335000140;MAXIMA DENTAL I
Fab01627;84683556000110;KAVO DO BRASIL
Fab01628;31116239000155;DENTSPLY INDUST
Fab01629;60397965000191;LYSANDA PRODUTO
Fab01630;04356658000191;AAF DO BRASIL P
Fab01631;04901171000142;CASSIFLEX LTDA
Fab01632;22575103000112;6B INVENT GERMA
Fab01633;17602891000159;ALLPLAN PRODUTO
Fab01634;18272875000108;COOPERFLEX INDU
Fab01635;58188194000261;GN INJECTA INDU
Fab01636;18834914000113;NOVA OGP INDUST
Fab01637;34758599000149;MEDICAL DA AMAZ
Fab01638;06022494000191;TIAGO BALDOCCHI
Fab01639;00015955000112;SDI BRASIL INDU
Fab01640;60383338000100;EMBRAMED INDUST
Fab01641;22210354000101;PORTEX COMERCIO
Fab01642;94304672000134;MEDICONE PROJET
Fab01643;03426484000123;SALDANHA RODRIG
Fab01644;01814778000105;COMPFERTIL INDU
Fab01645;06207441000145;PROTEC EXPORT I
Fab01646;00816063000110;APERIFIO INDUST
Fab01647;49475833001412;BIOLAB SANUS FA
Fab01648;61068755000627;SANVAL COMERCIO
Fab01649;07391259000150;LABORFARMA - FA
Fab01650;60665981000207;UNIAO QUIMICA F
Fab01651;43426626000924;ALLERGAN PRODUT
Fab01652;02814497000298;CIMED INDUSTRIA
Fab01653;07925705000169;AUROBINDO PHARM
Fab01654;10588595000363;SANOFI MEDLEY F
Fab01655;10268780000109;MEDIX BRASIL PR
Fab01656;04238197000152;PROLINK INDUSTR
Fab01657;02389045000125;SUPER'SOL INDUS
Fab01658;58430828000593;BLAU FARMACEUTI
Fab01659;05161069000544;BRAINFARMA INDU
Fab01660;17159229000257;LABORATÓRIO TEU
Fab01661;73222549000102;MAXITEX INDUSTR
Fab01662;61099966000112;SANOFI SYNTHELA
Fab01663;10588595000797;SANOFI MEDLEY F
Fab01664;49941123000116;HF REPRESENTACA
Fab01665;67882621000117;J.G. MORIYA REP
Fab01666;08406353000106;ALEXANDRE ASSUN
Fab01667;33348467000186;SHALON-FIOS CIR
Fab01668;03812429000171;POLYSUTURE INDU
Fab01669;60659463000191;ACHE LABORATORI
Fab01670;33839828000197;NEVE PREMIUM IN
Fab01671;10403238000111;AMED S/A
Fab01672;21172673000107;ERS INDUSTRIA E
Fab01673;33348467000429;SHALON-FIOS CIR
Fab01674;09137657000170;J. C. W. SIQUEI
Fab01675;56994502001535;NOVARTIS BIOCIE
Fab01676;08939548000103;INFAN INDUSTRIA
Fab01677;60726692000181;MARJAN INDUSTRI
Fab01678;05050260000195;PROCARE COMERCI
Fab01679;05343029000190;MEDLEVENSOHN CO
Fab01680;60397775000840;TAKEDA PHARMA L
Fab01681;10757876000130;SR PRODUTOS MED
Fab01682;43854777000126;BUNZL EQUIPAMEN
Fab01683;05953172000101;FAVA INDUSTRIA
Fab01684;02411193000107;ARAUJO LOPES &
Fab01685;03075426000100;BIODONT INDUSTR
Fab01686;33060740000172;MANTECORP INDUS
Fab01687;27608037000153;DEJAMARO INDUST
Fab01688;06105362000123;ACCUMED PRODUTO
Fab01689;17440261000125;MYRALIS INDUSTR
Fab01690;59717553000617;MULTILASER INDU
Fab01691;26402053000122;BE LIFE INDUSTR
Fab01692;54858014000170;ESSITY SOLUCOES
Fab01693;07768134000104;ASTELLAS FARMA
Fab01694;32426901000136;MEDCLIN REPRESE
Fab01695;05818423000137;AMCOR FLEXIBLES
Fab01696;33258401001177;INSTITUTO BIOCH
Fab01697;10495738000120;GOIAS COMERCIO
Fab01698;03225411000173;MISSNER E MISSN
Fab01699;16482201000102;ATOS MEDICAL BR
Fab01700;06157734000165;GLOBAL TEC INDU
Fab01701;49353956000166;OXIGEL MATERIAI
Fab01702;08442245000180;PROTDESC DO BRA
Fab01703;87156352000119;INCOTERM INDUST
Fab01704;15058160000169;NUTRIEX INDUSTR
Fab01705;66000787000108;WAMA PRODUTOS P
Fab01706;58268152000150;ABC INSTRUMENTO
Fab01707;60831658002110;BOEHRINGER INGE
Fab01708;01637763000100;LOURICE LAURIA
Fab01709;12889035000102;INOVAMED COMERC
Fab01710;12927876000167;SOMA/MG PRODUTO
Fab01711;10512195000102;JP PHARMA IMPOR
Fab01712;00252903000160;ESTERILI-MED IN
Fab01713;06879626000104;CINORD SUDESTE
Fab01714;07010097000162;FAMILIA TUPI CI
Fab01715;11463608000179;ERIMAR INDUSTRI
Fab01716;01640262000183;CITOPHARMA MANI
Fab01717;33078528000132;TORRENT DO BRAS
Fab01718;46070868003699;LABORATORIOS PF
Fab01719;33078528000485;TORRENT DO BRAS
Fab01720;61072393000133;WYETH INDUSTRIA
Fab01721;05035244000123;SUN FARMACEUTIC
Fab01722;17210388000158;NATHY IMPORTAÇÃ
Fab01723;46365045000160;CONFECCOES CAPR
Fab01724;06923493000207;MEDFIO INDUSTRI
Fab01725;00257992000137;ANGELUS INDUSTR
Fab01726;05652247001269;LUMIAR HEALTH B
Fab01727;21763327000195;ANGELUS PRIMA D
Fab01728;97215388000180;LEONARDI COMERC
Fab01729;74017708000272;INDUSBELLO IND.
Fab01730;48708010000374;KULZER SOUTH AM
Fab01731;02477571000147;DENTAL MED SUL
Fab01732;80330046000108;PROGRAD COMERCI
Fab01733;02298254000163;RIOPASA - DISTR
Fab01734;04798379000188;ASFER INDUSTRIA
Fab01735;69348936000104;ANADONA COMERCI
Fab01736;23829339000109;M.TESTA CONFECC
Fab01737;10607423000128;HARBO MEDICAL L
Fab01738;31258478000220;TECHNEW COMERCI
Fab01739;00677858000195;ARTE NATIVA PRO
Fab01740;30881804000108;MAGNUS MED COME
Fab01741;51753374000119;GOLGRAN INDUSTR
Fab01742;08370099000125;GTECH - COMERCI
Fab01743;62969589001593;CSL BEHRING COM
Fab01744;20444829000190;CMED DISTRIBUID
Fab01745;19791813000175;LABORATORIOS OS
Fab01746;01440590000136;FRESENIUS MEDIC
Fab01747;04889315000192;S & R DISTRIBUI
Fab01748;33019548000132;SILVESTRE LABS.
Fab01749;04522600000170;LUNDBECK BRASIL
Fab01750;02814497000379;CIMED INDUSTRIA
Fab01751;06143681000123;BIOSANI INDUSTR
Fab01752;49601107000427;FRESENIUS HEMOC
Fab01753;05399786000185;UNICHEM FARMACE
Fab01754;59293662000140;FABRICA DE ARTE
Fab01755;04162170000123;ESTRATTI VEGETA
Fab01756;30203451000197;VILHEMED COM. A
Fab01757;01858973000129;AIRELA INDUSTRI
Fab01758;55643555000143;RIOQUIMICA S.A.
Fab01759;92695691000103;KLEY HERTZ FARM
Fab01760;07318036000167;DESCARTEE - IND
Fab01761;27325768000191;PREMIUM HOSPITA
Fab01762;46568655000161;LAMEDID COMERCI
Fab01763;03426484000204;SALDANHA RODRIG
Fab01764;44211936000137;AVERT LABORATOR
Fab01765;03869526000109;J.R.D. INDUSTRI
Fab01766;01177248000195;CRISTOFOLI EQUI
Fab01767;95799201000298;ADLIN PLASTICOS
Fab01768;13644713000130;ROMED INDUSTRIA
Fab01769;59844662000190;LOKTAL MEDICAL
Fab01770;07967729000180;HADASSAH - COSM
Fab01771;61793691000112;CONTROLES GRAFI
Fab01772;01057428000133;DESCARPACK DESC
Fab01773;32407538000454;INDUSTRIA FRONT
Fab01774;11018913000151;ORIGINAL TEXTIL
Fab01775;01623403000150;BIOTEXTIL INDUS
Fab01776;06906357000110;PRODUTOS CIRURG
Fab01777;80392434000113;J. PROLAB INDUS
Fab01778;03578185000104;TECNOFIO INDUST
Fab01779;75014167000100;NUNESFARMA DIST
Fab01780;93480192000161;CIEX DO BRASIL
Fab01781;11671812000185;DESCARBOX INDUS
Fab01782;07415627000152;TKL IMPORTACAO
Fab01783;90059171000260;POLI TAPE INDUS
Fab01784;20227117000110;SP ODONTO DISTR
Fab01785;32624131000136;COMERCIAL PROMO
Fab01786;84966498000131;MAXICOR PRODUTO
Fab01787;48740849000128;CRAL ARTIGOS PA
Fab01788;12918336000117;BE CARE COMERCI
Fab01789;07186183000120;TEXPHARMA INDUS
Fab01790;31863595000132;VESTSEG - SOLUC
Fab01791;02704301000121;BIOMEDICA - EST
Fab01792;02794555000340;COLOPLAST DO BR
Fab01793;17875154000391;MEDQUIMICA INDU
Fab01794;44734671000156;CRISTÁLIA PRODU
Fab01795;06597801000162;THEODORO F SOBR
Fab01796;04214934000187;SUPERMAX BRASIL
Fab01797;93410975000179;UTIL QUIMICA IN
Fab01798;19973704000179;ORTOFEX INDUSTR
Fab01799;61150447000131;LABORATORIOS BA
Fab01800;00008125000168;MENUCHI ACABAME
Fab01801;05021873000102;TECHNODRY LIOFI
Fab01802;73142960000160;DILEPE INDUSTRI
Fab01803;70939574000296;FABRICA DE ARTE
Fab01804;59231530000193;KOLPLAST C I S.
Fab01805;02550258000197;NEKPLAST INDUST
Fab01806;68176544000142;KSN - PROTECAO
Fab01807;03021560000110;PREMIUM INDUSTR
Fab01808;41150160000102;RAVA EMBALAGENS
Fab01809;07204591000168;BIOTEC PRODUTOS
Fab01810;65651028000134;MADEITEX COMERC
Fab01811;21284068000110;FARMATEX DO BRA
Fab01812;12288046000137;CCM INDUSTRIA E
Fab01813;08308147000155;SUPERMEDY IMPOR
Fab01814;11959873000142;JARC COMERCIO D
Fab01815;01000823000180;SOLUMED MATERIA
Fab01816;06940329000119;MED SHARP INDUS
Fab01817;33255787001163;IBF INDUSTRIA B
Fab01818;05918342000109;VISION GLASS IN
Fab01819;01107391001263;SUPPORT PRODUTO
Fab01820;22565307000172;ADVAGEN BIOTECH
Fab01821;07086868000103;GRANDESC MATERI
Fab01822;06940329000208;MED SHARP INDUS
Fab01823;02340772000106;CIRURGICA COPAC
Fab01824;31131938000174;MEDIC MANUTENCA
Fab01825;05216859000156;BIOBASE INDUSTR
Fab01826;48740849000470;CRAL ARTIGOS PA
Fab01827;07295190000160;DBI COMERCIO E
Fab01828;61194494000187;IMPACTA S A IND
Fab01829;07134866000134;VITALPACK EMBAL
Fab01830;20512546000139;HEALTH & LIFE M
Fab01831;17252670000106;VITALMEDICA DIS
Fab01832;19825968000185;PALMARES TRADE
Fab01833;24039668000100;MEDPACK INDUSTR
Fab01834;13024103000133;GTECH INDUSTRIA
Fab01835;02248312000144;CEPALAB LABORAT
Fab01836;60409075000667;NESTLE BRASIL L
Fab01837;00969061000323;CARBOGEL INDUST
Fab01838;45992062000912;GERMED FARMACEU
Fab01839;17739128000174;FARMACIA DE MAN
Fab01840;00860254000180;MULTILAB LABORA
Fab01841;17562075000320;CIFARMA CIENTIF
Fab01842;10848178000140;FITOWAY LABORAT
Fab01843;15670288000189;GILEAD SCIENCES
Fab01844;11643096000394;MYLAN LABORATOR
Fab01845;15107246000134;MUCAMBO S/A
Fab01846;00192190000196;OFTALMOPHARMA I
Fab01847;43312503000105;SUPERA FARMA LA
Fab01848;61100004000136;ZAMBON LABORATÓ
Fab01849;05575117000117;GENOM FARMACEUT
Fab01850;02491464000173;SKY INDUSTRIA E
Fab01851;14665928000108;VOLPHARMA DISTR
Fab01852;48344725000719;ALTHAIA S.A. IN
Fab01853;58533209000109;DVS EQUIPAMENTO
Fab01854;42457796000156;DIFFUCAP-CHEMOB
Fab01855;07316691000186;FORMULAS MAGIST
Fab01856;10588595000100;SANOFI MEDLEY F
Fab01857;56994502009862;NOVARTIS BIOCIE
Fab01858;56990534000167;SCHERING DO BRA
Fab01859;22291182000130;VITAMED COMÉRCI
Fab01860;32910616000196;BS DISTRIBUIDOR
Fab01861;50929710000179;MEDLEY S A INDU
Fab01862;45987013002269;ORGANON FARMACE
Fab01863;02635522000195;JALLES MACHADO
Fab01864;11433344000100;BIONATUS FARMA
Fab01865;18842124000180;MJS INDUSTRIA,
Fab01866;56998701003212;ABBOTT LABORATO
Fab01867;56998701003301;ABBOTT LABORATO
Fab01868;60499639000195;ABBOTT PRODUTOS
Fab01869;04890798000145;ORTOM INDUSTRIA
Fab01870;08025426000292;DELTA PLUS BRAS
Fab01871;37348946000153;OG MED EQUIPAME
Fab01872;68194497000160;MEDICAL TEXTIL
Fab01873;50657402000131;EBRAM PRODUTOS
Fab01874;03852057000298;MEDSUPPLY ELETR
Fab01875;68032192000151;BIONATUS LABORA
Fab01876;21043162000187;BIOTECH INDUSTR
Fab01877;07415627000314;TKL IMPORTACAO
Fab01878;12014370000167;ABC DISTRIBUIDO
Fab01879;10235337000131;HN DESC COMERCI
Fab01880;33258401000448;INSTITUTO BIOCH
Fab01881;62969589000198;CSL BEHRING COM
Fab01882;27376022000107;PRIME CIRURGICA
Fab01883;04380711000190;DELTA MEDICAL C
Fab01884;09426522000124;FARMAX PRODUTOS
Fab01885;73856593001057;PRATI, DONADUZZ
Fab01886;17602864000186;DELTA INDUSTRIA
Fab01887;22966065000129;NUTRIEX INDUSTR
Fab01888;11098609000161;ADVA OPTICAL NE
Fab01889;10692852000140;DESCARBOX EMBAL
Fab01890;84859552000140;STERMAX PRODUTO
Fab01891;01663156000115;VITALLIS DIAGNO
Fab01892;01329816000126;PANAMERICAN MED
Fab01893;44363661000319;GLENMARK FARMAC
Fab01894;02456955000426;NATULAB LABORAT
Fab01895;19972628000187;FACILIMPE COMER
Fab01896;02932074000191;HYPERA S.A.
Fab01897;34686134000120;SNOP CORRELATOS
Fab01898;00204589000140;KALIPSO EQUIPAM
Fab01899;23402794000115;CLEANUP INDUSTR
Fab01900;49604226000190;MULTIGEL INDUST
Fab01901;51780468000268;JANSSEN-CILAG F
Fab01902;61190096000869;EUROFARMA LABOR
Fab01903;54516661006215;JOHNSON & JOHNS
Fab01904;56998982003122;BRISTOL-MYERS S
Fab01905;61517397000188;THERASKIN FARMA
Fab01906;13229567000186;VENEZA - DISTRI
Fab01907;02121800000196;ICOFA INDUSTRIA
Fab01908;02513899000171;GRIFOLS BRASIL
Fab01909;00210852080010;FIDES S.A
Fab01910;05030501000134;MIKATOS INDUSTR
Fab01911;45569555000197;CATALENT BRASIL
Fab01912;83874628000143;LABORATORIO FAR
Fab01913;32407538000101;INDUSTRIA FRONT
Fab01914;10853028000125;VIDA RESGATE CO
Fab01915;01265357000164;MEDICATE S/C LT
Fab01916;06137725000102;PROTECNI - EQUI
Fab01917;10842256000108;GROW QUIMICA E
Fab01918;38646188000112;ANTARES QUIMICA
Fab01919;68926682000363;GTECH BRASIL LT
Fab01920;03155958000140;MEDPEJ - EQUIPA
Fab01921;82873068000735;GENESIO A MENDE
Fab01922;03921280000169;MEDCLEAN COMERC
Fab01923;59309302000199;INJEX INDUSTRIA
Fab01924;64088172000141;ATIVUS FARMACEU
Fab01925;04748181000947;LABORATORIOS BA
Fab01926;56998701001279;ABBOTT LABORATÓ
Fab01927;42180406000143;GUERBET PRODUTO
Fab01928;56998701001945;ABBOTABBOTT LAB
Fab01929;49351786000180;BAXTER HOSPITAL
Fab01930;70939574000105;FABRICA DE ARTE
Fab01931;00425586000136;G D RUFINO LTDA
Fab01932;04861623000100;LUIZ GUILHERME
Fab01933;58526047000173;BIOMECANICA IND
Fab01934;07294636000132;MD MATERIAL HOS
Fab01935;06789363000134;GUKI NUTRACEUTI
Fab01936;03713939000191;MARDAM INDUSTRI
Fab01937;00625692000163;TOMMASI IMPORTA
Fab01938;03033589000112;OLIMED MATERIAL
Fab01939;15229391000198;SAFRA INDUSTRIA
Fab01940;50770643000192;AUDAX QUIMICA I
Fab01941;15127898000130;MUNDIPHARMA BRA
Fab01942;60874187000184;DAIICHI SANKYO
Fab01943;14441468000126;RR DALEVEDOVE A
Fab01944;02216436000148;NORTEXTIL NORDE
Fab01945;24633934000129;CAMBER FARMACEU
Fab01946;13038445000102;AGE HOSPITALAR
Fab01947;23326462000107;JUNIOR COMERCIO
Fab01948;14308899000119;CIRURGICA OURO
Fab01949;14469133000116;INDUSTRIA DE AR
Fab01950;67952085000189;VIDA INDUSTRIA
Fab01951;03142794000116;GOLD ANALISA DI
Fab01952;21008058000151;FERNANDO UNIFOR
Fab01953;46062030000123;ADERE PRODUTOS
Fab01954;72899016000431;ESSITY DO BRASI
Fab01955;59231530000355;KOLPLAST C I S.
Fab01956;60412327000526;ALCON LABORATÓR
Fab01957;15295279000155;FARMALAB FARMAC
Fab01958;05706568000146;BAUSCH & LOMB I
Fab01959;44010437000181;CAZI QUIMICA FA
Fab01960;09603161000144;BMD - COMERCIO
Fab01961;03968966000105;BIO PHARMUS LTD
Fab01962;48939276000166;MEDI HOUSE IND
Fab01963;04532527000118;MYRALIS PHARMA
Fab01964;46658233000187;INDUSTRIA TEXTI
Fab01965;11906456000131;MANUFARMA COMER
Fab01966;50248780000161;ABBOTT DIAGNOST
Fab01967;00029372000140;GE HEALTHCARE D
Fab01968;00157774000554;TARGA MEDICAL S
Fab01969;18252904000170;HEALTH CARE & D
Fab01970;26240632000116;DENTAL HIGIX PR
Fab01971;05333542000108;TEVA FARMACEUTI
Fab01972;14117593000185;CAMPER EQUIPAME
Fab01973;10850316000126;MONTPELLIER MON
Fab01974;22010816000139;ACTIVE INDUSTRI
Fab01975;11232867000199;FIRST IMPORT CO
Fab01976;02520218000100;ANDREONI TEXTIL
Fab01977;20722331000142;LUIZA SCHULTZ C
Fab01978;44734671000153;CRISTÁLIA PRODU
Fab01979;25078142000100;RAFAEL NERES DA
Fab01980;60084456000109;LATINOFARMA IND
Fab01981;09560267000108;BETANIAMED COME
Fab01982;03202656000185;ICARAI DO BRASI
Fab01983;04747452000192;BABY PISS INDUS
Fab01984;72899016000512;ESSITY DO BRASI
Fab01985;10733878000190;FLEX INDUSTRIA
Fab01986;03237990000174;KELLDRIN INDUST
Fab01987;10424098000168;INDUSTRIA DE CO
Fab01988;90769407000170;ART INOX INDUST
Fab01989;13324282000124;KASVI IMPORTACA
Fab01990;10994658000110;FAROL DISTRIBUI
Fab01991;46070868000169;LABORATORIOS PF
Fab01992;06019570000100;SMITHIS MEDICAL
Fab01993;06963572000152;3B INDUSTRIA E
Fab01994;09100491000117;FLEXINOX INDUST
Fab01995;03820314000129;FORTINOX - INDU
Fab01996;16629968000111;MAGACHO IMPORTA
Fab01997;60412327001336;ALCON LABORATOR
Fab01998;59653709000139;VNO ORTOPEDIA I
Fab01999;29785870000103;LABORATORIO NEO
Fab02000;33258401000103;INSTITUTO BIOCH
Fab02001;01541283000141;INDÚSTRIA QÍMIC
Fab02002;60879848000164;LABORATORIO TAY
Fab02003;29599516000186;DRYLOCK TECHNOL
Fab02004;33009945000204;PRODUTOS ROCHE
Fab02005;81196586000103;N MARTINS INDUS
Fab02006;01784792000529;EQUIPLEX INDUST
Fab02007;01310212000138;LABORPLAST COME
Fab02008;11442327000130;RENATA VON STEI
Fab02009;33349473000310;FARMOQUIMICA S
Fab02010;06170316000531;A. G. INDUSTRIA
Fab02011;28531958000128;MAYCON ROBERT N
Fab02012;81618753000167;ELBER INDUSTRIA
Fab02013;95433397000111;COMÉRCIO DE MAT
Fab02014;62515952000103;NS INDUSTRIA DE
Fab02015;11896538000142;SOLUMED DISTRIB
Fab02016;00413538000128;ORTO CENTRAL IN
Fab02017;01140700000144;PROLINK INDUSTR
Fab02018;43512870000152;CPL MEDICAL S P
Fab02019;30820069000122;M2LIFE COMERCIA
Fab02020;50328590000154;UNITEC INDUSTRI
Fab02021;67065110000102;C.D.S. ARTEFATO
Fab02022;78700929000200;DA ILHA COMERCI
Fab02023;01648513000176;PKB PRODUTOS QU
Fab02024;72568587000140;MEDICOR - PRODU
Fab02025;30322475000165;DOCTORMED COMER
Fab02026;01645409000128;AUTO SUTURE DO
Fab02027;14110250000199;VALPLASTIC COME
Fab02028;40175705000164;C.E.I .- COM. E
Fab02029;10241516000181;SUPER SAFETY IM
Fab02030;05161206000117;CLEAN UP BRAZIL
Fab02031;54565478000198;SISPACK MEDICAL
Fab02032;08924875000191;BIOVALIC COMERC
Fab02033;79401303000176;TECENIL TECELAG
Fab02034;02012921000108;MEDGAUZE - INDU
Fab02035;02357251000153;LIFEMED INDUSTR
Fab02036;49228695000152;LUMAR COMÉRCIO
Fab02037;07455576000192;VIDA FORTE NUTR
Fab02038;15068359000178;CAPSUGEL BRASIL
Fab02039;60409075044605;NESTLE BRASIL L
Fab02040;60409075041266;NESTLE BRASIL L
Fab02041;12420164000238;CM HOSPITALAR S
Fab02042;10840020000124;VYGON EQUIPAMEN
Fab02043;04516470000163;TECNOPRINT IMPR
Fab02044;03431790000158;RAQUEL NOGUEIRA
Fab02045;06029006000178;MDA INDUSTRIA E
Fab02046;04654861000144;INDALABOR INDAI
Fab02047;83200105000111;MEDIX DISTRIBUI
Fab02048;06274095000118;AGROMASS BRASIL
Fab02049;61186136000122;VALEANT FARMACE
Fab02050;70306451000137;NEVOA PRODUTOS
Fab02051;58822818000170;HITOPLAST INDUS
Fab02052;59231530000517;KOLPLAST C I S.
Fab02053;01997891000165;INJEFLEX INDUST
Fab02054;01299649000118;CHEMITEC AGRO-V
Fab02055;21551379000106;BECTON DICKINSO
Fab02056;14595915000100;FENIXMED COMERC
Fab02057;04802930000110;ALBONETTE & CAM
Fab02058;02535505000186;ECOPER QUIMICA
Fab02059;63736714000182;DIXTAL BIOMEDIC
Fab02060;19400787000107;QUIBASA QUIMICA
Fab02061;14594331000101;MK LIFE PRODUTO
Fab02062;05111219000181;GERATHERM MEDIC
Fab02063;10695892000146;MED COMPANY - M
Fab02064;05218197000153;TAYLOR FARMACIA
Fab02065;55979736000145;ALLIAGE S/A IND
Fab02066;16970346000152;YLLER BIOMATERI
Fab02067;03819835000166;OXIPORTO COMERC
Fab02068;65311961000162;BIOMASTER EQUIP
Fab02069;01358874001664;PROCTER & GAMBL
Fab02070;03145540000151;ORTHOCREM INDUS
Fab02071;08172563000179;4 R INDUSTRIA E
Fab02072;72563158000180;NUTRIMED INDUST
Fab02073;47507520000159;CONFORTELL INDU
Fab02074;10568345000108;AURANTIS INDUST
Fab02075;72021223000146;MISSOURI INDUST
Fab02076;61082426001289;COSMED INDUSTRI
Fab02077;82277955000740;NOVO NORDISK FA
Fab02078;11157952000130;DELTA MED DISTR
Fab02079;61455192000115;TRB PHARMA INDU
Fab02080;59476770000158;PROCTER & GAMBL
Fab02081;60874187000265;DAIICHI SANKYO
Fab02082;17152616000180;BRASIL MED CARE
Fab02083;43640754000119;FUNDACAO PARA O
Fab02084;58635830000175;FARMARIN INDUST
Fab02085;04338716000154;INDUSTRIA FARMA
Fab02086;10555143000113;GRUNENTHAL DO B
Fab02087;00394452000103;COMANDO DO EXER
Fab02088;00413925000164;COLBRAS INDUSTR
Fab02089;03993167000199;VIDFARMA INDUST
Fab02090;15800545000150;ABBVIE FARMACEU
Fab02091;03706759000263;RADUAN E FRONTE
Fab02092;06372763000140;NUTRICENTER DIS
Fab02093;53393690000152;QUIMESP QUIMICA
Fab02094;11204121000171;HEALTH - MED IN
Fab02095;02462483000171;HOSP SAUDE COME
Fab02096;14190675000155;DENTAL CREMER P
Fab02097;13993669000173;EMBALATUDO INDU
Fab02098;02932074003298;HYPERA S.A.
Fab02099;36452002000169;MASSAR PROTECAO
Fab02100;72899016000199;ESSITY DO BRASI
Fab02101;03216887000148;AMERICA PRODUTO
Fab02102;22967365000122;MELHORMED INDUS
Fab02103;67729178000572;COMERCIAL CIRUR
Fab02104;47394135000142;BIOMED PRODUTOS
Fab02105;54421953000152;ORTOCENTER APAR
Fab02106;18974315000103;DOMAX INDUSTRIA
Fab02107;02521357000140;BRINTEX COMERCI
Fab02108;05439635000456;ANTIBIOTICOS DO
Fab02109;08877271000131;SIMILAR & COMPA
Fab02110;33247743003569;GLAXOSMITHKLINE
Fab02111;01891218000146;MSD BRASIL LTDA
Fab02112;48539084000162;IMBRALAB IND BR
Fab02113;06188236000180;CBEMED - INDUST
Fab02114;11204960000190;ASTROMED INDUST
Fab02115;64711500000386;UCB BIOPHARMA S
Fab02116;01828775000112;VITAL PRODUTOS
Fab02117;29976032000109;VETEC QUIMICA F
Fab02118;31374700000170;SOIN VIE FARMAC
Fab02119;11011753000119;VENTCARE INDUST
Fab02120;88610555000104;INDUSTRIA FARMA
Fab02121;13724320000136;ACON COMERCIO I
Fab02122;06353662000121;V & E INDUSTRIA
Fab02123;79402418000185;ESTILO ARTEFATO
Fab02124;43447044000410;SONY BRASIL LTD
Fab02125;24355680000124;FORTCLEAN COMER
Fab02126;07204369000165;ANA SILVIA ALVE
Fab02127;17892706000108;GLOBAL COMERCIA
Fab02128;87124384000132;QUIMICA CENIT D
Fab02129;03055242000170;GOJO AMERICA LA
Fab02130;05629237000150;PHARMAINOX - IN
Fab02131;15383818000108;LUVIX COMERCIO
Fab02132;04704457000138;PLASTCOR DO BRA
Fab02133;44465029000114;ICEFRESH INDUST
Fab02134;01739415000144;PREVEN INDUSTRI
Fab02135;49425259000173;VIPI INDUSTRIA,
Fab02136;23376715000149;OXIMONT GASES E
Fab02137;02828962000169;MAC ARTIGOS ODO
Fab02138;52393246000174;CALU - INDUSTRI
Fab02139;20180587000175;2i PRODUTOS ODO
Fab02140;66818360000103;DENT-FLEX INDUS
Fab02141;03578434000161;CALUX COMERCIAL
Fab02142;03090848000147;ECEL INDUSTRIA
Fab02143;57893521000132;PERFITECNICA PE
Fab02144;09032626000154;AGFA HEALTHCARE
Fab02145;69342475000162;TECNODENT INDUS
Fab02146;11957593000103;CLEAN MEDICAL C
Fab02147;47567797000177;MIRAGE INDUSTRI
Fab02148;17172874000129;PREMIUM COMERCI
Fab02149;10896647000105;DUOTEC - EMBALA
Fab02150;21561931000139;LABORATÓRIO SAN
Fab02151;48344725000123;ALTHAIA S.A. IN
Fab02152;64711500000114;UCB BIOPHARMA L
Fab02153;73636391000109;NEWPROV PRODUTO
Fab02154;16516296000138;LABTEST DIAGNOS
Fab02155;19349009000130;BD DISTRIBUIDOR
Fab02156;76619113000131;LABORCLIN PROD
Fab02157;33009945002924;PRODUTOS ROCHE
Fab02158;27089709000161;FIRSTLAB INDUST
Fab02159;43887033000108;LABORGLAS IND E
Fab02160;07610601000165;GLOBAL TRADE TE
Fab02161;11198447000133;KACIL INDUSTRIA
Fab02162;60873973000167;NOVARTIS CONSUM
Fab02163;61282661000141;LABORATORIO QUI
Fab02164;33349473000239;FARMOQUIMICA S
Fab02165;17958115000196;SOLQUIMICA INDU
Fab02166;01912177000127;AMERICAN MEDICA
Fab02167;90059171000189;POLI TAPE INDUS
Fab02168;00417825000106;MSO COMERCIO E
Fab02169;47100862000150;LABORATIL FARMA
Fab02170;64760614000154;ABC LAB PRODUTO
Fab02171;08048988000170;DUNE PRODUTOS O
Fab02172;78908266000124;MILI S/A
Fab02173;09117476000181;MANDALA BRASIL
Fab02174;12765223000129;MSO - MEDICINA
Fab02175;05133898000190;MEGA QUIMICA IN
Fab02176;45420726000111;TEXTIL ITAJA LT
Fab02177;11026207000151;SP MARCAS - COM
Fab02178;24110829000105;COMERCIAL E IND
Fab02179;54433057000103;BIOFARMA FARMAC
Fab02180;12113333000106;HEALTH MED COME
Fab02181;22698044000170;WILSON HUMBERTO
Fab02182;02400787000104;A C E INDUSTRIA
Fab02183;36328186000150;MARLEXEXPRESS P
Fab02184;23864942000113;UNIQUE DISTRIBU
Fab02185;59548214000492;FABRICA DE ARTE
Fab02186;68710557000150;SAUDE RAPIDO PR
Fab02187;14633154000206;ECO DIAGNOSTICA
Fab02188;17545961000184;ICARAI DO BRASI
Fab02189;11172836000190;TOP MED IMPORTA
Fab02190;08979861000175;BIOTRON EQUIPAM
Fab02191;00098852000163;F O LIMA GUEDES
Fab02192;02563570000115;MEDI - SAUDE PR
Fab02193;66783630000279;PRO-LIFE EQUIPA
Fab02194;06217117000108;ART MEDICAL PRO
Fab02195;21579468000152;TEKMARKET INDUS
Fab02196;47388533000156;METALURGICA FAV
Fab02197;10467576000117;PRIME CIRURGICA
Fab02198;24682887000103;AQUASONUS COMER
Fab02199;00025310000160;FARMAQUI INDUST
Fab02200;08441496000140;RWR INDUSTRIA E
Fab02201;04342595000203;FARMATER MEDICA
Fab02202;03415835000109;FORTSAN DO BRAS
Fab02203;14801315000223;SR ORTOCENTER L
Fab02204;12082502000198;PRIME MATERIAL
Fab02205;04635188000103;ZERMATT INDUSTR
Fab02206;00332257000140;E. DE GODOY BRA
Fab02207;47321187000199;FRASCOLEX INDUS
Fab02208;61150819000120;LABORATORIO AME
Fab02209;28123417000160;PARTNER FARMA D
Fab02210;04998667000186;EQUIPAR GASTRO
Fab02211;14197433000193;SAFE MEDICAL-PR
Fab02212;08106200000135;WILLTEK TECNOLO
Fab02213;11206099000441;SUPERMED COMERC
Fab02214;73097545000131;L H INDUSTRIA T
Fab02215;07826504000104;INOVEN COMERCIO
Fab02216;05761666000186;SANAFARMA IND.
Fab02217;55864086000192;AMP PRODUTOS TE
Fab02218;03760925000129;FORMULLAR SANTA
Fab02219;15652520000156;NATUBRAS INDUST
Fab02220;66581935000117;MONTSERRAT COME
Fab02221;44734671000155;CRISTÁLIA PRODU
Fab02222;44734671000402;CRISTALIA PRODU
Fab02223;47636014000160;FUJIFILM NDT SI
Fab02224;03620716000180;CMOS DRAKE DO N
Fab02225;61461034000178;CARCI IND COM A
Fab02226;09256871000226;DIVCOM PHARMA P
Fab02227;33036815000180;QUIMICA HALLER
Fab02228;02455073000101;CLARIS PRODUTOS
Fab02229;09458251000199;LUPLAST INDUSTR
Fab02230;25288745000129;NEW MEDIC COMER
Fab02231;59403410000126;INTERJET COMERC
Fab02232;02582267000160;NAYR INDUSTRIA,
Fab02233;13708382000154;PLASTICOS SANTA
Fab02234;00763406000126;GERIATEX INDÚST
Fab02235;55983274000130;OLIDEF CZ IND E
Fab02236;50208271000105;DORJA INDUSTRIA
Fab02237;04707391000130;J E S FONSECA C
Fab02238;03129105000133;TERUMO MEDICAL
Fab02239;03317467000158;LABOR LINE INDU
Fab02240;72183387000170;LUPLAST IND E C
Fab02241;53144929000150;XENONIO INDUSTR
Fab02242;02317318000126;CRIARTFARMA FAR
Fab02243;65861056000186;HICSOS LEFORT I
Fab02244;16705291000153;PHITO FORMULAS
Fab02245;05922811000163;MAGNA MEDICA CO
Fab02246;07125645000108;EUROFRAL INDUST
Fab02247;23720752000122;JARDIM DISTRIBU
Fab02248;11042902000107;INSMART COMERCI
Fab02249;64345010000141;VISIONTECH MEDI
Fab02250;02946060000127;PROLINE INDUSTR
Fab02251;23291398000168;HORSE MOVEIS HO
Fab02252;10812219000149;PRODUTOS HOSPIT
Fab02253;69163970000104;EYETEC EQUIPAME
Fab02254;10619983000100;GODOY & BAPTIST
Fab02255;91408732000170;INBRAMED-INDUST
Fab02256;06923493000118;MEDFIO INDUSTRI
Fab02257;37260261000150;MEDICAL SYSTEM
Fab02258;01152141000192;TERMOGEL INDUST
Fab02259;06053353000136;SANTA BRANCA DI
Fab02260;01772798000233;MEDTRONIC COMER
Fab02261;16847018000163;THN NUTRICAO E
Fab02262;07591326000180;MOKSHA8 BRASIL
Fab02263;25066271000170;ALGSUN INDUSTRI
Fab02264;43062587000176;INDUSTRIA DE JE
Fab02265;27011022000103;BL INDÚSTRIA ÓT
Fab02266;00317372000146;GALDERMA BRASIL
Fab02267;14829598000130;HERBAMED LABORA
Fab02268;10742412000401;BRACCO IMAGING
Fab02269;17010735000107;DERMATOFLORA LT
Fab02270;95799201000107;ADLIN PLASTICOS
Fab02271;12828039000180;PREMIER COMERCI
Fab02272;12630261000174;TROL PHARMA MED
Fab02273;46054219000174;SOLFARMA COMERC
Fab02274;14336329000132;SOL-MILLENNIUM
Fab02275;26401571000121;TRES PHARMA DIS
Fab02276;05142442000196;SOL PRO+MED COM
Fab02277;22010816000309;ACTIVE INDUSTRI
Fab02278;07907297000112;ACE MEDICAMENTO
Fab02279;00592933000115;ZEDAMED LTDA
Fab02280;00000000006401;ABBOTT LABORATO
Fab02281;01999037000138;LUPLATEX INDUST
Fab02282;09542984000107;SOROCAPS INDUST
Fab02283;26476191000156;HIROMED PRODUTO
Fab02284;35601772000163;GALDI HOSPITALA
Fab02285;21581445000182;ALTAMED DISTRIB
Fab02286;04712572000154;BALM LABOR INDU
Fab02287;46385514000103;ROYTON QUIMICA
Fab02288;03108098000193;BLISFARMA INDUS
Fab02289;09454377000195;SHINBRO INTERNA
Fab02290;26043097000103;FATO IMPORTADOR
Fab02291;64687015000152;IPANEMA INDUSTR
Fab02292;07946202000170;PHARMATEX COMER
Fab02293;06276904000120;AD INSTRUMENTOS
Fab02294;84551191000170;SILVA & SILVA P
Fab02295;26898124000120;FARMANORTE COME
Fab02296;05452889000161;CELLTRION HEALT
Fab02297;10729492000104;QUIMICENTER PRO
Fab02298;59748988000114;JOHNSON & JOHNS
Fab02299;30280358000186;ROCHE DIAGNOSTI
Fab02300;13656820000188;SMITH & NEPHEW
Fab02301;12047164000153;GLOBAL HOSPITAL
Fab02302;01793020000120;HOSPTECH COMERC
Fab02303;13640053000119;HALMA SAUDE E O
Fab02304;00322352000163;DPCBRASIL INDUS
Fab02305;11495858000190;ALG BRASIL COME
Fab02306;60397874000156;FUJIFILM DO BRA
Fab02307;12047164000315;GLOBAL HOSPITAL
Fab02308;68072172000104;I.O.L. IMPLANTE
Fab02309;10645510000170;DISTRIBUIDORA D
Fab02310;03662365000170;PLASTICOS ITAQU
Fab02311;07682567000134;TEXCARE INDUSTR
Fab02312;05123544000164;IMBRALAB QUIMIC
Fab02313;05678146000104;HAOXI EQUIPAMEN
Fab02314;00984436000162;BELL TYPE INDUS
Fab02315;12936659000133;KEVENOLL DO BRA
Fab02316;96167887000186;PRATA HOSPITALA
Fab02317;05118766000199;FISIOMEDICA PRO
Fab02318;35785276000107;LUCIANO SERGIO
Fab02319;57680605000198;JON INDUSTRIA E
Fab02320;38056822000167;MX3 MEDICAL COM
Fab02321;07459952000117;MELHOR BRILHO C
Fab02322;38907770000195;PRISMA INSTRUME
Fab02323;23668196000192;MR PHARMA S.A
Fab02324;49324221000457;FRESENIUS KABI
Fab02325;25463374000174;MEDEFE PRODUTOS
Fab02326;49324221002077;FRESENIUS KABI
Fab02327;00028682000140;PROMEDON DO BRA
Fab02328;60409075010034;NESTLE BRASIL L
Fab02329;08633431000105;GABISA MEDICAL
Fab02330;56646953000186;LABORATORIO VIT
Fab02331;01140868000150;CIRURGICA OLIMP
Fab02332;69363174000115;NUTERAL INDUSTR
Fab02333;23228076000174;CMH - CENTRAL D
Fab02334;25072559000158;MATHEUS HENRIQU
Fab02335;17406286000102;MAIS SAUDE MATE
Fab02336;24586988000180;CIRURGICA NOSSA
Fab02337;02223342000104;STARMED ARTIGOS
Fab02338;65802894000189;BIO MN INDUSTRI
Fab02339;75004192000103;QUIBRAS QUIMICA
Fab02340;60409075002953;NESTLE BRASIL L
Fab02341;05421585000137;WINNER INDUSTRI
Fab02342;00129149000256;MIYUKI INDUSTRI
Fab02343;08183359000153;PRODIET NUTRICA
Fab02344;08442245000261;PROTDESC DO BRA
Fab02345;07506786000162;PORTELA & LIMA
Fab02346;04716276000121;RMC - INDUSTRIA
Fab02347;68132950000103;GENZYME DO BRAS
Fab02348;36758579000101;HIGIAL INDUSTRI
Fab02349;59557124000115;RECKITT BENCKIS
Fab02350;46179008000320;BRASTERAPICA IN
Fab02351;38909503000157;OPEM REPRESENTA
Fab02352;02896807000180;LENZ CORPORATIO
Fab02353;35820448005448;WHITE MARTINS G
Fab02354;35820448012657;WHITE MARTINS G
Fab02355;05328961000143;INSETIMAX INDUS
Fab02356;00647935000164;MASTER DIAGNOST
Fab02357;03974404000174;ORTOBIO - INDUS
Fab02358;23420241000195;ANTONIO JACINTO
Fab02359;56994502001705;NOVARTIS BIOCIE
Fab02360;01517587000173;FILTRAX INDUSTR
Fab02361;16100973000132;NUTIVIT SUPLEME
Fab02362;53452157000114;COLLECT IMPORTA
Fab02363;00938703000165;HOLLISTER DO BR
Fab02364;17039142000165;OLIMEDIC INDUST
Fab02365;07603991000146;SOFT CARE PRODU
Fab02366;10733776000174;LUYMARX COMERCI
Fab02367;45985371006220;3M DO BRASIL LT
Fab02368;35820448000721;WHITE MARTINS G
Fab02369;03989600000112;ALLA BRASIL LTD
Fab02370;10948986000180;TOPMEDICAL COME
Fab02371;04967408000198;EMERGO BRAZIL I
Fab02372;82914334000135;DAHUER LABORATO
Fab02373;11193841000189;CARDOSO E HILLO
Fab02374;33325917000115;LONDON QUALITY
Fab02375;08417805000147;UTILE PARTICIPA
Fab02376;00325031000112;KOTA IMPORTS LT
Fab02377;44734671000152;CRISTÁLIA PRODU
Fab02378;08646787000175;MAXINUTRI LABOR
Fab02379;56323280000123;TRINKS - INDUST
Fab02380;10286826000112;TAYCO EQUIPAMEN
Fab02381;25031668000127;SAMEH - SOLUCOE
Fab02382;81022832000100;ODONTO PROTESE
Fab02383;17256512000116;DROGARIA ARAUJO
Fab02384;06173145000170;DIAMANTEC PRODU
Fab02385;03775002000140;DENTBRAS INDUST
Fab02386;11731549000172;COLTENE DO BRAS
Fab02387;01744885000104;ECLIPSE TRANSPO
Fab02388;04008318000170;ESSENCE DENTAL
Fab02389;41851336000145;AMEDICA DESCART
Fab02390;32826204000172;*BLOCK* NOVAFAR
Fab02391;50371889000191;PRECISION CENTR
Fab02392;02060549000105;F.B.M. INDUSTRI
Fab02393;07897039000100;DENTEMED EQUIPA
Fab02394;03519603000192;AVANOS MEDICAL
Fab02395;10906080000283;ALVES DE SOUSA
Fab02396;04491780000171;GERAIS, COMÉRCI
Fab02397;25101992000174;UGHC BRASIL IMP
Fab02398;05944604000100;EDWARDS LIFESCI
Fab02399;14829987000166;OLTRAMED COMERC
Fab02400;00814559000155;SURYA DENTAL CO
Fab02401;27029083000106;ODONTOMASTER CO
Fab02402;49351786000423;BAXTER HOSPITAL
Fab02403;17696874000128;PLUMAX - COMERC
Fab02404;25186120000156;ONTEX BRASIL HO
Fab02405;27376632000100;EXATA DISTRIBUI
Fab02406;59717553000102;MULTILASER INDU
Fab02407;08863966000164;ORTOSANI PRODUT
Fab02408;18273113000126;PIANNA & BERNAB
Fab02409;58426628000133;SAMTRONIC INDUS
Fab02410;06194440000103;ODONTOMEDI - PR
Fab02411;33660094000184;J.N.S. TEXTIL L
Fab02412;04748181000190;LABORATORIOS BA
Fab02413;03449625000123;MAXCLEAN COMERC
Fab02414;11014549000151;BIOFLORENCE IMP
Fab02415;09007247000295;FIBRA CIRURGICA
Fab02416;05971158000122;INDUSTRIA E COM
Fab02417;00000000006312;MERCK SHARP & D
Fab02418;48044358000142;ALAMAR TECNO CI
Fab02419;00331788000119;AIR LIQUIDE BRA
Fab02420;00331788004610;AIR LIQUIDE BRA
Fab02421;22582799000104;MARCELO VIANA D
Fab02422;03968926000163;MASIF ARTIGOS M
Fab02423;72819980000160;M. SO MATERIAL
Fab02424;19933144000129;QR CONSULTING,
Fab02425;00787540000167;VERBENNA FARMAC
Fab02426;07718721000180;BEAUFOUR IPSEN
Fab02427;33009945002339;PRODUTOS ROCHE
Fab02428;08745092000140;BECARI COMERCIA
Fab02429;69950913000175;MED FARMACE DIS
Fab02430;80452022000121;DAUFENBACH & DA
Fab02431;65882631000127;SUTURBRAS INDUS
Fab02432;04212778000115;TEKPLAST INDUST
Fab02433;12472927000103;QUALYBLESS DO B
Fab02434;04821942000191;POLIFER - INDUS
Fab02435;44211936000803;AVERT LABORATOR
Fab02436;14311664000186;SELETA INDUSTRI
Fab02437;01985366000120;INDUMED COMERCI
Fab02438;03851135000159;KENNEN INDUSTRI
Fab02439;04066040000197;OPTIMUM COMERCI
Fab02440;08049419000220;METALMS INDUSTR
Fab02441;97127559000119;MK PRODUTOS PAR
Fab02442;07230036000100;METALLUM COMERC
Fab02443;00008354000182;BIOSENSOR INDUS
Fab02444;01081026000174;COMPOJET BIOMED
Fab02445;15346274000104;HOSPLAB PRODUTO
Fab02446;01255555000147;ALIANDI TEXTIL
Fab02447;15432170000112;ALL CLEAR COMER
Fab02448;54102488000197;CIRCUIT EQUIPAM
Fab02449;05454389000169;RUSSER BRASIL L
Fab02450;58216797000149;KINNER DO BRASI
Fab02451;01999166000126;INNOVA S/A
Fab02452;33109356000460;CASA GRANADO LA
Fab02453;33425331000122;VIGODENT S/A IN
Fab02454;64711500000203;UCB BIOPHARMA L
Fab02455;00947389000187;FLEXOR INDUSTRI
Fab02456;60663705000110;CRISTAL TEXTIL
Fab02457;55163042000135;SEMINA INDUSTRI
Fab02458;27710825000156;MINAS MED BRASI
Fab02459;04842199000156;KOVALENT DO BRA
Fab02460;00382468000198;COLGATE-PALMOLI
Fab02461;30096901000190;TOSETTI LTDA
Fab02462;54741095000123;CIRUVET INDUSTR
Fab02463;08053383000178;CAITHEC INDUSTR
Fab02464;67566877000115;D.C.M.A. PRODUT
Fab02465;04267668000150;DINAMO EXPRESS
Fab02466;07986222000174;BIOGEN IDEC BRA
Fab02467;52270527000130;AMERICAN ALLOYS
Fab02468;08639512000104;EURODONTO IMPOR
Fab02469;68952019000171;TEXCAR INDUSTRI
Fab02470;22976138000163;SAMED IMP COM E
Fab02471;06067924000191;EUROCEL COMERCI
Fab02472;56994502000644;NOVARTIS BIOCIE
Fab02473;19006720000192;KASMED IMPORTAC
Fab02474;02552927000160;OCTAPHARMA BRAS
Fab02475;09284952000159;KEDRION BRASIL
Fab02476;17631154000184;ORION FARMACEUT
Fab02477;02816696000154;PONTAMED FARMAC
Fab02478;17318477000112;FORTCLEAN DESCA
Fab02479;02370649000120;BRASUTURE INDUS
Fab02480;06954360000109;MASTER COMERCIA
Fab02481;01417367000178;ARKTUS INDUSTRI
Fab02482;07944100000115;PROC9 INDUSTRIA
Fab02483;05882795000122;MEGAFRAL INDUST
Fab02484;04167746000145;BELLPLUS INDUST
Fab02485;61489381000109;KTK INDUSTRIA,
Fab02486;02949582000182;MEDICALWAY EQUI
Fab02487;30667695000120;HARTMANN IND. C
Fab02488;20599845000152;MARIO MEDICAL C
Fab02489;30766874000115;CIRURGICA PARAN
Fab02490;05782733000300;CIAMED - DISTRI
Fab02491;24191943000107;GLOBALMED COMÉR
Fab02492;04307650001530;ONCO PROD DISTR
Fab02493;60409075000152;NESTLE BRASIL L
Fab02494;78589504000186;INDREL INDUSTRI
Fab02495;11308834000185;VIDA BIOTECNOLO
Fab02496;10461807000185;PHARMEDICE MANI
Fab02497;28753796000172;ISOFAR INDÚSTRI
Fab02498;33040635000171;BIOMERIEUX BRAS
Fab02499;19946347000150;SIGMA COMERCIAL
Fab02500;07438908000120;ALPHACARBO INDU
Fab02501;00000000000032;PHARMOS S.A.
Fab02502;26581761000178;HIGIBEST COMERC
Fab02503;02193012000105;VENOSAN BRASIL
Fab02504;61747986000152;BARASCH SYLMAR
Fab02505;53359824000119;BLANVER FARMOQU
Fab02506;84684620000187;LABORATORIO CAT
Fab02507;33026055000120;MEGALABS FARMAC
Fab02508;05234897000131;NATEK - NATUREZ
Fab02509;20480457000158;MAXI CONFORT IM
Fab02510;17625281000170;CELGENE BRASIL
Fab02511;00165933000139;DESCARTEX CONFE
Fab02512;06207502000174;EURO MED INDUST
Fab02513;58295213002111;PHILIPS MEDICAL
Fab02514;10351637000186;MEAD JOHNSON DO
Fab02515;15772566000109;L.D. FARMACEUTI
Fab02516;11462456000190;DIAGNOSTICA IND
Fab02517;44463156000184;SERVIMED COMERC
Fab02518;07865568000114;LUSMED COMERCIO
Fab02519;04246660000108;TAUENS FARMACEU
Fab02520;10967865000185;FISIOVITAL COME
Fab02521;44734671000154;CRISTÁLIA PRODU
Fab02522;92832195000154;SALBEGO LABORAT
Fab02523;19426695000104;ANOVIS INDUSTRI
Fab02524;33112665000499;DFL INDUSTRIA E
Fab02525;00075112000101;REYMER DO BRASI
Fab02526;02426574000151;STERMAX INDUSTR
Fab02527;54516661000101;JOHNSON E JOHNS
Fab02528;03886705000146;INDUSTRIAS RAYM
Fab02529;12424020000179;NOVAMED FABRICA
Fab02530;29791821000175;MAGNA INDUSTRIA
Fab02531;09593438000103;BIO ADVANCE DIA
Fab02532;14511644000159;D C N UNIFORMES
Fab02533;13138732000194;GOLFRAN GESTAO
Fab02534;05914226000111;VALEPLAST INDUS
Fab02535;61148037000156;ORTOPRATIKA IND
Fab02536;07108922000166;ECOFITUS LABORA
Fab02537;13109151000124;UNO HEALTHCARE
Fab02538;24380578002475;WHITE MARTINS G
Fab02539;05263709000101;ROBISA INDUST.
Fab02540;19671783000163;R. BAIAO INDUST
Fab02541;11666105000109;DELLAMED COMERC
Fab02542;07453785000105;PHARMEDIC PHARM
Fab02543;51285641001304;EMBRAMAC - EMPR
Fab02544;61117263000170;VENKURI INDUSTR
Fab02545;27156872000108;VILLE COMERCIO
Fab02546;03869526000281;J.R.D. INDUSTRI
Fab02547;82297680000111;STERICONTROL LT
Fab02548;44769321000120;TAPMATIC DO BRA
Fab02549;44058162000156;PROTHEMO PRODUT
Fab02550;05062455000155;ALPHARAD COMÉRC
Fab02551;13008903000160;MILLENIUM COMER
Fab02552;09224765000180;LIFE MED PRODUT
Fab02553;16754226000118;HYGIELINE INDUS
Fab02554;44734671000157;CRISTÁLIA PRODU
Fab02555;38184168000177;VALENMED INDUST
Fab02556;05194502000467;ALFALAGOS LTDA.
Fab02557;14202920000105;PROTMED INDUSTR
Fab02558;74360116000178;BEST FABRIL IND
Fab02559;25398752000183;DJ COMERCIO E S
Fab02560;13156592000187;ANIS INDUSTRIA
Fab02561;30048726000165;BELA MAGAZINE C
Fab02562;04352265000100;ALIVE HEART COM
Fab02563;61595732000166;INVESTMAR DE IN
Fab02564;00562583000144;RENYLAB - QUIMI
Fab02565;57263337000109;IFAB INDUSTRIA
Fab02566;05782733000149;CIAMED DISTRIBU
Fab02567;11173392000107;TECNOMED COMERC
Fab02568;04084834000183;NATUFLORES INDU
Fab02569;00895119000170;SANFARMA COMERC
Fab02570;35067853000125;TECHPHARMA HOSP
Fab02571;28547190000180;GRAZIELA VELANI
Fab02572;02120411000146;HIGIE-TOPP INDU
Fab02573;10317959000109;ROYAL PACK EMBA
Fab02574;08753814000109;SOFT SURGICAL S
Fab02575;22685341000695;LIMA & PERGHER
Fab02576;28843702000156;CONECTAMED - CO
Fab02577;47882618000196;PLASCONY INDUST
Fab02578;05870716000244;NATURELIFE INDU
Fab02579;21555008000194;S A FABRICA DE
Fab02580;79402418000266;ESTILO ARTEFATO
Fab02581;05210556000126;DBS INDUSTRIA E
Fab02582;06107711000146;MAXDESCARTE IND
Fab02583;07876719000130;J. JORGE INDUST
Fab02584;04718143000194;VR MEDICAL IMPO
Fab02585;15287545000106;CETRO SOLUCOES
Fab02586;04198372000125;RENASCER IND. E
Fab02587;43843358000946;AIR PRODUCTS BR
Fab02588;11134261000110;CIMTECH INDUSTR
Fab02589;06316353000181;DIMAVE EQUIPAME
Fab02590;46686119000160;MARCOS RIBEIRO
Fab02591;63643571000164;TANARIMAN INDUS
Fab02592;06981319000121;AMERICAN INSTRU
Fab02593;09236133000136;CASAGRANDE & MI
Fab02594;61817664000132;NEWMED IMPORTAD
Fab02595;73010811000147;MED STEEL PRODU
Fab02596;66130642000113;ALL-TECH INDUST
Fab02597;12729472000169;TATIANA REGINA
Fab02598;08002360000134;BIOMARIN BRASIL
Fab02599;00000000000000;LABORATORIOS RI
Fab02600;17462476000147;NOBILE MEDICAL
Fab02601;02629588000172;FIRST MEDICAL S
Fab02602;29992682000148;ECOMED COMERCIO
Fab02603;92762277000170;VIDORA FARMACEU
Fab02604;22332686000150;VLM PRODUTOS DE
Fab02605;13236116000176;MEDK INDUSTRIA,
Fab02606;96260369000102;CELSO LOPES MAR
Fab02607;56014475000191;DELTRONIX EQUIP
Fab02608;66437831000133;HTS-TECNOLOGIA
Fab02609;22315538000128;MLA SUPRIMENTOS
Fab02610;28215470000191;GOLDMED IMPORTA
Fab02611;14459413000143;MW DISTRIBUIDOR
Fab02612;56216781000100;PRODUTOS ORTOPE
Fab02613;06256377000192;WORLD FIX INDUS
Fab02614;33051491000159;LABORATORIOS PI
Fab02615;01233103000164;MAPPEL INDUSTRI
Fab02616;01061762000160;DELFINI INDUSTR
Fab02617;03618805000191;CIPEL DE PADUA
Fab02618;67734053000298;B.R.A. INDUSTRI
Fab02619;08179551000176;CELLPUS INDUSTR
Fab02620;62618483000140;INBORPLAS ARTEF
Fab02621;05928853000101;CIBRAGEL INDUST
Fab02622;10424098000249;INDUSTRIA DE CO
Fab02623;33109356000117;CASA GRANADO LA
Fab02624;61391769000172;ARISTON INDÚSTR
Fab02625;00217622000176;LATINA ELETRODO
Fab02626;22910512000128;SUTUMED INDUSTR
Fab02627;09441460000120;PADRAO DIST PRO
Fab02628;11405384000149;ALFA MED SISTEM
Fab02629;23643895000188;SUPERARMED EQUI
Fab02630;08868097000160;BELAPAN INDUSTR
Fab02631;38510020000185;FARMACIA BS LTD
Fab02632;16647278000195;PARAMED DISTRIB
Fab02633;01298443000173;MAGNAMED TECNOL
Fab02634;09029404000182;COPERMED COMERC
Fab02635;10734126000224;PRODUTOS QUIMIC
Fab02636;03135603000199;WELCH ALLYN DO
Fab02637;58511270000147;SONICLEAR INDUS
Fab02638;02238049000102;LUGI PLAST INDU
Fab02639;05652247000106;LUMIAR HEALTH B
Fab02640;04846613000103;CELER BIOTECNOL
Fab02641;02567922000100;SUPLAN- LABORAT
Fab02642;18964366000146;RONDOLAB COMERC
Fab02643;41654740000129;QUIMIFORT COMER
Fab02644;03394608000136;JOAO BATISTA MA
Fab02645;43566371000148;BADEIA COMÉRCIO
Fab02646;26003887000165;DESCARTATA CONF
Fab02647;03586651000101;DESCARTAVEIS NO
Fab02648;05127739000182;CHS - INDUSTRIA
Fab02649;07009769000209;WANA INDUSTRIA
Fab02650;48767628000143;RICHARDS DO BRA
Fab02651;19444651000107;K.S. ARTIGOS ES
Fab02652;11781768000166;CORAX INDUSTRIA
Fab02653;92315399000118;BIOTEC-EQUIPAME
Fab02654;01706665000188;MEDPLUS COMERCI
Fab02655;90909631000110;INSTRAMED INDUS
Fab02656;00671994000178;GIROGAZ COMERCI
Fab02657;11388997000115;STRA COMERCIO D
Fab02658;03530984000291;CABORONGA COMER
Fab02659;55956510000129;LIO SERUM PRODU
Fab02660;03936626000100;EDIVAN BORGES D
Fab02661;35820448000136;WHITE MARTINS G
Fab02662;22499940000100;A G ROSSATO - D
Fab02663;10708841000101;FRANTINS INDUST
Fab02664;05753434000186;ADRIANA PAULA T
Fab02665;01786983000104;BEIERSDORF INDU
Fab02666;02916028000107;FRADEL-MED INDU
Fab02667;18581292000169;E M ORTEGA EQUI
Fab02668;10788872000209;FORTUNE SERVICO
Fab02669;07699581000140;POLLITEX EMBALA
Fab02670;11244404000147;LUDAN INDUSTRIA
Fab02671;28634665000176;HEARST LABORATO
Fab02672;00317372000499;GALDERMA BRASIL
Fab02673;08053383000259;CAITHEC INDUSTR
Fab02674;92670801000182;GEYER MEDICAMEN
Fab02675;19136432000152;EXELTIS LABORAT
Fab02676;01202521000194;PLASTIC WAY PRO
Fab02677;48580492000168;HAL INDUSTRIA E
Fab02678;17018170000104;SELAPLAST INDUS
Fab02679;03627008000170;CLINMED - INDUS
Fab02680;42893222000120;DISTRIBUIDORA D
Fab02681;61409843000130;MARCATTO FORTIN
Fab02682;06787369000172;VITALMAX MEDICI
Fab02683;36427615000146;CARBOGRAFITE EQ
Fab02684;21831246000185;TECH-SUL MEDICA
Fab02685;09174668000120;VITTAFLEX INDUS
Fab02686;11830264000199;PROLIFE PRODUTO
Fab02687;10631897000105;BALME EMPREENDI
Fab02688;07912362000106;TECNOVENT COMER
Fab02689;21324430000139;CERQUEIRA COMER
Fab02690;31123929000131;RHAUNYR NAPOLEA
Fab02691;09058456000187;MINDRAY DO BRAS
Fab02692;28345933000130;BRAMED COMERCIO
Fab02693;24922642000106;ECO VIDA COMERC
Fab02694;04948894000105;GPACK ECO EMBAL
Fab02695;26145871000197;OPEN MEDICAL CO
Fab02696;02683865000397;VOLK DO BRASIL
Fab02697;00969061000161;CARBOGEL INDUST
Fab02698;40197840000100;BRASIL SUL INDÚ
Fab02699;14727893000186;MOBIL SAUDE COM
Fab02700;20451726000239;SALUTEM COMERCI
Fab02701;62413869000115;GIGANTE RECEM N
Fab02702;07427470000185;ENDOBRAX COMERC
Fab02703;26052170000103;HR HOSPITALAR E
Fab02704;05150878000127;HEALTH QUALITY
Fab02705;06170316000108;A. G. INDUSTRIA
Fab02706;14754762000198;SORRISO DENTAL
Fab02707;02175931000156;ORLANDO ANTONIO
Fab02708;14421027000162;DINAMICA MEDICA
Fab02709;60412327000100;ALCON LABORATÓR
Fab02710;34680592000151;BRASIL DEVICES
Fab02711;03618435000192;BRASILL INFORMA
Fab02712;16717334000110;B MELO PRODUTOS
Fab02713;12420164000157;CM HOSPITALAR L
Fab02714;90607656000160;IODONTEC INDUST
Fab02715;04310364000129;EMBRAST INDUSTR
Fab02716;25137947000170;AGUAMED IMPORTA
Fab02717;11252642001095;TROMBINI EMBALA
Fab02718;72905839000180;A.DE OLIVEIRA F
Fab02719;13686584000142;TELEFLEX MEDICA
Fab02720;08651657000120;ALL SOLUTIONS M
Fab02721;27672908000106;WIENSKOSKI & FA
Fab02722;73318693000139;V P - MEDICAMEN
Fab02723;06979733000104;UZEMAX QUIMICA
Fab02724;13120044000105;WANDERLEY & REG
Fab02725;06910560000160;NEWDESC CONFECC
Fab02726;00424413000101;DESKARPLAS INDU
Fab02727;12478212000168;INDUSTRIA MASTE
Fab02728;01541283000303;INDUSTRIA QUIMI
Fab02729;58188194000180;GN INJECTA INDU
Fab02730;48708010000102;KULZER SOUTH AM
Fab02731;02228938000199;D-X INDUSTRIA,
Fab02732;66525379000161;KONDENTECH INDU
Fab02733;01332005000184;DENTSCLER INDUS
Fab02734;37055977000116;BRASVAL COMERCI
Fab02735;00980360000288;AGFA GEAVERT DO
Fab02736;24443644000112;MACHADO & MACHA
Fab02737;13038110000194;INDUFLEX INDUST
Fab02738;12340717000161;POINT SUTURE DO
Fab02739;40764896000108;PROLIMP PRODUTO
Fab02740;23864965000128;GAMMA CRUCIS CO
Fab02741;31709675000138;DIGIFLEX GRAFIC
Fab02742;17099395000124;MAX PRODUTOS HO
Fab02743;06263809000192;ORIGINAL AQUAPL
Fab02744;37876642000169;LF INDUSTRIA E
Fab02745;24994990000199;FOXMED MEDICAME
Fab02746;08474646000112;FORTECARE INDUS
Fab02747;33524950000174;LABORATORIO BRA
Fab02748;05756359000107;SANDERS DO BRAS
Fab02749;92037480000183;FARMAMED PRODUT
Fab02750;55126981000100;GFE DO BRASIL L
Fab02751;01801514000109;ACONOX METALURG
Fab02752;49351786000261;BAXTER HOSPITAL
Fab02753;02799882000122;LOTUS INDUSTRIA
Fab02754;06098484000130;CELESTE DISTRIB
Fab02755;67444422000127;ADDISON INDUSTR
Fab02756;60397528000178;DUARTE AMARAL C
Fab02757;04727762000145;CRISTIANE DE OL
Fab02758;53359824000461;BLANVER FARMOQU
Fab02759;08778201000126;DROGAFONTE LTDA
Fab02760;25407581000101;NANOSENS LTDA
Fab02761;17724560000191;LIANE YUKI KOYA
Fab02762;04067132000191;FAREX DO BRASIL
Fab02763;72979305000106;ALERGOSHOP PROD
Fab02764;13506564000142;C.KOVACS INDUST
Fab02765;61186938000132;KODAK BRASILEIR
Fab02766;09420515000115;MB3 SERVICOS AD
Fab02767;07130168000160;LEANDRO KLEBER
Fab02768;48203210000103;KONEX INDUSTRIA
Fab02769;02290277001950;KIMBERLY -CLARK
Fab02770;92928951000143;LABORATORIO IND
Fab02771;41847658000110;TECELAGEM MINAS
Fab02772;01339015000141;PLASTPEROLA IND
Fab02773;61485900000160;SG TECNOLOGIA C
Fab02774;29084765000139;LAM BRASIL EQUI
Fab02775;28227946000104;FERREIRA COMERC
Fab02776;62373923000146;SILPACHEM INDUS
Fab02777;33255787000191;IBF INDUSTRIA B
Fab02778;60397874000407;FUJIFILM DO BRA
Fab02779;49351786001071;BAXTER HOSPITAL
Fab02780;48791685000168;C.B.S. MEDICO C
Fab02781;05198469000109;TECNOCRYO GASES
Fab02782;65441255000135;DENTAL MORELLI
Fab02783;23643315014293;DANONE LTDA
Fab02784;28862209000183;POLIBOR LTDA
Fab02785;07127606000131;ELISMED COMERCI
Fab02786;66835281000100;BALMAK INDUSTRI
Fab02787;26570361000167;PORTAL DISTRIBU
Fab02788;26325797000190;EREMIX INDUSTRI
Fab02789;26965679000147;GG INDUSTRIA DE
Fab02790;01107391000100;SUPPORT PRODUTO
Fab02791;32282308000163;J DE BRITO - DI
Fab02792;90821554000142;NEOGEN DO BRASI
Fab02793;07394427000160;VEROPAPEIS FABR
Fab02794;01827550000141;GIRASSOL FARMAC
Fab02795;23191397000141;MED LIFE INDUST
Fab02796;23866426000128;HOSPBOX DISTRIB
Fab02797;50358522000138;INDUSTRIA NACIO
Fab02798;00072182000106;ROSSI PRODUTOS
Fab02799;23605544000182;ESSENZA INDUSTR
Fab02800;00406859000103;AGAPLASTIC INDU
Fab02801;28993612000141;BIOTEK COMERCIO
Fab02802;23478737000110;INALAMED HOSPIT
Fab02803;38756680000140;DKT DO BRASIL P
Fab02804;61541132000115;NEOLATINA COMER
Fab02805;02543673000113;3R - INDUSTRIA
Fab02806;73279044000176;ORTUS IND. E CO
Fab02807;16987597000140;ALLOXY ESPECIAL
Fab02808;33026055000553;MEGALABS FARMAC
Fab02809;58295213001816;PHILIPS MEDICAL
Fab02810;03022656000101;PROFILATICA PRO
Fab02811;30082076000174;ABSOLUTA SAUDE
Fab02812;44156008000117;LORD INDUSTRIA
Fab02813;33089180000260;PRLV INDUSTRIA
Fab02814;23643315014455;DANONE LTDA
Fab02815;07847837000110;CIENTIFICA MEDI
Fab02816;11480841000160;PASSE VIP - SIS
Fab02817;13036559000113;AKRON PHARMA S/
Fab02818;03860740000196;LARISMED - INDU
Fab02819;07293455000191;BCI - BALPEX CO
Fab02820;32137424000199;ALKO DO BRASIL
Fab02821;30064034000100;INSTITUTO VITAL
Fab02822;01226416000195;NUTRIMED SERV.M
Fab02823;02761298000188;WEB WELLHEAD EQ
Fab02824;03361364000195;ORGANON - TECNO
Fab02825;01395137000155;RACHEL DE SA BA
Fab02826;25210463000109;PTC FARMACEUTIC
Fab02827;09357414000147;SDORF SCIENTIFI
Fab02828;19844928000180;ERIMED INDUSTRI
Fab02829;34638788000188;ANTONIO CARLOS
Fab02830;27401513000160;DEVANT CARE COM
Fab02831;05545381000108;AKSO PRODUTOS E
Fab02832;03471879000148;CIPAMED EMBALAG
Fab02833;75331801000139;DISTRIBUIDORA J
Fab02834;09058502000148;FARMA VISION IM
Fab02835;30518247000165;EXCELMED DISTRI
Fab02836;02534069000120;BIOTECNICA INDU
Fab02837;06127890000183;CONKAST VENDAS
Fab02838;74060179000109;RIO AUREMAR PLA
Fab02839;58295213000178;PHILIPS MEDICAL
Fab02840;12283775000109;UNIGLOVES BRASI
Fab02841;10921809000100;D3JF EMPREENDIM
Fab02842;29206899000185;FBELLA LTDA
Fab02843;18712730000180;MAYCON WILL EIR
Fab02844;29602808000120;DIAMANTE MATERI
Fab02845;09413671000159;PETNOR INDUSTRI
Fab02846;22767963000158;DENTAL VALLE CO
Fab02847;33231957000106;BELLAVIA COMERC
Fab02848;01835769000192;BRAMED MATERIAL
Fab02849;02446667000148;ODONTOLOGIC IND
Fab02850;85477586000132;ECO - FARMAS -
Fab02851;12185547000198;PHARMA VERDE II
Fab02852;77929123000136;CROMOFARMA COME
Fab02853;00256343000111;NAVI COMERCIO E
Fab02854;26234900000197;HOSPILAR COMERC
Fab02855;10844648000289;ONE FARMA MEDIC
Fab02856;21551379000874;BECTON DICKINSO
Fab02857;04040383000182;INDUSTRIAS H. A
Fab02858;21589394000135;IMPERIO INDUSTR
Fab02859;37761151000172;HEALTH SAFE IND
Fab02860;47231121000108;BEKER PRODUTOS
Fab02861;10284284000149;ALEXION FARMACE
Fab02862;01444277000176;DABIO BRASILE I
Fab02863;22656836000181;KAIROS COMERCIO
Fab02864;05724077000128;ULTRA INDUSTRIA
Fab02865;04709243000154;BS EQUIPAMENTOS
Fab02866;01651135000180;MAC SANTOS SANC
Fab02867;06222565000108;WOODMED INDUSTR
Fab02868;01673902000151;LAERCIO DE ASSI
Fab02869;02360051000150;TEC BRASIL EIRE
Fab02870;08739624000137;OSTEOFIX COMERC
Fab02871;53078135000136;EYE PHARMA LTDA
Fab02872;53918116000170;DIGUINHO INDUST
Fab02873;71782700000123;LINEA Z INDUSTR
Fab02874;24360910000143;PLENA INDUSTRIA
Fab02875;09423516000113;MEDICAL BRAZIL
Fab02876;03959540000195;CHEMICALTECH IM
Fab02877;04977637000193;COOPERUNI COOPE
Fab02878;49520521000169;INTERMED EQUIPA
Fab02879;02377937000106;R.C - MOVEIS LT
Fab02880;19860927000120;LIBUS DO BRASIL
Fab02881;07933336000156;PARQUIMICA INDU
Fab02882;51425213000104;WELMY-INDUSTRIA
Fab02883;09614278000123;DESCARPACK DESC
Fab02884;19585158000107;CARDINAL HEALTH
Fab02885;05306092000156;REALDESC INDUST
Fab02886;04514207000135;LIBEMA PRODUTOS
Fab02887;57691446000127;WENTILL INDUSTR
Fab02888;03436772000169;TRILHA INDUSTRI
Fab02889;18520715000130;SCAN DIAGNOSTIC
Fab02890;19880964000108;ALL LAB COMERCI
Fab02891;31531888000112;GVFLEX INDUSTRI
Fab02892;68949239000146;UNITED MEDICAL
Fab02893;23596733000136;SEROPLAST INDUS
Fab02894;28911309000152;ESPIRITO SANTO
Fab02895;09244998000144;INDUSTRIA E COM
Fab02896;35927779000170;T A - INDUSTRIA
Fab02897;00433726000118;PROINLAB - INDU
Fab02898;03869977000138;W. S. COMPRESSA
Fab02899;21551379001331;BECTON E DICKIN
Fab02900;30313266000155;RONI ALZI VIDRO
Fab02901;09103790000296;CLARKE BRASIL P
Fab02902;11157931000114;SUPRIMED COMERC
Fab02903;04992697000185;NOVA RENKO INDU
Fab02904;15077221000135;GENOVA INDUSTRI
Fab02905;10450805000190;FLUKKA FARMACIA
Fab02906;01383490000115;FARMACIA SAKAFA
Fab02907;32635445000134;VALE COMERCIO D
Fab02908;55198741000110;NCS INDUSTRIA E
Fab02909;00133418000177;IBRAMED INDUSTR
Fab02910;49710072000111;INDAIA INDUSTRI
Fab02911;05264280000169;MEDICATTO COMER
Fab02912;05788117000103;METALIC MEDICAL
Fab02913;18311257000120;AGIR INDUSTRIA
Fab02914;03250803000192;FAMA DISTRIBUID
Fab02915;01932232000221;CALLAMARYS INDU
Fab02916;30153811000193;GUERBET IMAGEM
Fab02917;15652912000115;INFUSAO HOSPITA
Fab02918;05509693000166;PROBENE FOODS I
Fab02919;06113700000179;DYNAMIC LAB IND
Fab02920;19691725000100;SERRAMED PRODUT
Fab02921;02024468000141;ELETRONLINE COM
Fab02922;01772798000152;MEDTRONIC COMER
Fab02923;76487032000125;ELECTROLUX DO B
Fab02924;69092591000170;PROCION INDUSTR
Fab02925;14365637000196;NIHON KOHDEN BR
Fab02926;15392876000106;SAVOY INDUSTRIA
Fab02927;02068375000119;MEDICICOR COMER
Fab02928;60619202003406;MESSER GASES LT
Fab02929;13780330000199;GLOBAL INDUSTRI
Fab02930;33683202000134;CONFEDERACAO NA
Fab02931;23301951000104;MEDCAL PRODUTOS
Fab02932;01074837000148;WILCOS DO BRASI
Fab02933;02936819000190;APICE HEALTHCAR
Fab02934;04918341000100;NOVA A3 INDUSTR
Fab02935;87642666000121;MECSUL MAQUINAS
Fab02936;09304376000164;TOTH - DESENVOL
Fab02937;04187384000154;LEISTUNG EQUIPA
Fab02938;17159229000842;LABORATORIO TEU
Fab02939;31396050000163;DM LOGISTICA HO
Fab02940;64834013000149;UNIVERSAL CHEMI
Fab02941;07775666000160;AVANUTRI & NUTR
Fab02942;28184138000107;WF INDUSTRIA E
Fab02943;00000000147305;MEDIPHARMA S.A.
Fab02944;05268490000125;BRASIL PHARMA H
Fab02945;15361478000114;ALFAMA INDUSTRI
Fab02946;31875990000135;SANDA PRODUTOS
Fab02947;01675208000173;PION G PLUS MED
Fab02948;73008682000152;LABINBRAZ COMER
Fab02949;05783974000102;FLAMAGEL INDUST
Fab02950;00394502007157;COMANDO DA MARI
Fab02951;21759758000188;FARMAX S.A.
Fab02952;48740849000713;CRAL ARTIGOS PA
Fab02953;48767834000153;LABORDENTAL LTD
Fab02954;08044106000107;ALT - EQUIPAMEN
Fab02955;04847093000145;GELPLAST INDUST
Fab02956;08675394000190;SAFE SUPORTE A
Fab02957;13855096000111;PORTEX COMERCIO
Fab02958;02101808000190;ALFA INDUSTRIA
Fab02959;49716616000152;RAMUZA INDUSTRI
Fab02960;02625651000100;SANFARMA INDUST
Fab02961;08713696000105;LINE BRASIL IND
Fab02962;26024381000132;BRUNA LIMA GOME
Fab02963;00331788001603;AIR LIQUIDE BRA
Fab02964;59233783000104;STERIS SOLUTION
Fab02965;01362538000109;CRV INDUSTRIA D
Fab02966;04644478000105;MEDICALTEC LTDA
Fab02967;20541898000112;MEDICAL LOG COM
Fab02968;24563776000188;SAMSUNG BIOEPIS
Fab02969;23511454000122;J R D BRANDAO E
Fab02970;42160812000144;BECKMAN COULTER
Fab02971;48212880000196;MEDITRON ELETRO
Fab02972;33781055000135;FUNDAÇÃO OSWALD
Fab02973;18031325000105;I. S. COSTA CEN
Fab02974;52455870000159;TRON INDUSTRIAL
Fab02975;13038346000120;INDUSMACHE INDU
Fab02976;11440977000146;MED LIGHT EQUIP
Fab02977;93000917000177;METALURGICA MAR
Fab02978;24380578005490;WHITE MARTINS G
Fab02979;04415365000138;CHRON EPIGEN IN
Fab02980;37397169000137;H&E EQUIPAMENTO
Fab02981;12577257000190;ECOMAX INDUSTRI
Fab02982;33474289000130;FARMABRAZ BETA
Fab02983;50885268000126;NSR INDUSTRIA ,
Fab02984;01866908000145;DIAGNO SOLUCOES
Fab02985;63064653000154;LABORATORIOS ST
Fab02986;37652650000121;TOP HOUSE COMER
Fab02987;03202881000111;INPROMED DO BRA
Fab02988;04040657000133;NUTRICIUM INDUS
Fab02989;00711514000155;ANDRADE GOMES I
Fab02990;31401798000107;DENTAL BH BRASI
Fab02991;02608793000151;EXCELLENCE MEDI
Fab02992;01911022000176;CANADA CENTRAL
Fab02993;04159536000105;VUELO PHARMA LT
Fab02994;23093434000189;RIOMAR TRADING
Fab02995;04995710000150;ATRAMAT DO BRAS
Fab02996;04718347000125;LONGEVITA - PRO
Fab02997;26751186000104;AMERICAN HEALTH
Fab02998;72704299000176;FIT-PEL INDUSTR
Fab02999;01224953000104;THECH DESINFECC
Fab03000;02485346000152;SICAD DO BRASIL
Fab03001;38295394000125;ESTRELA INDUSTR
Fab03002;33656835000153;INNOVARE INDUST
Fab03003;02163978000108;MASTERFIX INDUS
Fab03004;04242860000192;MEDI-GLOBE BRAS
Fab03005;07073210000159;VIMED COMERCIO
Fab03006;14209847000195;H7 IMPORT EIREL
Fab03007;19848316000166;BIOMEDICAL PROD
Fab03008;12265505000167;DONIZETTI DE SO
Fab03009;86046448000161;CONDOR S.A
Fab03010;45569555000782;CATALENT BRASIL
Fab03011;19501429000190;MAWDSLEYS PHARM
Fab03012;07628070000138;INDUSTRIA E COM
Fab03013;51285641000170;EMBRAMAC EMP BR
Fab03014;02661790000181;SARSTEDT LTDA
Fab03015;88634977000101;SOPRANO ELETROM
Fab03016;55658736000143;GOLDENPLAST - I
Fab03017;21810980000168;INNOVATIVE MEDI
Fab03018;00789243000150;LOURENCI E LOUR
Fab03019;24067457000181;FORCE MEDICAL D
Fab03020;06150367000178;ANDRAMED INDUST
Fab03021;71015853000145;DIAMED LATINO A
Fab03022;08145933000189;FAMADER FARMACI
Fab03023;67577361000257;IMPLANTEC MATER
Fab03024;59548214000140;FABRICA DE ARTE
Fab03025;20983334000130;CERA LUMINOSA I
Fab03026;09572573000164;SWAB CB BRASIL
Fab03027;12666139000158;QUALITY CIENTIF
Fab03028;58619131000131;HEXAGON INDUSTR
Fab03029;31903131000102;ALCALIMP INDUST
Fab03030;04909848000270;ML COMERCIO, IM
Fab03031;07231924000148;L. F. CARLINI F
Fab03032;00678593000140;STERIFARMA PROD
Fab03033;02005077000180;KORAL PRODUTOS
Fab03034;19785901000164;J2 TEXTIL INDUS
Fab03035;37529729000160;MR SAFETY COMER
Fab03036;64822885000197;QEEL - QUIMICA
Fab03037;21998885000130;MEDIPHACOS LIMI
Fab03038;14600578000193;MCG- SUPLEMENTO
Fab03039;66969262000177;UNIT - INDUSTRI
Fab03040;01449930000190;SIEMENS HEALTHC
Fab03041;31434320000183;RAVIMED DISTRIB
Fab03042;07987185000119;GANESH LOGISTIC
Fab03043;17382714000104;ARBRA COMERCIO
Fab03044;11336271000139;CALURG BOBINAS
Fab03045;42493502000141;SOCIEDADE FARMA
Fab03046;49601107000184;FRESENIUS HEMOC
Fab03047;11681446000145;MERZ FARMACÊUTI
Fab03048;59506071000103;UNIAO TEXTIL CO
Fab03049;36674526000102;UPJOHN BRASIL I
Fab03050;31864051000195;PLAST LABOR IND
Fab03051;16741684000112;UNICENTER PHARM
Fab03052;21896000000191;PINT PHARMA PRO
Fab03053;08794782000190;SEX FREE INDUST
Fab03054;18770390000144;FRALDASUL INDUS
Fab03055;22635177000105;MEDICOM EIRELI
Fab03056;12456120000187;ALPHALIFE MATER
Fab03057;36194025000110;HIPER QUIM DO B
Fab03058;08493086000143;HOSPITEX TEXTIL
Fab03059;79805263000128;KSS COMERCIO E
Fab03060;01468855000104;ARTMED IND. E C
Fab03061;18747319000140;TOTAL MEDICAL B
Fab03062;24380578002041;WHITE MARTINS G
Fab03063;78515210000100;CONTROLLER COME
Fab03064;07613369000119;PACKFLEX INDUST
Fab03065;92265552000905;MULTILAB INDUST
Fab03066;36753739000111;DMG COMERCIO E
Fab03067;04037992000182;INGA MATERIAIS
Fab03068;14633154000125;ECO DIAGNOSTICA
Fab03069;05756446000164;LENCOBRAS INDUS
Fab03070;05905525000190;BIOSUL PRODUTOS
Fab03071;48240709000190;ORTOSINTESE IND
Fab03072;00772058000153;BIOPLUS PRODUTO
Fab03073;72763733000199;TRAUMEDICA INST
Fab03074;05120289000104;CISABRASILE LTD
Fab03075;89982037000176;MAX CIRURGICA C
Fab03076;07327320000108;PLUMAX LENCOIS
Fab03077;02660623000116;MEDPHAR SUPLEME
Fab03078;02836248000112;BARRFAB INDUSTR
Fab03079;44734671000158;CRISTÁLIA PRODU
Fab03080;41429048000105;NTS - COMERCIO
Fab03081;12343158000143;LABORATORIO IND
Fab03082;03580620000135;MEDSTAR IMPORTA
Fab03083;60862208000141;FARMACIA E LABO
Fab03084;28273249000190;NEO INDUSTRIA E
Fab03085;35820448009516;WHITE MARTINS G
Fab03086;05477107000149;ORTOPEDIA BRASI
Fab03087;01190127000183;MEDICALTEX INDU
Fab03088;03959540000357;CHEMICALTECH FA
Fab03089;03489343000150;BK COMERCIAL DE
Fab03090;25151542000196;LIFY BRASIL MOV
Fab03091;60858552000248;ARTIGOS ODONTOL
Fab03092;18575413000160;FRANCEFARMA IND
Fab03093;07491529000102;CKTRADE - IMPOR
Fab03094;26185222000110;PASSROD IMPORTA
Fab03095;08569248000180;A. M. MOTA CUST
Fab03096;01123973000180;ORTHO PAUHER IN
Fab03097;61203931000181;PILOT PEN DO BR
Fab03098;10890352000113;TECNIMED INDUST
Fab03099;51462471000152;LABSYNTH PRODUT
Fab03100;09408413000184;KESTAL INDUSTRI
Fab03101;20264948000161;BIOANALITICA DI
Fab03102;11875416000170;BIONAL INDUSTRI
Fab03103;18625083000170;SUL MINAS INDUS
Fab03104;34440014000148;DEFERTEX INDUST
Fab03105;06074511000134;BIOS - DIAGNOST
Fab03106;60683786000110;MEDICAL CIRURGI
Fab03107;29220512000145;MCN COMERCIO E
Fab03108;02764228000183;BIOLUX INDUSTRI
Fab03109;01025974000192;VINCULA INDUSTR
Fab03110;01513946000114;BOSTON SCIENTIF
Fab03111;30872270000153;PF CONSUMER HEA
Fab03112;13078518000190;FUNDAÇÃO BAIANA
Fab03113;68210657000117;DINAMICA QUIMIC
Fab03114;08342212000169;BRASMEDICAL IND
Fab03115;94869054000131;LABORATORIOS LI
Fab03116;21129833000127;T M DANTAS EIRE
Fab03117;04568560000106;DAVISO INDUSTRI
Fab03118;01101363000186;DENTALVILLE DO
Fab03119;02095031000107;PHT DO BRASIL C
Fab03120;07334239000147;C M MEDICAL COM
Fab03121;08580439000142;TELOS INDUSTRIA
Fab03122;35810917000136;EXATA SUPRIMENT
Fab03123;04368522000100;PAPEL MASTER SU
Fab03124;05381531000195;MASTERMINDS LTD
Fab03125;28791011000156;FOX INDUSTRIA E
Fab03126;17910635000129;AVENCA INDUSTRI
Fab03127;04383610000172;M.D.L. ARTIGOS
Fab03128;04236036000120;BRASCAMP EQUIPA
Fab03129;43179225000160;TRANSMAI EQUIPA
Fab03130;24305952000181;WILLIAM RIBEIRO
Fab03131;08144181000131;GIODESC - IND.
Fab03132;01085513000105;DOLES REAGENTES
Fab03133;29190430000103;GLOBAL REGULATO
Fab03134;41921149000190;LABORATORIO FAR
Fab03135;10842393000134;LIVE COMERCIO D
Fab03136;34741612000157;TCL QUIMICA IND
Fab03137;13333090000184;NIPRO MEDICAL C
Fab03138;39490976000125;MDR INDUSTRIA E
Fab03139;85511954000111;SUPERVALE VERDE
Fab03140;61153250000156;OLEAK INDUSTRIA
Fab03141;07540203000110;MEDIFARR PRODUT
Fab03142;07869562000115;HALITO PURO - C
Fab03143;19525260000109;COMPANHIA MANUF
Fab03144;19597091000112;INOVVA PRODUTOS
Fab03145;22094905000100;RF SOPRO E EMBA
Fab03146;10918419000180;KCI BRASIL IMPO
Fab03147;07032636000164;ASSUT EUROPE LA
Fab03148;60858552000167;ARTIGOS ODONTOL
Fab03149;25980095000188;CLAIR MONT INDU
Fab03150;05167642000101;BOMA COMERCIO L
Fab03151;05878107000150;HOL DENT APAREL
Fab03152;84859552000220;STERMAX PRODUTO
Fab03153;01056338000128;ENDOCIRURGICA -
Fab03154;18429007000199;SOLIDSTEEL INDU
Fab03155;24467477000140;SUPREMA PAPEIS
Fab03156;22213299000103;BIO BRASIL CIEN
Fab03157;34533298000117;CRUZ DISTRIBUID
Fab03158;41041094000124;SOCC COMERCIO E
Fab03159;34143706000124;MAISMED COMERCI
Fab03160;02064224000192;COTTON FIBRA IN
Fab03161;00029372000221;GE HEALTHCARE D
Fab03162;60341575000108;BIOSERVICE PROD
Fab03163;05549054000124;SILICOTEX COMER
Fab03164;54178983000180;HOSPIMETAL IND.
Fab03165;10686941000184;MASTER MEDIKAL
Fab03166;10812314000142;NUTRISENIOR IND
Fab03167;23654188000197;ARAUCCOM INDUST
Fab03168;87000782000147;NUTRABEM BIO TE
Fab03169;33665866000170;BLUE PHARMA FOO
Fab03170;68146992000101;POWER SAVE INDU
Fab03171;07705520000149;GILMED FABRICAC
Fab03172;40809626000168;BIOWELL AMERICA
Fab03173;00394429009914;COMANDO DA AERO
Fab03174;13530909000101;BESSERDENTAL PR
Fab03175;05340608000189;SIPROLIMP - SIM
Fab03176;09114818000100;ALGOBOM INDUSTR
Fab03177;30197366000163;LANZA MEDICAL E
Fab03178;03213418000175;BUNKER COMERCIA
Fab03179;04470103000176;BIOTECNO INDUST
Fab03180;08493791000140;XDENT EQUIPAMEN
Fab03181;24450310000176;USA INDUSTRIA E
Fab03182;26628908000138;URSA COMERCIAL
Fab03183;33060302000104;CENTRO AUDITIVO
Fab03184;05416754000140;MAKE LINE COMER
Fab03185;58061557000112;MICRODENT APARE
Fab03186;10345462000102;OMRON HEALTHCAR
Fab03187;08665289000170;M.M. CAPELLARO
Fab03188;17914845000195;ALTEVIR AUGUSTO
Fab03189;55634901000127;PRODUMED - SERV
Fab03190;34186181000104;DLM HOSPITALAR
Fab03191;27617206000111;HUMANNA MEDICAL
Fab03192;88957022000195;MUZYMED INSTRUM
Fab03193;19031878000112;AUTOMX SOLUCOES
Fab03194;56035967000163;FOUR STAR PAPEI
Fab03195;04921503000150;LUMAR INDUSTRIA
Fab03196;52550282000102;PLASTICOS JUREM
Fab03197;07415772000133;MICROSUTURE IND
Fab03198;10702092000610;VCH - IMPORTADO
Fab03199;04484235000157;J. LUIZ ALVES &
Fab03200;37787749000130;MEDI COMPANY EQ
Fab03201;33068320000132;ASCLEPIOS EQUIP
Fab03202;06068172000183;PLASTSIL INDUST
Fab03203;07531955000114;POUL SORENSEN I
Fab03204;49941768000159;MAICOL DO BRASI
Fab03205;05932899000102;MEYOR'S DO BRAS
Fab03206;08697852000191;ENDOGERAIS EQUI
Fab03207;73285553000101;SKY DENT INDUST
Fab03208;09036722000170;HIDROFARMA INDU
Fab03209;17757544000103;JOSE LUIZ P. C.
Fab03210;03050898000109;MINAS MED IND C
Fab03211;10330618000173;UNEMOL EQUIPAME
Fab03212;13547970000153;ELISVANDIA MATO
Fab03213;10229835000171;PDX POINT DIAMO
Fab03214;07482840000187;R.P. VILELA EQU
Fab03215;17405589000100;W AHMED COMERCI
Fab03216;05075964000112;CINCO - CONFIAN
Fab03217;53056057000179;RECORDATI RARE
Fab03218;16686340000158;CRIS BELLA FARM
Fab03219;61455192000204;TRB PHARMA INDU
Fab03220;05899730000270;LUSO EQUIPAMENT
Fab03221;01953085000195;F.A. LABORATORI
Fab03222;21689265000119;INDUSTRIA EVOXX
Fab03223;11050321000117;GIGANTE PRODUTO
Fab03224;05110475000154;PERLAND PHARMAC
Fab03225;14112327000160;BIOFAC INDUSTRI
Fab03226;00023851000150;A. L. B. LUZ
Fab03227;35356799000138;LAPON INDUSTRIA
Fab03228;40989688000107;LETOMED INDUSTR
Fab03229;31327287000192;BIOPAS BRASIL P
Fab03230;33192986000106;BIANCODENT EQUI
Fab03231;83821280000126;MARCOS INDUSTRI
Fab03232;40357820000150;ULTRA TEXTIL IN
Fab03233;20399316000105;TECHPROL SERVIC
Fab03234;20669174000159;K2 INDUSTRIA, C
Fab03235;17723828000170;ANGELO BENEDITO
Fab03236;00681314000105;ORTOMED HOSPITA
Fab03237;04639814000121;SEQUENCIAL MILI
Fab03238;00377455000120;IDEXX BRASIL LA
Fab03239;03652030000170;CENTERMEDI - CO
Fab03240;19632287000109;NEURO TECNOLOGI
Fab03241;06994251000115;CHOICE INDUSTRI
Fab03242;31228836000171;ORTOBRAS INDUST
Fab03243;44328371000172;VERO MEDICAL IM
Fab03244;64822885000197;QEEL - QUIMICA ESPECIALIZADA ERICH LTDA
Fab03245;07944100000115;PROC9 INDUSTRIA QUIMICA LTDA
Fab03246;29928032000133;GLASSLAB ARTIGOS PARA LABORATORIO LTDA
Fab03247;48740849000470;CRAL ARTIGOS PARA LABORATORIO LTDA
Fab03248;06157734000165;GLOBAL TEC INDUSTRIA E COMERCIO DE PRODUTOS MEDICOS LTDA
Fab03249;48740849000128;CRAL ARTIGOS PARA LABORATORIO LTDA
Fab03250;73856593000166;PRATI, DONADUZZI & CIA LTDA
Fab03251;44734671000151;CRISTALIA PRODUTOS QUIMICOS FARMACEUTICOS LTDA
Fab03252;17875154000120;MEDQUIMICA INDUSTRIA FARMACEUTICA LTDA.
Fab03253;17115437000173;LABORATORIO GLOBO SA
Fab03254;18324343000177;BELFAR LTDA
Fab03255;72593791000111;NOVA QUIMICA FARMACEUTICA S/A
Fab03256;46179008000168;BRASTERAPICA INDUSTRIA FARMACEUTICA LTDA.
Fab03257;03485572000104;GEOLAB INDUSTRIA FARMACEUTICA S/A
Fab03258;17159229000842;LABORATORIO TEUTO BRASILEIRO S/A
Fab03259;01571702000198;HALEX ISTAR INDUSTRIA FARMACEUTICA SA
Fab03260;60665981000118;UNIAO QUIMICA FARMACEUTICA NACIONAL S A
Fab03261;60665981000541;UNIAO QUIMICA FARMACEUTICA NACIONAL S A
Fab03262;33408105000133;GREENPHARMA QUIMICA E FARMACEUTICA EM RECUPERACAO JUDICIAL LTDA
Fab03263;58430828000160;BLAU FARMACEUTICA S.A.
Fab03264;62969589000198;CSL BEHRING COMERCIO DE PRODUTOS FARMACEUTICOS LTDA
Fab03265;05439635000103;ANTIBIOTICOS DO BRASIL LTDA.
Fab03266;06879626000104;CINORD INDUSTRIA FARMACEUTICA LTDA
Fab03267;10268780000109;MEDIX BRASIL LTDA
Fab03268;04656253000179;UNITHER INDUSTRIA FARMACEUTICA LTDA.
Fab03269;01623403000150;BIOTEXTIL INDUSTRIA E COMERCIO LTDA
Fab03270;49475833000106;BIOLAB SANUS FARMACEUTICA LTDA
Fab03271;01739415000144;PREVEN INDUSTRIA E COMERCIO DE PRODUTOS ODONTOLOGICOS LTDA
Fab03272;17562075000169;CIFARMA CIENTIFICA FARMACEUTICA LTDA
Fab03273;61190096000192;EUROFARMA LABORATORIOS S.A.
Fab03274;02814497000107;CIMED INDUSTRIA S.A.
Fab03275;39032974000192;VIC PHARMA INDUSTRIA E COMERCIO LTDA
Fab03276;58268152000150;ABC INSTRUMENTOS CIRURGICOS LTDA
Fab03277;62462015000129;APSEN FARMACEUTICA S/A
Fab03278;05343029000190;MEDLEVENSOHN COMERCIO E REPRESENTACOES DE PRODUTOS HOSPITALARES LTDA
Fab03279;04654861000144;INDALABOR INDAIA LABORATORIO FARMACEUTICO LTDA
Fab03280;33839828000197;NEVE INDUSTRIA E COMERCIO DE PRODUTOS CIRURGICOS LTDA.
Fab03281;64171697000146;ACCORD FARMACEUTICA LTDA
Fab03282;84833888000133;BIODINAMICA QUIMICA E FARMACEUTICA LTDA
Fab03283;01005728000179;LABOR IMPORT COMERCIAL IMPORTADORA EXPORTADORA LTDA
Fab03284;02039112000181;MICRODONT COMERCIO, IMPORTACAO E EXPORTACAO DE PRODUTOS PARA USO MEDICO E ODONTO LTDA
Fab03285;33425331000122;VIGODENT INDUSTRIA E COMERCIO LTDA.
Fab03286;05823205000190;MAQUIRA INDUSTRIA DE PRODUTOS ODONTOLOGICOS S.A.
Fab03287;33255787001163;IBF INDUSTRIA BRASILEIRA DE FILMES S/A.
Fab03288;48708010000102;KULZER SOUTH AMERICA LTDA.
Fab03289;44465029000114;ICEFRESH INDUSTRIA E COMERCIO DO BRASIL LTDA
Fab03290;60397965000191;LYSANDA PRODUTOS ODONTOLOGICOS LTDA
Fab03291;09032626000154;AGFA DO BRASIL LTDA.
Fab03292;71256283000185;KONICA MINOLTA HEALTHCARE DO BRASIL INDUSTRIA DE EQUIPAMENTOS MEDICOS LTDA
Fab03293;27608037000153;DEJAMARO INDUSTRIA E COMERCIO DE PRODUTOS MEDICOS-HOSPITALARES LTDA
Fab03294;87156352000119;INCOTERM SOLUCOES EM MEDICAO LTDA
Fab03295;17602891000159;ALLPLAN PRODUTOS ODONTOLOGICOS LTDA
Fab03296;03225411000173;MISSNER & MISSNER LTDA.
Fab03297;84966498000131;MAXICOR PRODUTOS MEDICOS LTDA
Fab03298;13024103000133;GTECH INDUSTRIA E COMERCIO DE PRODUTOS QUIMICOS LTDA
Fab03299;59717553000102;MULTILASER INDUSTRIAL S.A.
Fab03300;42374207000176;LABORATORIOS SERVIER DO BRASIL LTDA
Fab03301;49604226000190;MULTIGEL INDUSTRIA E COMERCIO, IMPORTACAO E EXPORTACAO DE PRODUTOS PARA SAUDE LTDA
Fab03302;59231530000193;KOLPLAST C I S.A.
Fab03303;10588595000797;SANOFI MEDLEY FARMACEUTICA LTDA
Fab03304;02814497000298;CIMED INDUSTRIA S.A.
Fab03305;21555008000194;S A FABRICA DE TECIDOS SAO JOAO EVANGELISTA
Fab03306;56994502000130;NOVARTIS BIOCIENCIAS SA
Fab03307;11671812000185;DESCARBOX INDUSTRIA E COMERCIO LTDA
Fab03308;36674526000102;UPJOHN BRASIL IMPORTADORA E DISTRIBUIDORA DE MEDICAMENTOS LTDA.
Fab03309;06107711000146;MAXDESCARTE INDUSTRIA E COMERCIO DE DESCARTAVEIS HOSPITALARES ODONTOLOGICOS LTDA
Fab03310;08055634000153;IMEC-INDUSTRIA DE MEDICAMENTOS CUSTODIA LTDA
Fab03311;60665981000207;UNIAO QUIMICA FARMACEUTICA NACIONAL S A
Fab03312;46179008000320;BRASTERAPICA INDUSTRIA FARMACEUTICA LTDA.
Fab03313;01784792000529;EQUIPLEX INDUSTRIA FARMACEUTICA LTDA -
Fab03314;61072393000133;PFIZER BRASIL LTDA
Fab03315;05155425000193;VASCONCELOS INDUSTRIA FARMACEUTICA E COMERCIO LTDA
Fab03316;03022656000101;PROFILATICA PRODUTOS ODONTO MEDICO HOSPITALARES S.A.
Fab03317;61363032000146;CHIESI FARMACEUTICA LTDA
Fab03318;03978166000175;DR.REDDY'S FARMACEUTICA DO BRASIL LTDA
Fab03319;43426626000924;ALLERGAN PRODUTOS FARMACEUTICOS LTDA.
Fab03320;02704301000121;BIOMEDICA - ESTEVES & ANJOS LTDA
Fab03321;35356799000138;LAPON INDUSTRIA FARMACEUTICA LTDA
Fab03322;18459628000115;BAYER S.A.
Fab03323;08791633000177;LIMPO MAIS INDUSTRIA DE PRODUTOS DE LIMPEZA LTDA.
Fab03324;11204121000171;HEALTH - MED INDUSTRIA E COMERCIO DE ARTIGOS HOSPITALARES LTDA
Fab03325;61286600000000;SANDOZ DO BRASIL INDUSTRIA FARMACEUTICA LTDA.
Fab03326;55980684000127;ADIUM S.A.
Fab03327;07768134000104;ASTELLAS FARMA BRASIL IMPORTACAO E DISTRIBUICAO DE MEDICAMENTOS LTDA.
Fab03328;60397775000840;TAKEDA PHARMA LTDA.
Fab03329;61190096000435;EUROFARMA LABORATORIOS S.A.
Fab03330;33078528000132;TORRENT DO BRASIL LTDA
Fab03331;33009945000123;PRODUTOS ROCHE QUIMICOS E FARMACEUTICOS S A
Fab03332;07967729000180;HADASSAH - COSMETICOS LTDA
Fab03333;00157774000554;TARGA MEDICAL S.A.
Fab03334;23668196000192;MR PHARMA LTDA
Fab03335;69348936000104;ANADONA COMERCIO E CONFECCOES LTDA
Fab03336;07826504000104;INOVEN INDUSTRIA, COMERCIO E IMPORTACAO LTDA
Fab03337;26751186000104;AMERICAN HEALTH PRODUTOS PARA SAUDE LTDA
Fab03338;24633934000129;CAMBER FARMACEUTICA LTDA.
Fab03339;18974315000103;DOMAX SERVICOS ADMINISTRATIVOS LTDA
Fab03340;00171138000153;AQUAFLEX INDUSTRIA E COMERCIO LTDA
Fab03341;56994502001705;NOVARTIS BIOCIENCIAS SA
Fab03342;73097545000131;L H INDUSTRIA TEXTIL LTDA
Fab03343;05150338000143;MEDSONDA - INDUSTRIA E COMERCIO DE PRODUTOS HOSPITALARES DESCARTAVEIS LTDA
Fab03344;41851336000145;BRAVA INDUSTRIA E COMERCIO LTDA
Fab03345;24563776000188;SAMSUNG BIOEPIS BR PHARMACEUTICAL LTDA
Fab03346;01440590000136;FRESENIUS MEDICAL CARE LTDA
Fab03347;07682567000134;TEXCARE INDUSTRIA E COMERCIO DE PRODUTOS MEDICO HOSPITALARES LTDA
Fab03348;28753796000172;ISOFAR INDUSTRIA E COMERCIO DE PRODUTOS QUIMICOS LTDA
Fab03349;28857335000140;MAXIMA DENTAL IMPORTACAO, EXPORTACAO E COMERCIO DE PRODUTOS ODONTOLOGICOS LTDA
Fab03350;74060179000109;RIO AUREMAR PLASTICOS LTDA
Fab03351;15361478000114;ALFAMA INDUSTRIA E COMERCIO DE DESCARTAVEIS LTDA
Fab03352;59548214000140;FABRICA DE ARTEFATOS DE LATEX BLOWTEX LTDA
Fab03353;08877271000131;SIMILAR & COMPATIVEL INDUSTRIA DE EQUIPAMENTOS MEDICOS ODONTOLOGICOS LTDA.
Fab03354;02357251000153;LIFEMED INDUSTRIAL DE EQUIPAMENTOS E ARTIGOS MEDICOS E HOSPITALARES S.A.
Fab03355;04854175000117;DPC DO BRASIL LTDA
Fab03356;25066271000170;ALGSUN INDUSTRIA E COMERCIO DE PRODUTOS LTDA
Fab03357;82641325000118;CREMER S.A.
Fab03358;29311964000132;MARSEG EQUIPAMENTOS DE PROTECAO LTDA
Fab03359;38295394000125;ESTRELA INDUSTRIA E COMERCIO DE PRODUTOS MEDICOS E HOSPITALARES LTDA
Fab03360;08762826000108;HIDROLIGHT DO BRASIL S.A
Fab03361;03021560000110;PREMIUM INDUSTRIA E COMERCIO LTDA
Fab03362;04890798000145;ORTOM INDUSTRIA TEXTIL LTDA
Fab03363;23241814000113;ARQUIMED DISTRIBUIDORA E REPRESENTACAO DE PRODUTOS MEDICOS LTDA
Fab03364;61418042000131;CIRURGICA FERNANDES - COMERCIO DE MATERIAIS CIRURGICOS E HOSPITALARES - SOCIEDADE LIMITADA
Fab03365;04238197000152;PROLINK COMERCIO DE ACOS E EQUIPAMENTOS INDUSTRIAIS LTDA
Fab03366;06019570000100;SMITHS MEDICAL DO BRASIL PRODUTOS HOSPITALARES LTDA.
Fab03367;04516470000163;TECNOPRINT IMPRESSOS TECNICOS LTDA
Fab03368;07718721000180;BEAUFOUR IPSEN FARMACEUTICA LTDA.
Fab03369;10243376000180;J CARDOSO FILHO COMERCIO E SERVICOS
Fab03370;95433397000111;COMERCIO DE MATERIAIS MEDICOS HOSPITALARES MACROSUL LTDA
Fab03371;22575103000112;6B INVENT GERMANY INOX CE - BRASIL, IMPORTACAO E EXPORTACAO LTDA
Fab03372;54421953000152;ORTOCENTER APARELHOS ORTOPEDICOS LTDA
Fab03373;09603161000144;CONVATEC BRASIL LTDA
Fab03374;25097077000152;AGA INDUSTRIA E COMERCIO DE COLCHOES LTDA
Fab03375;16741684000112;UNICENTER PHARMA INDUSTRIA E COMERCIO LTDA.
Fab03376;12918336000117;BE CARE COMERCIO DE PRODUTOS MEDICO HOSPITALARES LTDA
Fab03377;33348467000186;SHALON FIOS CIRURGICOS LTDA
Fab03378;05062455000155;ALPHARAD COMERCIO, IMPORTACAO E EXPORTACAO DE PRODUTOS HOSPITALARES LTDA
Fab03379;45992062000165;GERMED FARMACEUTICA LTDA
Fab03380;92265552000905;MULTILAB INDUSTRIA E COMERCIO DE PRODUTOS FARMAC LTDA
Fab03381;04380711000190;DELTA MEDICAL COMERCIAL LTDA
Fab03382;03869526000109;J.R.D. INDUSTRIA FARMACEUTICA LTDA
Fab03383;10742412000401;BRACCO IMAGING DO BRASIL IMPORTACAO E DISTRIBUICAO DE MEDICAMENTOS LTDA
Fab03384;83874628000143;LABORATORIO FARMACEUTICO ELOFAR LTDA.
Fab03385;16100973000132;NUTIVIT SUPLEMENTOS ALIMENTARES LTDA
Fab03386;25773037000183;PHARMASCIENCE INDUSTRIA FARMACEUTICA S.A
Fab03387;78950011000120;HERBARIUM LABORATORIO BOTANICO LTDA.
Fab03388;45987013000304;ORGANON FARMACEUTICA LTDA.
Fab03389;61485900000160;SG TECNOLOGIA CLINICA LTDA
Fab03390;56998701001279;ABBOTT LABORATORIOS DO BRASIL LTDA
Fab03391;49351786000261;BAXTER HOSPITALAR LTDA
Fab03392;92265552000140;MULTILAB INDUSTRIA E COMERCIO DE PRODUTOS FARMAC LTDA
Fab03393;33325917000115;LONDON QUALITY ORAL HEALTH INDUSTRIA E COMERCIO DE PRODUTOS PARA SAUDE LTDA
Fab03394;31327287000192;BIOPAS BRASIL PRODUTOS FARMACEUTICOS LTDA
Fab03395;30280358000186;ROCHE DIAGNOSTICA BRASIL LTDA.
Fab03396;00025310000160;FARMAQUI INDUSTRIA E COMERCIO LTDA
Fab03397;15800545000150;ABBVIE FARMACEUTICA LTDA.
Fab03398;03560974000118;MERCK SHARP & DOHME FARMACEUTICA LTDA.
Fab03399;07455576000192;VIDA FORTE NUTRIENTES INDUSTRIA E COMERCIO DE PRODUTOS NATURAIS LTDA
Fab03400;03075426000100;BIODONT INDUSTRIA, COMERCIO, IMPORTACAO E EXPORTACAO LTDA
Fab03401;33781055000135;FUNDACAO OSWALDO CRUZ
Fab03402;21196966000116;SOLIDA HOSPITALAR - DISTRIBUIDORA DE MATERIAL HOSPITALAR LTDA
Fab03403;03917989000190;MB INDUSTRIA DE PRODUTOS HOSPITALARES LTDA
Fab03404;47394135000142;BIOMED PRODUTOS MEDICOS LTDA
Fab03405;01801514000109;ACONOX METALURGICA LTDA
Fab03406;06172459000159;NUTRIEX IMPORTACAO E EXPORTACAO DE PRODUTOS NUTRICIONAIS E FARMOQUIMICOS LTDA
Fab03407;05030501000134;MIKATOS INDUSTRIA, COMERCIO, SERVICOS E IMPORTACAO LTDA
Fab03408;01449930000190;SIEMENS HEALTHCARE DIAGNOSTICOS LTDA.
Fab03409;21896000000191;PINT PHARMA PRODUTOS MEDICO-HOSPITALARES E FARMACEUTICOS LTDA
Fab03410;07316691000186;FORMULAS MAGISTRAIS MANIPULACOES ESPECIAIS LTDA
Fab03411;06074511000134;BIOS - DIAGNOSTICA INDUSTRIA E COMERCIO DE PRODUTOS BIOLOGICOS LTDA
Fab03412;21043162000187;BIOTECHMAX HOSPITALAR LTDA
Fab03413;23301951000104;MEDCAL PRODUTOS CIRURGICOS LTDA
Fab03414;19973704000179;ORTOFEX INDUSTRIA E COMERCIO DE APARELHOS MEDICOS E ORTOPEDICOS LTDA
Fab03415;02794555000340;COLOPLAST DO BRASIL LTDA
Fab03416;03415835000109;FORTSAN DO BRASIL IND QUIMICA E FARMACEUTICA LTDA
Fab03417;57532343000114;LM FARMA INDUSTRIA E COMERCIO LTDA
Fab03418;12600168000117;MOLNLYCKE HEALTH CARE VENDA DE PRODUTOS MEDICOS LTDA
Fab03419;10545970000126;VITA MEDICAL MATERIAL HOSPITALAR LTDA
Fab03420;10918419000180;KCI BRASIL IMPORTADORA E DISTRIBUIDORA DE PRODUTOS PARA SAUDE LTDA.
Fab03421;00029372000140;GE HEALTHCARE DO BRASIL COMERCIO E SERVICOS PARA EQUIPAMENTOS MEDICO-HOSPITALARES LTDA
Fab03422;05431736000138;ASTRA CIENTIFICA LTDA
Fab03423;15383818000108;LUVIX COMERCIO IMPORTACAO E EXPORTACAO SA
Fab03424;07415627000152;TKL IMPORTACAO E EXPORTACAO DE PRODUTOS MEDICOS E HOSPITALARES LTDA
Fab03425;17252670000106;VITALMEDICA DISTRIBUIDORA DE MOVEIS E EQUIPAMENTOS HOSPITALARES LTDA
Fab03426;31531888000112;GVFLEX INDUSTRIA E COMERCIO DE PRODUTOS PARA SAUDE LTDA
Fab03427;48740849000713;CRAL ARTIGOS PARA LABORATORIO LTDA
Fab03428;21551379001331;BECTON DICKINSON INDUSTRIAS CIRURGICAS LTDA
Fab03429;10896647000105;DUOTEC - EMBALAGENS LTDA
Fab03430;28415097000112;ANAPOLIS INDUSTRIA E COMERCIO DE PRODUTOS HOSPITALARES LTDA
Fab03431;78742491000133;JOAOMED COMERCIO DE MATERIAIS CIRURGICOS S/A
Fab03432;11172836000190;TOP MED IMPORTACAO E DISTRIBUICAO LTDA
Fab03433;07987185000119;GANESH LOGISTICA E DISTRIBUICAO LTDA
Fab03434;54741095000123;CIRUVET MANUTENCAO EM EQUIPAMENTOS EM GERAL LTDA
Fab03435;49324221000880;FRESENIUS KABI BRASIL LTDA.
Fab03436;34526327000113;RIOQUIMICA INDUSTRIA QUIMICA LTDA
Fab03437;04310364000129;EMBRAST INDUSTRIA E COMERCIO LTDA
Fab03438;01017680000119;J FERES INDUSTRIA DE ALCOOL LTDA
Fab03439;48939276000166;MEDI HOUSE INDUSTRIA E COMERCIO DE PRODUTOS CIRURGICOS E HOSPITALARES LTDA
Fab03440;61150447000131;LABORATORIOS BALDACCI LTDA EM RECUPERACAO JUDICIAL
Fab03441;33348467000429;SHALON FIOS CIRURGICOS LTDA
Fab03442;13863381000184;MIDFARMA PRODUTOS FARMACEUTICOS LTDA.
Fab03443;06143681000123;BIOSANI INDUSTRIA E COMERCIO DE PRODUTOS MEDICOS E ODONTOLOGICOS LTDA
Fab03444;24467477000140;SUPREMA PAPEIS INDUSTRIA E COMERCIO DE PRODUTOS DE PAPEL LTDA
Fab03445;60397874000407;FUJIFILM DO BRASIL LTDA.
Fab03446;84683556000110;EH BRASIL INDUSTRIA E COMERCIO LTDA.
Fab03447;68194497000160;MEDICAL TEXTIL HOSPITALAR LTDA
Fab03448;11463608000179;ERIMAR INDUSTRIA E COMERCIO DE PRODUTOS PARA SAUDE LTDA
Fab03449;07032636000164;ASSUT EUROPE LATINO AMERICA IMPORTACAO E EXPORTACAO LTDA
Fab03450;17159200000000;LABORATORIO TEUTO BRASILEIRO S/A
Fab03451;18575413000160;FRANCEFARMA INDUSTRIA DE COSMETICOS LTDA
Fab03452;15652520000156;NATUBRAS INDUSTRIA E COMERCIO DE PRODUTOS NATURAIS LTDA
Fab03453;11308834000185;VIDA BIOTECNOLOGIA LTDA
Fab03454;01061762000160;DELFINI INDUSTRIA COMERCIO LTDA
Fab03455;02248312000144;CEPALAB LABORATORIOS S.A
Fab03456;27089709000161;FIRSTLAB INDUSTRIA IMPORTACAO E EXPORTACAO DE PRODUTOS PARA LABORATORIOS LTDA
Fab03457;02074242000155;E.J. KRIEGER & CIA LTDA
Fab03458;66969262000177;UNIT - INDUSTRIA, COMERCIO, IMPORTACAO E EXPORTACAO LIMITADA
Fab03459;04846613000103;CELER BIOTECNOLOGIA S/A
Fab03460;00433726000118;PROINLAB - INDUSTRIA E COMERCIO DE PRODUTOS PARA LABORATORIOS LTDA
Fab03461;05133898000190;MEGA QUIMICA INDUSTRIA E COMERCIO EM RECUPERACAO JUDICIAL LTDA
Fab03462;01858970000000;AIRELA INDUSTRIA FARMACEUTICA LTDA
Fab03463;00322352000163;DPCBRASIL INDUSTRIA E COMERCIO LTDA
Fab03464;61100004000136;ZAMBON LABORATORIOS FARMACEUTICOS LTDA
Fab03465;05854999000150;CICLO FARMA INDUSTRIA QUIMICA LTDA
Fab03466;03084401000165;PREVEMAX INDUSTRIA E COMERCIO DE EPI S IMPERMEAVEIS E DESCARTAVEIS LTDA
Fab03467;60873973000167;HEXAL DO BRASIL INDUSTRIA FARMACEUTICA LTDA.
Fab03468;14821008000123;MASTERS SPECIALITY PHARMA LTDA
Fab03469;06207441000145;PROTEC EXPORT INDUSTRIA, COMERCIO, IMPORTACAO E EXPORTACAO DE EQUIPAMENTOS MEDICOS HOSPITALARES LTDA
Fab03470;61101895000145;SANTHER FABRICA DE PAPEL SANTA THEREZINHA S/A
Fab03471;08442245000180;PROTDESC DO BRASIL IMPORTACAO E EXPORTACAO LTDA
Fab03472;50770643000192;AUDAX QUIMICA INDUSTRIA E COMERCIO DE PRODUTOS PARA HIGIENE E LIMPEZA LTDA
Fab03473;51285641000170;EMBRAMAC - EMPRESA BRASILEIRA DE MATERIAIS CIRURGICOS INDUSTRIA COMERCIO IMPORTACAO E EXPORTACAO LTDA
Fab03474;18429007000199;SOLIDSTEEL INDUSTRIA E COMERCIO DE EQUIPAMENTOS LABORATORIAIS LTDA
Fab03475;03959540000195;CHEMICALTECH FARMACEUTICA LTDA
Fab03476;19501429000190;MAWDSLEYS PHARMACEUTICALS DO BRASIL LTDA
Fab03477;19136432000152;EXELTIS LABORATORIO FARMACEUTICO LTDA
Fab03478;26024381000132;TECSO INDUSTRIA E COMERCIO DE COSMETICOS LTDA
Fab03479;64711500000114;UCB BIOPHARMA LTDA.
Fab03480;47193115000103;CIRURGICA BRASIL COMERCIAL E IMPORTADORA LTDA
Fab03481;03627008000170;CLINMED - INDUSTRIA E COMERCIO LTDA
Fab03482;13780330000199;GLOBAL INDUSTRIA E COMERCIO DE SUPRIMENTOS PARA AREA MEDICA LTDA
Fab03483;14665928000108;VOLPHARMA DISTRIBUIDORA DE PRODUTOS HOSPITALARES E FARMACEUTICOS LTDA
Fab03484;19570700000000;HIPOLABOR FARMACEUTICA LTDA
Fab03485;41429048000105;NTS - COMERCIO E INDUSTRIA DE ALIMENTOS LTDA
Fab03486;03530984000291;CABORONGA COMERCIAL LTDA
Fab03487;46144622000194;SIGVARIS DO BRASIL INDUSTRIA E COMERCIO LIMITADA
Fab03488;33665866000170;BLUE PHARMA FOODS FABRICACAO DE ALIMENTOS DIETETICOS E COMPLEMENTOS ALIMENTARES LTDA
Fab03489;11204960000190;ASTROMED INDUSTRIA E COMERCIO DE EMBALAGENS FLEXIVEIS LTDA
Fab03490;00984436000162;BELL TYPE INDUSTRIES LTDA
Fab03491;47507520000159;CONFORTELL INDUSTRIA, COMERCIO, IMPORTACAO E EXPORTACAO DE PRODUTOS MEDICOS, ORTOPEDICOS LTDA
Fab03492;03213418000175;BUNKER COMERCIAL LTDA
Fab03493;50248780000161;ABBOTT DIAGNOSTICOS RAPIDOS S.A.
Fab03494;18031325000105;I. S. COSTA CENTRAL TELEMEDICINA LTDA
Fab03495;54516661006215;JOHNSON & JOHNSON DO BRASIL INDUSTRIA E COMERCIO DE PRODUTOS PARA SAUDE LTDA.
Fab03496;26402053000122;BE LIFE INDUSTRIA COMERCIO IMPORTACAO E EXPORTACAO DE MATERIAIS HOSPITALARES LTDA
Fab03497;64088172000141;ATIVUS SERVICOS DE ESCRITORIOS ADMINISTRATIVOS LTDA
Fab03498;07591326000180;MOKSHA8 BRASIL INDUSTRIA E COMERCIO DE MEDICAMENTOS LTDA
Fab03499;08002360000134;BIOMARIN BRASIL FARMACEUTICA LTDA
Fab03500;17470182000167;L'AROMATIC INDUSTRIA COMERCIO EXPORTACAO E IMPORTACAO E SERVICOS LTDA
Fab03501;04099400000000;SANTISA LABORATORIO FARMACEUTICO S.A
Fab03502;33408100000000;GREENPHARMA QUIMICA E FARMACEUTICA EM RECUPERACAO JUDICIAL LTDA
Fab03503;57507400000000;EMS S/A
Fab03504;28273200000000;NEO INDUSTRIA E COMERCIO DE PRODUTOS HOSPITALARES LTDA
Fab03505;30222800000000;VITAMEDIC INDUSTRIA FARMACEUTICA LTDA
Fab03506;03860740000196;LARISMED - INDUSTRIA E COMERCIO DE MATERIAIS MEDICO E HOSPITALAR LTDA
Fab03507;03485570000000;GEOLAB INDUSTRIA FARMACEUTICA S/A
Fab03508;17115400000000;LABORATORIO GLOBO SA
Fab03509;07986222000174;BIOGEN BRASIL PRODUTOS FARMACEUTICOS LTDA
Fab03510;21759800000000;FARMAX S.A.
Fab03511;17405600000000;W AHMED COMERCIO, IMPORTACAO E EXPORTACAO DE ARTIGOS DE CUTELARIA
Fab03512;60409075000667;NESTLE BRASIL LTDA.
Fab03513;33051491000159;LABORATORIOS PIERRE FABRE DO BRASIL LTDA
Fab03514;10512195000102;JP PHARMA IMPORTACAO E DISTRIBUICAO LTDA
Fab03515;09300300000160;LEMARC PRODUTOS MEDICOS HOSPITALARES LTDA
Fab03516;89982037000176;MAX CIRURGICA COMERCIO DE MATERIAIS HOSPITALARES LTDA
Fab03517;21559832000112;BELLOBELLA INDUSTRIA DE COSMETICOS LTDA
Fab03518;02660623000116;MEDPHAR FARMACEUTICA LTDA
Fab03519;02946060000127;PROLINE INDUSTRIA E COMERCIO LTDA
Fab03520;23191397000141;MED LIFE INDUSTRIA E COMERCIO DE MOVEIS LTDA
Fab03521;04718347000125;LONGEVITA PRODUTOS HIGIENICOS LTDA - EM LIQUIDACAO
Fab03522;28184138000107;WF INDUSTRIA E COMERCIO DE FRALDAS LTDA
Fab03523;08157293000127;NATCOFARMA DO BRASIL LTDA
Fab03524;05421585000137;WINNER INDUSTRIA DE DESCARTAVEIS LTDA
Fab03525;19825968000185;PALMARES TRADE IMPORTACAO E EXPORTACAO LTDA
Fab03526;33306929000798;PROCOSA PRODUTOS DE BELEZA LTDA
Fab03527;00252903000160;ESTERILI MED INDUSTRIA E COMERCIO DE PRODUTOS MEDICOS HOSPITALARES LTDA
Fab03528;24355680000124;FORTCLEAN COMERCIO DE PRODUTOS TEXTEIS LTDA
Fab03529;11244404000147;LUDAN INDUSTRIA E COMERCIO LTDA
Fab03530;04415365000138;CHRON EPIGEN INDUSTRIA E COMERCIO LTDA
Fab03531;43728100000141;BC MED HOSPITALAR LTDA
Fab03532;52393246000174;CALU - INDUSTRIA, EXPORTACAO E IMPORTACAO DE EQUIPAMENTOS ODONTOLOGICOS LTDA
Fab03533;22565307000172;ADVAGEN BIOTECH LTDA
Fab03534;20399316000105;TECHPROL SERVICOS, COMERCIO E LOCACOES LTDA
Fab03535;83821280000126;MGF COMERCIO DE COSMETICOS LTDA
Fab03536;31258478000220;TECHNEW COMERCIO E INDUSTRIA LTDA. - FALIDO
Fab03537;06103122000270;BALLKE PRODUTOS HOSPITALARES LTDA
Fab03538;07134866000134;VITALPACK EMBALAGENS LTDA
Fab03539;94304672000134;MEDICONE PROJETOS E SOLUCOES PARA A INDUSTRIA E A SAUDE LTDA.
Fab03540;29190430000103;GLOBAL REGULATORY PARTNERS BRASIL EIRELI
Fab03541;07933336000156;PARQUIMICA INDUSTRIAS LTDA
Fab03542;01190127000183;MEDICALTEX INDUSTRIA E COMERCIO LTDA
Fab03543;33019548000132;SILVESTRE LABS QUIMICA & FARMACEUTICA LTDA
Fab03544;27011022000103;BL INDUSTRIA OTICA LTDA
Fab03545;04506487000130;HELIANTO FARMACEUTICA LTDA
Fab03546;05953172000101;FAVA INDUSTRIA E COMERCIO DE PRODUTOS HOSPITALARES E ODONTOLOGICOS LTDA.
Fab03547;21172673000107;ERS INDUSTRIA E COMERCIO DE PRODUTOS DE HIGIENE E LIMPEZA S.A
Fab03548;07733293000165;RESMED BRASIL REPRESENTACAO DE PRODUTOS MEDICOS LTDA.
Fab03549;05452889000161;CELLTRION HEALTHCARE DISTRIBUICAO DE PRODUTOS FARMACEUTICOS DO BRASIL LTDA
Fab03550;18747319000140;TOTAL MEDICAL BRASIL INDUSTRIA E COMERCIO DE PRODUTOS MEDICO-HOSPITALARES LTDA
Fab03551;01673902000151;LAERCIO DE ASSIS
Fab03552;24360910000143;PLENA INDUSTRIA DE FRALDAS LTDA - FALIDO
Fab03553;02491464000173;SKY INDUSTRIA E COMERCIO DE PRODUTOS DESCARTAVEIS LTDA.
Fab03554;06963572000152;3B INDUSTRIA E COMERCIO DE ARTEFATOS PLASTICOS LTDA
Fab03555;20180587000175;2I PRODUTOS ODONTOLOGICOS E MEDICO HOSPITALARES S.A. EM RECUPERACAO JUDICIAL
Fab03556;02012921000108;MEDGAUZE - INDUSTRIA E COMERCIO LTDA
Fab03557;72905839000180;A.DE OLIVEIRA FORTUNA
Fab03558;11011753000119;VENTCARE INDUSTRIA E COMERCIO LTDA
Fab03559;00075112000101;REYMER DO BRASIL INDUSTRIA E COMERCIO DE PRODUTOS QUIMICOS LTDA
Fab03560;07327320000108;PLUMAX LENCOIS HOSPITALARES LTDA
Fab03561;07130168000160;LEANDRO KLEBER RIBEIRO DOS SANTOS
Fab03562;11405384000149;ALFA MED SISTEMAS MEDICOS LTDA
Fab03563;30518247000165;EXCELMED DISTRIBUIDORA DE MATERIAIS MEDICOS E ODONTOLOGICOS LTDA
Fab03564;17602864000186;DELTA INDUSTRIA E COMERCIO LTDA
Fab03565;07707681000171;SOUZA & LEONARDI LTDA
Fab03566;74017708000272;INDUSBELLO IND. E COM. DE PRODUTOS MEDICOS E ODONTOLOGICOS LTDA.
Fab03567;04356658000191;AAF DO BRASIL PRODUTOS ODONTOLOGICOS LTDA
Fab03568;01332005000184;DENTSCLER INDUSTRIA DE APARELHOS ODONTOLOGICOS LTDA
Fab03569;68567650000157;S S WHITE ARTIGOS DENTARIOS S/A
Fab03570;47388533000156;METALURGICA FAVA INDUSTRIA E COMERCIO LTDA EM RECUPERACAO JUDICIAL
Fab03571;17405589000100;W AHMED COMERCIO, IMPORTACAO E EXPORTACAO DE ARTIGOS DE CUTELARIA
Fab03572;62063003000121;SKAY INDUSTRIA E COMERCIO DE INSTRUMENTAL CIRURGICO E ODONTOLOGICO LTDA
Fab03573;81196586000103;N MARTINS INDUSTRIA E COMERCIO LTDA
Fab03574;97215388000180;LEONARDI COMERCIO DE PRODUTOS PARA SAUDE LTDA
Fab03575;10235337000131;HNDESC COMERCIO E CONFECCOES DE PRODUTOS HOSPITALARES LTDA.
Fab03576;03820314000129;FORTINOX - INDUSTRIA, COMERCIO E SERVICOS LTDA
Fab03577;33036815000180;QUIMICA HALLER LTDA
Fab03578;04491780000170;GERAIS, COMERCIO E IMPORTACAO DE MATERIAIS E EQUIPAMENTOS MEDICOS LTDA
Fab03579;00029372000221;GE HEALTHCARE DO BRASIL COMERCIO E SERVICOS PARA EQUIPAMENTOS MEDICO-HOSPITALARES LTDA
Fab03580;60663705000110;CRISTAL TEXTIL INDUSTRIAL LTDA.
Fab03581;09593438000103;BIO ADVANCE DIAGNOSTICOS LTDA
Fab03582;08108696000186;DISTRIBUIDORA DE PRODUTOS G.C.R. LTDA
Fab03583;67566877000115;D.C.M.A. PRODUTOS MEDICOS E ODONTOLOGICOS LTDA
Fab03584;00866902000105;MEDIMED MAT MEDICOS E HOSPITALARES LTDA
Fab03585;40357820000150;ULTRA TEXTIL INDUSTRIA E COMERCIO DE PRODUTOS HOSPITALARES LTDA
Fab03586;05905525000190;BIOSUL PRODUTOS DIAGNOSTICOS LTDA
Fab03587;28791011000156;FOX INDUSTRIA E COMERCIO DE MATERIAIS MEDICOS E HOSPITALARES LTDA
Fab03588;08979861000175;BIOTRON EQUIPAMENTOS MEDICOS LTDA
Fab03589;04709243000154;BS EQUIPAMENTOS, INDUSTRIA E COMERCIO LTDA
Fab03590;34186181000104;DLM HOSPITALAR LTDA
Fab03591;67577361000257;IMPLANTEC MATERIAIS MEDICOS E HOSPITALARES LTDA
Fab03592;07204591000168;BIOTEC PRODUTOS HOSPITALARES LTDA.
Fab03593;31709675000138;DIGIFLEX GRAFICA E ETIQUETAS LTDA
Fab03594;08646787000175;MAXINUTRI LABORATORIO NUTRACEUTICO LTDA
Fab03595;24305952000181;WILLIAM RIBEIRO PRODUTOS MEDICOS
Fab03596;02223342000104;STARMED ARTIGOS MEDICOS E HOSPITALARES LTDA
Fab03597;13078518000190;FUNDACAO BAIANA DE PESQUISA CIENTIFICA E DESENVOLVIMENTO TECNOLOGICO, FORNECIMENTO E DISTRIBUICAO DE MEDICAMENTOS - BAHIAFARMA
Fab03598;19597091000112;INOVVA PRODUTOS E SERVICOS LTDA
Fab03599;13038445000102;AGE HOSPITALAR LTDA
Fab03600;30667695000120;HARTMANN INDUSTRIA E COMERCIO DE PRODUTOS MEDICO-HOSPITALARES LTDA
Fab03601;19585158000107;CARDINAL HEALTH DO BRASIL LTDA.
Fab03602;12265505000167;DONIZETTI DE SOUSA GUERREIRO-DESCARTAVEIS
Fab03603;44328371000172;VERO MEDICAL IMPORTACAO, EXPORTACAO E COMERCIO DE PRODUTOS MEDICOS LTDA
Fab03604;33258401000448;INSTITUTO BIOCHIMICO INDUSTRIA FARMACEUTICA LTDA
Fab03605;59476770000158;PROCTER & GAMBLE DO BRASIL LTDA.
Fab03606;11294969000139;DHR PRODUTOS MEDICOS LIMITADA
Fab03607;49475833001765;BIOLAB SANUS FARMACEUTICA LTDA
Fab03608;19933651000162;CPOH IMPORTADORA ODONTO-HOSPITALAR LTDA
Fab03609;12343158000143;LABORATORIO INDUSTRIAL FARMACEUTICO DE ALAGOAS SA
Fab03610;09601610000115;COSMODERMA INDUSTRIA E COMERCIO LTDA
Fab03611;01772798000152;MEDTRONIC COMERCIAL LTDA
Fab03612;85511954000111;SUPERVALE VERDE INDUSTRIA DE PRODUTOS QUIMICOS LTDA
Fab03613;53359824000461;BLANVER FARMOQUIMICA E FARMACEUTICA S.A.
Fab03614;23466209000140;SALUS BIOMEDICAL LTDA
Fab03615;02794555000188;COLOPLAST DO BRASIL LTDA
Fab03616;84684620000187;LABORATORIO CATARINENSE LTDA
Fab03617;13236116000176;MEDK INDUSTRIA, COMERCIO, IMPORTACAO E EXPORTACAO DE PRODUTOS MEDICOS LTDA
Fab03618;13038110000194;INDUFLEX INDUSTRIA E COMERCIO DE ARTEFATOS DE BORRACHA LTDA
Fab03619;40197840000100;BRASIL SUL INDUSTRIA E COMERCIO LTDA
Fab03620;33524950000174;LABORATORIO BRASILEIRO DE BIOLOGIA LTDA
Fab03621;16970346000152;YLLER BIOMATERIAIS S.A.
Fab03622;06906357000110;PRODUTOS CIRURGICO SERRA DA ESTRELA LTDA
Fab03623;20983334000130;CERA LUMINOSA INDUSTRIA E COMERCIO LTDA
Fab03624;07897039000100;DENTEMED EQUIPAMENTOS ODONTOLOGICOS LTDA
Fab03625;00413538000128;ORTO CENTRAL INDUSTRIA E COMERCIO DE PRODUTOS DE ORTODONTIA LTDA
Fab03626;69342475000162;TECNODENT INDUSTRIA E COMERCIO LTDA
Fab03627;02446667000148;ODONTOLOGIC INDUSTRIA E COMERCIO, IMPORTACAO EXPORTACAO LTDA
Fab03628;04747452000192;BABY PISS INDUSTRIA E COMERCIO DE FRALDAS DESCARTAVEIS LTDA
Fab03629;33069200000000;MERCK S/A
Fab03630;44734700000000;CRISTALIA PRODUTOS QUIMICOS FARMACEUTICOS LTDA
Fab03631;82226754000129;SANTA RITA SERVICOS ADMINISTRATIVOS LTDA
Fab03632;00133418000177;IBRAMED INDUSTRIA BRASILEIRA DE EQUIPAMENTOS MEDICOS LTDA
Fab03633;17102448000208;SOOLIS NUTRACEUTICA INDUSTRIA E COMERCIO LTDA
Fab03634;04716276000121;RMC - INDUSTRIA BRASILEIRA DE PRODUTOS MEDICOS LTDA
Fab03635;68240779000156;JARRELL FARMACEUTICA LTDA
Fab03636;05971158000122;INDUSTRIA E COMERCIO DE PRODUTOS DE LIMPEZA MACATUBA LTDA
Fab03637;01202521000194;PLASTIC WAY PRODUTOS PARA A SAUDE LTDA
Fab03638;45987013000134;ORGANON FARMACEUTICA LTDA.
Fab03639;03402979000384;M.N.P. CUSTODIO COMERCIO DE PRODUTOS HOSPITALARES LTDA
Fab03640;22656836000181;KAIROS COMERCIO DE FRALDAS E CONFECCOES LTDA
Fab03641;56998982000107;BRISTOL-MYERS SQUIBB FARMACEUTICA LTDA.
Fab03642;03145540000151;ORTHOCREM INDUSTRIA E COMERCIO LTDA
Fab03643;00332257000140;E. DE GODOY BRAGANCA TEXTIL
Fab03644;73856600000000;PRATI, DONADUZZI & CIA LTDA
Fab03645;18324300000000;BELFAR LTDA
Fab03646;05161070000000;BRAINFARMA INDUSTRIA QUIMICA E FARMACEUTICA S.A.
Fab03647;04301880000000;AUROBINDO PHARMA INDUSTRIA FARMACEUTICA LIMITADA
Fab03648;17562100000000;CIFARMA CIENTIFICA FARMACEUTICA LTDA
Fab03649;02814500000000;CIMED INDUSTRIA S.A.
Fab03650;28104240000236;QUALYNUTRI NUTRACEUTICOS LTDA
Fab03651;02501300000000;PHARLAB INDUSTRIA FARMACEUTICA S.A
Fab03652;07613369000119;PACKFLEX INDUSTRIA DE EMBALAGENS FLEXIVEIS LTDA
Fab03653;34526300000000;RIOQUIMICA INDUSTRIA QUIMICA LTDA
Fab03654;03603516000119;PROMEL IND. COM. IMP. E EXP. DE PRODS. NATURAIS LTDA
Fab03655;01564260000000;WASSER FARMA LTDA
Fab03656;17174700000000;HYPOFARMA INSTITUTO DE HYPODERMIA E FARMACIA LTDA
Fab03657;06628330000000;FARMACE - INDUSTRIA QUIMICO-FARMACEUTICA CEARENSE LTDA
Fab03658;04752991000110;BIOMM S/A
Fab03659;18268051000164;CIPLA BRASIL IMPORTADORA E DISTRIBUIDORA DE MEDICAMENTOS LTDA.
Fab03660;00625692000163;TOMMASI IMPORTACAO E EXPORTACAO LTDA.
Fab03661;53359824000119;BLANVER FARMOQUIMICA E FARMACEUTICA S.A.
Fab03662;08803423000151;KOP DO BRASIL INDUSTRIAS FARMACEUTICAS LTDA
Fab03663;96167887000186;PRATA HOSPITALAR LTDA
Fab03664;22635177000105;MEDICOM LTDA
Fab03665;26898124000120;FARMANORTE COMERCIO E MANIPULACAO DE MEDICAMENTOS LTDA
Fab03666;73008682000152;LABINBRAZ COMERCIAL LTDA
Fab03667;00626948000157;HANESBRANDS BRASIL TEXTIL LTDA.
Fab03668;01358874001664;PROCTER & GAMBLE INDUSTRIAL E COMERCIAL LTDA
Fab03669;09244998000144;INDUSTRIA E COMERCIO DE PRODUTOS CIENTIFICOS PERFECTA LTDA.
Fab03670;41041094000124;SOCC COMERCIO E CONFECCAO DE PRODUTOS DESCARTAVEIS LTDA
Fab03671;03431790000158;RAQUEL NOGUEIRA SOROCABA LTDA
Fab03672;10733878000190;FLEX INDUSTRIA E COMERCIO DE PAPEIS LTDA
Fab03673;11082598000121;BESINS HEALTHCARE BRASIL COMERCIAL E DISTRIBUIDORA DE MEDICAMENTOS LTDA
Fab03674;40175705000164;CEI COMERCIO EXPORTACAO E IMP DE MAT MEDICOS LTDA
Fab03675;11440977000146;MED LIGHT EQUIPAMENTOS MEDICOS HOSPITALARES LTDA
Fab03676;01513946000114;BOSTON SCIENTIFIC DO BRASIL LTDA
Fab03677;19848316000166;BIOMEDICAL PRODUTOS CIENTIFICOS MEDICOS E HOSPITALARES S A
Fab03678;54801196000142;HP BIOPROTESES LTDA
Fab03679;07295190000160;DBI COMERCIO E IMPORTACAO LTDA
Fab03680;85081446000140;JOHNNY FELIPE CONTESINI DE OLIVEIRA LTDA
Fab03681;08697852000191;ENDOGERAIS EQUIPAMENTOS MEDICOS LTDA
Fab03682;04242860000192;MEDI-GLOBE BRASIL LTDA
Fab03683;25210463000109;PTC FARMACEUTICA DO BRASIL LTDA.
Fab03684;15031173000144;MERCANTIL BARRETO COMERCIAL DE PRODUTOS HOSPITALARES E SUPRIMENTOS LTDA
Fab03685;60862208000141;FARMACIA E LABORATORIO HOMEOPATICO ALMEIDA PRADO LTDA
Fab03686;01997891000165;INJEFLEX INDUSTRIA E COMERCIO DE DISPOSITIVOS E PRODUTOS MEDICOS LTDA
Fab03687;20920517000106;MRM HOSPITALAR LTDA
Fab03688;59233783000104;STERIS SOLUTIONS DO BRASIL IMPORTACAO E COMERCIALIZACAO DE PRODUTOS DA SAUDE LTDA.
Fab03689;66783630000279;PRO-LIFE EQUIPAMENTOS MEDICOS LTDA
Fab03690;05993698000107;1000MEDIC DISTRIBUIDORA IMPORTADORA EXPORTADORA DE MEDICAMENTOS LTDA
Fab03691;03090848000147;ECEL INDUSTRIA E COMERCIO LTDA
Fab03692;07439329000526;DVT COMERCIO, IMPORTACAO E EXPORTACAO LTDA
Fab03693;61489381000109;KTK INDUSTRIA, IMPORTACAO, EXPORTACAO E COMERCIO DE EQUIPAMENTOS HOSPITALARES LTDA EM RECUPERACAO JUDICIAL
Fab03694;15822337000151;RESGATEX LTDA
Fab03695;07626776000160;CIRURGICA SAO FELIPE PRODUTOS PARA SAUDE LTDA
Fab03696;67882621000117;J.G. MORIYA REPRESENTACAO, IMPORTADORA E EXPORTADORA COMERCIAL LTDA.
Fab03697;02949582000182;MEDICALWAY EQUIPAMENTOS MEDICOS LTDA
Fab03698;09058456000187;MINDRAY DO BRASIL - COMERCIO E DISTRIBUICAO DE EQUIPAMENTOS MEDICOS LTDA
Fab03699;79401303000176;TECENIL TECELAGEM NILO LTDA
Fab03700;00008354000182;BIOSENSOR INDUSTRIA E COMERCIO LTDA
Fab03701;07489080000130;RAZEK EQUIPAMENTOS LTDA
Fab03702;14727893000186;MOBIL SAUDE COMERCIAL LTDA
Fab03703;01000823000180;SOLUMED MATERIAIS MEDICOS LTDA
Fab03704;12424020000179;NOVAMED FABRICACAO DE PRODUTOS FARMACEUTICOS LTDA.
Fab03705;05090043000129;DROXTER INDUSTRIA, COMERCIO E PARTICIPACOES LTDA.
Fab03706;55972100000000;JP INDUSTRIA FARMACEUTICA S/A
Fab03707;05216860000000;BIOBASE INDUSTRIA E COMERCIO LTDA
Fab03708;61461034000178;CARCI INDUSTRIA E COMERCIO DE APARELHOS CIRURGICOS E ORTOPEDICOS LTDA
Fab03709;02704300000000;BIOMEDICA - ESTEVES & ANJOS LTDA
Fab03710;02543673000113;3 - R INDUSTRIA E COMERCIO LTDA
Fab03711;71917181000163;NSK BRASIL LTDA
Fab03712;08639512000104;EURODONTO IMPORTACAO E EXPORTACAO LTDA
Fab03713;05785287000126;ENDOMASTER COMERCIO DE EQUIPAMENTOS OPTICOS CIENTIFICOS LTDA
Fab03714;66437831000133;HTS - TECNOLOGIA EM SAUDE COMERCIO IMPORTACAO E EXPORTACAO LTDA
Fab03715;55979736000145;ALLIAGE S/A INDUSTRIAS MEDICO ODONTOLOGICA
Fab03716;06143680000000;BIOSANI INDUSTRIA E COMERCIO DE PRODUTOS MEDICOS E ODONTOLOGICOS LTDA
Fab03717;68194500000000;MEDICAL TEXTIL HOSPITALAR LTDA
Fab03718;03145540000000;ORTHOCREM INDUSTRIA E COMERCIO LTDA
Fab03719;04890800000000;ORTOM INDUSTRIA TEXTIL LTDA
Fab03720;08308147000155;SUPERMEDY IMPORTACAO E EXPORTACAO LTDA
Fab03721;59231500000000;KOLPLAST CI LTDA
Fab03722;11957593000103;CLEAN MEDICAL COMERCIO E LOCACAO DE EQUIPAMENTOS HOSPITALARES S.A.
Fab03723;31258478000140;TECHNEW COMERCIO E INDUSTRIA LTDA. - FALIDO
Fab03724;06274095000118;AGROMASS BRASIL - IMPORTACAO E EXPORTACAO LTDA
Fab03725;38391432000143;OPELLA HEALTHCARE BRAZIL LTDA
Fab03726;05218197000153;TAYLOR FARMACIA DE MANIPULACAO LTDA
Fab03727;03033589000112;OLIMED MATERIAL HOSPITALAR S.A.
Fab03728;00406859000103;AGAPLASTIC INDUSTRIA E COMERCIO LTDA
Fab03729;10284284000149;ALEXION SERVICOS E FARMACEUTICA DO BRASIL LTDA
Fab03730;07439329000100;DVT COMERCIO, IMPORTACAO E EXPORTACAO LTDA
Fab03731;04352265000100;ALIVE HEART COMERCIO DE MATERIAL MEDICO LTDA
Fab03732;43566371000148;BADEIA COMERCIO E IMPORTACAO LTDA
Fab03733;10424098000168;INDUSTRIA DE CONFECCOES K-DU LTDA
Fab03734;56990534000167;UNIAO QUIMICA INTERNACIONAL LTDA
Fab03735;10607423000128;HARBO MEDICAL LTDA
Fab03736;11026207000151;SP MARCAS - INDUSTRIA E COMERCIO DE PRODUTOS TEXTEIS HOSPITALARES LTDA
Fab03737;33474289000130;FARMABRAZ BETA ATALAIA FARMACEUTICA LTDA
Fab03738;19568801000186;SUGBEM - INDUSTRIA E COMERCIO DE PRODUTOS ODONTOLOGICOS LTDA
Fab03739;97127559000119;MK PRODUTOS PARA SAUDE LTDA
Fab03740;44239382000186;PHOENIX INDUSTRIA E COMERCIO DE EQUIPAMENTOS CIENTIFICOS LTDA
Fab03741;60666000000000;UNIAO QUIMICA FARMACEUTICA NACIONAL S A
Fab03742;22391828000150;INJET MED INDUSTRIA, COMERCIO, IMPORTACAO E EXPORTACAO DE PRODUTOS MEDICOS HOSPITALARES LTDA
Fab03743;54565478000198;SISPACK MEDICAL LTDA.
Fab03744;05161206000117;CLEAN UP BRAZIL BIOTECNOLOGIA LTDA
Fab03745;06940329000208;MED SHARP INDUSTRIA E COMERCIO DE PRODUTOS HOSPITALARES LTDA
Fab03746;43179225000160;TRANSMAI EQUIPAMENTOS MEDICOS HOSPITALARES LTDA
Fab03747;48767628000143;RICHARDS DO BRASIL PRODUTOS CIRURGICOS LTDA.
Fab03748;17875200000000;MEDQUIMICA INDUSTRIA FARMACEUTICA LTDA.
Fab03749;12666139000158;QUALITY CIENTIFICA LTDA
Fab03750;09649291000118;INOX BRASIL INDUSTRIA E COMERCIO LTDA
Fab03751;07204369000165;ANA SILVIA ALVES MARTINS FALEIROS DE ANDRADE
Fab03752;05788117000103;METALIC MEDICAL PRODUTOS HOSPITALARES LTDA
Fab03753;19632287000109;NEURO TECNOLOGIA DA AMERICA LATINA IMPORTACAO E EXPORTACAO LTDA.
Fab03754;23829339000109;INFINITI CONFECCAO LTDA
Fab03755;08675394000190;SAFE SUPORTE A VIDA E COMERCIO INTERNACIONAL LTDA
Fab03756;58188194000261;GN INJECTA INDUSTRIA, COMERCIO DE MATERIAIS MEDICOS, CIRURGICOS, ODONTOLOGICOS E DESCARTAVEIS LTDA
Fab03757;16800585000164;WAGNER DONALDO LOUZADA
Fab03758;00947389000187;FLEXOR INDUSTRIA E COMERCIO DE PRODUTOS MEDICO HOSPITALAR LTDA
Fab03759;00814559000155;SURYA DENTAL COMERCIO DE PRODUTOS ODONTOLOGICOS E FARMACEUTICOS S/A
Fab03760;06923493000207;MEDFIO INDUSTRIA E COMERCIO DE ARTIGOS ODONTOLOGICOS LTDA.
Fab03761;64178619000173;NALGON EQUIPAMENTOS CIENTIFICOS LTDA
Fab03762;05953723000129;SENIR EMBALAGENS LTDA
Fab03763;30064034000100;INSTITUTO VITAL BRAZIL S/A (CENTRO DE PESQUISAS, PRODUTOS QUIMICOS E BIOLOGICOS)
Fab03764;00662798000137;VITAL ATMAN LTDA
Fab03765;96282090000120;DURAMAX INDUSTRIA E COMERCIO LTDA
Fab03766;28273249000190;NEO INDUSTRIA E COMERCIO DE PRODUTOS HOSPITALARES LTDA
Fab03767;13247896000150;INDUSTRIA E COMERCIO DE PRODUTOS QUIMICOS LTDA
Fab03768;07186183000120;TEXPHARMA INDUSTRIA E COMERCIO DE PRODUTOS MEDICOS E HOSPITALARES LTDA
Fab03769;59506071000103;UNIAO TEXTIL COMERCIO E BENEFICIAMENTO DE PRODUTOS DE ALGODAO LTDA
Fab03770;78515210000100;CONTROLLER COMERCIO E SERVICOS LTDA
Fab03771;57688657000100;EVER GREEN INDUSTRIA E COMERCIO LTDA
Fab03772;23402794000115;CLEANUP INDUSTRIA E COMERCIO DE CALCADOS LTDA
Fab03773;42374200000000;LABORATORIOS SERVIER DO BRASIL LTDA
Fab03774;05439640000000;ANTIBIOTICOS DO BRASIL LTDA.
Fab03775;64171700000000;ACCORD FARMACEUTICA LTDA
Fab03776;15652500000000;NATUBRAS INDUSTRIA E COMERCIO DE PRODUTOS NATURAIS LTDA
Fab03777;02685380000000;SANOFI-AVENTIS FARMACEUTICA LTDA
Fab03778;82278000000000;NOVO NORDISK FARMACEUTICA DO BRASIL LTDA
Fab03779;25773000000000;PHARMASCIENCE INDUSTRIA FARMACEUTICA S.A
Fab03780;46179000000000;BRASTERAPICA INDUSTRIA FARMACEUTICA LTDA.
Fab03781;46658233000187;INDUSTRIA TEXTIL COLINA LTDA
Fab03782;18252904000170;HEALTH CARE & DUBEBE COMERCIO, IMPORTACAO, EXPORTACAO DE PRODUTOS DE HIGIENE PESSOAL, COSMETICOS E PERFUMARIA LTDA
Fab03783;14202920000105;PROTMED INDUSTRIA E COMERCIO LTDA
Fab03784;10848200000000;FITOWAY LABORATORIO NUTRICIONAL LTDA
Fab03785;04459120000000;SAMTEC BIOTECNOLOGIA LTDA
Fab03786;56998700000000;ABBOTT LABORATORIOS DO BRASIL LTDA
Fab03787;49475800000000;BIOLAB SANUS FARMACEUTICA LTDA
Fab03788;02456960000000;NATULAB LABORATORIO S.A
Fab03789;44734671002286;CRISTALIA PRODUTOS QUIMICOS FARMACEUTICOS LTDA
Fab03790;07316690000000;FORMULAS MAGISTRAIS MANIPULACOES ESPECIAIS LTDA
Fab03791;16101000000000;NUTIVIT SUPLEMENTOS ALIMENTARES LTDA
Fab03792;73663700000000;RANBAXY FARMACEUTICA LTDA
Fab03793;10588600000000;SANOFI MEDLEY FARMACEUTICA LTDA
Fab03794;16686340000158;CRIS BELLA FARMACIA E MANIPULACAO LTDA
Fab03795;45992100000000;GERMED FARMACEUTICA LTDA
Fab03796;60879800000000;LABORATORIO TAYUYNA LTDA
Fab03797;49324200000000;FRESENIUS KABI BRASIL LTDA.
Fab03798;61190100000000;EUROFARMA LABORATORIOS S.A.
Fab03799;10268800000000;MEDIX BRASIL LTDA
Fab03800;51753400000000;GOLGRAN INDUSTRIA E COMERCIO DE INSTRUMENTAL ODONT LTDA
Fab03801;31116200000000;DENTSPLY INDUSTRIA E COMERCIO LIMITADA
Fab03802;39491000000000;MDR INDUSTRIA E COMERCIO DE PRODUTOS ODONTOLOGICOS LTDA
Fab03803;05823210000000;MAQUIRA INDUSTRIA DE PRODUTOS ODONTOLOGICOS S.A.
Fab03804;28532000000000;MRV PRODUTOS MEDICOS E ODONTOLOGICOS LTDA.
Fab03805;45198500000000;TECNOBRASIL INDUSTRIA E COMERCIO LTDA
Fab03806;04008320000000;ESSENCE DENTAL IMPORTACAO E EXPORTACAO LTDA
Fab03807;01005730000000;LABOR IMPORT COMERCIAL IMPORTADORA EXPORTADORA LTDA
Fab03808;68567700000000;S S WHITE ARTIGOS DENTARIOS S/A
Fab03809;93185600000000;SCHUSTER COMERCIO DE EQUIPAMENTOS ODONTOLOGICOS LTDA
Fab03810;01057430000000;DESCARPACK DESCARTAVEIS DO BRASIL LTDA
Fab03811;28415100000000;ANAPOLIS INDUSTRIA E COMERCIO DE PRODUTOS HOSPITALARES LTDA
Fab03812;48767800000000;LABORDENTAL LTDA
Fab03813;05753430000000;BLUE DENT DENTAL INDUSTRIA, COMERCIO, IMPORTACAO E EXPORTACAO LTDA
Fab03814;03021560000000;PREMIUM INDUSTRIA E COMERCIO LTDA
Fab03815;05150340000000;MEDSONDA - INDUSTRIA E COMERCIO DE PRODUTOS HOSPITALARES DESCARTAVEIS LTDA
Fab03816;03225410000000;MISSNER & MISSNER LTDA.
Fab03817;84833900000000;BIODINAMICA QUIMICA E FARMACEUTICA LTDA
Fab03818;02881880000000;POLAR FIX INDUSTRIA E COMERCIO DE PRODUTOS HOSPITALARES LTDA
Fab03819;21172700000000;ERS INDUSTRIA E COMERCIO DE PRODUTOS DE HIGIENE E LIMPEZA S.A
Fab03820;10403200000000;AMED S/A
Fab03821;06029006000178;MDA INDUSTRIA E COMERCIO LTDA
Fab03822;50885300000000;NSR INDUSTRIA , COMERCIO E REPRESENTACOES LTDA
Fab03823;32407500000000;INDUSTRIA FRONTINENSE DE LATEX SA
Fab03824;20480500000000;MAXI CONFORT IMPORTACAO E EXPORTACAO LTDA
Fab03825;04356660000000;AAF DO BRASIL PRODUTOS ODONTOLOGICOS LTDA
Fab03826;00257992000000;ANGELUS INDUSTRIA DE PRODUTOS ODONTOLOGICOS S/A
Fab03827;07482840000000;R.P. VILELA EQUIPAMENTOS INDUSTRIAIS LTDA
Fab03828;00015955000112;SDI BRASIL PARTICIPACOES LTDA
Fab03829;02039110000000;MICRODONT COMERCIO, IMPORTACAO E EXPORTACAO DE PRODUTOS PARA USO MEDICO E ODONTO LTDA
Fab03830;84683600000000;EH BRASIL INDUSTRIA E COMERCIO LTDA.
Fab03831;03237990000000;KELLDRIN INDUSTRIAL LTDA
Fab03832;63643600000000;TANARIMAN INDUSTRIAL LTDA
Fab03833;71015853000145;DIAMED LATINO AMERICA S.A
Fab03834;08044110000000;ALT - EQUIPAMENTOS MEDICOS ODONTOLOGICOS LTDA
Fab03835;81591800000000;TDV DENTAL LTDA
Fab03836;11172800000000;TOP MED IMPORTACAO E DISTRIBUICAO LTDA
Fab03837;06981320000000;AMERICAN INSTRUMENTS LTDA
Fab03838;09032630000000;AGFA DO BRASIL LTDA.
Fab03839;65651000000000;MADEITEX COMERCIO VAREJISTA DE ARTEFATOS DE LATEX LTDA
Fab03840;05855000000000;CICLO FARMA INDUSTRIA QUIMICA LTDA
Fab03841;80392400000000;J. PROLAB INDUSTRIA E COMERCIO DE PRODUTOS PARA LABORATORIO LTDA
Fab03842;07767477000146;BIOMOLECULAR TECHNOLOGY COMERCIO, IMPORTACAO, EXPORTACAO E DISTRIBUICAO DE MATERIAIS MEDICOS E LABORATORIAIS LTDA
Fab03843;26402100000000;BELIFE INDUSTRIA COMERCIO IMPORTACAO E EXPORTACAO DE MATERIAIS HOSPITALARES LTDA
Fab03844;41150200000000;RAVA EMBALAGENS INDUSTRIA E COMERCIO LTDA
Fab03845;21043200000000;BIOTECHMAX HOSPITALAR LTDA
Fab03846;21197000000000;SOLIDA HOSPITALAR - DISTRIBUIDORA DE MATERIAL HOSPITALAR LTDA
Fab03847;09542980000000;SOROCAPS INDUSTRIA FARMACEUTICA LTDA
Fab03848;09601610000000;COSMODERMA INDUSTRIA E COMERCIO LTDA
Fab03849;11082598000393;BESINS HEALTHCARE BRASIL COMERCIAL E DISTRIBUIDORA DE MEDICAMENTOS LTDA
Fab03850;19006700000000;KASMED IMPORTACAO E COMERCIO LTDA
Fab03851;03578190000000;TECNOFIO INDUSTRIA E COMERCIO DE FIOS E MATERIAIS ISOLANTES LTDA
Fab03852;17935900000000;MAXX INDUSTRIA E COMERCIO DE PAPEL LTDA
Fab03853;03713940000000;MARDAM INDUSTRIA E COMERCIO DE PRODUTOS DE HIGIENE LTDA
Fab03854;32784492000140;M.R. OEMED INDUSTRIA FARMACEUTICA LTDA
Fab03855;10589833000193;COOPERATIVA AGROINDUSTRIAL DOS PRODUTORES RURAIS DA COLONIA PINDORAMA LTDA.
Fab03856;02552927000160;OCTAPHARMA BRASIL LTDA.
Fab03857;07032640000000;ASSUT EUROPE LATINO AMERICA IMPORTACAO E EXPORTACAO LTDA
Fab03858;01440590000000;FRESENIUS MEDICAL CARE LTDA
Fab03859;61068800000000;SANVAL COMERCIO E INDUSTRIA LTDA
Fab03860;60659500000000;ACHE LABORATORIOS FARMACEUTICOS SA
Fab03861;10220900000000;CAMAHE INDUSTRIA E COMERCIO IMPORTACAO E EXPORTACAO DE PRODUTOS PARA A SAUDE LTDA
Fab03862;31170914000124;MAYBEN PHARMACEUTICAL LTDA
Fab03863;34143706000124;MAISMED COMERCIO DE PRODUTOS PARA SAUDE LTDA
Fab03864;28753800000000;ISOFAR INDUSTRIA E COMERCIO DE PRODUTOS QUIMICOS LTDA
Fab03865;02625810000000;BRUTHAN COMERCIAL LTDA.
Fab03866;49601107000184;FRESENIUS HEMOCARE BRASIL LTDA.
Fab03867;37876642000169;LF INDUSTRIA E COMERCIO LTDA
Fab03868;13780300000000;GLOBAL INDUSTRIA E COMERCIO DE SUPRIMENTOS PARA AREA MEDICA LTDA
Fab03869;13229600000000;VENEZA DISTRIBUIDORA DE PRODUTOS HOSPITALARES LTDA
Fab03870;56994500000000;NOVARTIS BIOCIENCIAS SA
Fab03871;11643100000000;MYLAN LABORATORIOS LTDA.
Fab03872;18575400000000;FRANCEFARMA INDUSTRIA DE COSMETICOS LTDA
Fab03873;01640262000183;CITOPHARMA MANIPULACAO DE MEDICAMENTOS ESPECIAIS LTDA
Fab03874;26397200000000;3P MEDICAL LTDA
Fab03875;07415630000000;TKL IMPORTACAO E EXPORTACAO DE PRODUTOS MEDICOS E HOSPITALARES LTDA
Fab03876;06207440000000;PROTEC EXPORT INDUSTRIA, COMERCIO, IMPORTACAO E EXPORTACAO DE EQUIPAMENTOS MEDICOS HOSPITALARES LTDA
Fab03877;93480200000000;CIEX DO BRASIL INDUSTRIA E COMERCIO DE PRODUTOS CIRURGICOS LTDA
Fab03878;49604200000000;MULTIGEL INDUSTRIA E COMERCIO, IMPORTACAO E EXPORTACAO DE PRODUTOS PARA SAUDE LTDA
Fab03879;02949580000000;MEDICALWAY EQUIPAMENTOS MEDICOS LTDA
Fab03880;10692900000000;DESCARBOX DISTRIBUIDORA HOSPITALAR LTDA
Fab03881;39033000000000;VIC PHARMA INDUSTRIA E COMERCIO LTDA
Fab03882;60397800000000;TAKEDA PHARMA LTDA.
Fab03883;33009900000000;PRODUTOS ROCHE QUIMICOS E FARMACEUTICOS S A
Fab03884;43940600000000;ELI LILLY DO BRASIL LTDA
Fab03885;05452890000000;CELLTRION HEALTHCARE DISTRIBUICAO DE PRODUTOS FARMACEUTICOS DO BRASIL LTDA
Fab03886;60831700000000;BOEHRINGER INGELHEIM DO BRASIL QUIMICA E FARMACEUTICA LTDA.
Fab03887;00376959000000;IFAL IND E COM DE PRODUTOS FARMACEUTICOS LTDA
Fab03888;02290277000121;KIMBERLY -CLARK BRASIL INDUSTRIA E COMERCIO DE PRODUTOS DE HIGIENE LTDA
Fab03889;06940329000119;MED SHARP INDUSTRIA E COMERCIO DE PRODUTOS HOSPITALARES LTDA
Fab03890;08145930000000;FAMADER FARMACIA DE MANIPULACAO LTDA
Fab03891;10512200000000;JP PHARMA IMPORTACAO E DISTRIBUICAO LTDA
Fab03892;12561300000000;NOVAINSTRUMENTS EQUIPAMENTOS PARA LABORATORIO LTDA
Fab03893;06697493000147;REINALDO PERSONA FARMACIA DE MANIPULACAO LTDA
Fab03894;48344700000000;ALTHAIA S.A. INDUSTRIA FARMACEUTICA
Fab03895;43312500000000;SUPERA FARMA LABORATORIOS S.A.
Fab03896;02535510000000;ECOPER QUIMICA LTDA
Fab03897;03936630000000;OXIBORGES - COMERCIO DE EQUIPAMENTOS MEDICOS HOSPITALARES LTDA.
Fab03898;01784790000000;EQUIPLEX INDUSTRIA FARMACEUTICA LTDA -
Fab03899;02433630000000;ASPEN PHARMA INDUSTRIA FARMACEUTICA LTDA
Fab03900;60726700000000;MARJAN INDUSTRIA E COMERCIO LTDA
Fab03901;03850310000000;TEC-MAYER IMPORTADORA E DISTRIBUIDORA DE PRODUTOS MEDICOS LTDA
Fab03902;62462000000000;APSEN FARMACEUTICA S/A
Fab03903;06697490000000;REINALDO PERSONA FARMACIA DE MANIPULACAO LTDA
Fab03904;33150800000000;BIOLAB FARMA GENERICOS LTDA
Fab03905;15822300000000;RESGATEX LTDA
Fab03906;15058200000000;NUTRIEX INDUSTRIA DE COSMETICOS LTDA
Fab03907;60318800000000;ASTRAZENECA DO BRASIL LTDA.
Fab03908;01801510000000;ACONOX METALURGICA LTDA
Fab03909;09649290000000;INOX BRASIL INDUSTRIA E COMERCIO LTDA
Fab03910;05818420000000;AMCOR FLEXIBLES BRASIL LTDA
Fab03911;68210700000000;DINAMICA QUIMICA CONTEMPORANEA LTDA
Fab03912;11463600000000;ERIMAR INDUSTRIA E COMERCIO DE PRODUTOS PARA SAUDE LTDA
Fab03913;19844900000000;ERIMED INDUSTRIA E COMERCIO DE PRODUTOS PARA SAUDE LTDA
Fab03914;48767600000000;RICHARDS DO BRASIL PRODUTOS CIRURGICOS LTDA.
Fab03915;58268200000000;ABC INSTRUMENTOS CIRURGICOS LTDA
Fab03916;70306500000000;NEVOA PRODUTOS HIGIENICOS LTDA
Fab03917;06105360000000;ACCUMED PRODUTOS MEDICO HOSPITALARES LTDA
Fab03918;40192608000180;BELLAFRAL CONFORT INDUSTRIA LTDA
Fab03919;03921280000000;MEDCLEAN COMERCIAL LTDA
Fab03920;05343030000000;MEDLEVENSOHN COMERCIO E REPRESENTACOES DE PRODUTOS HOSPITALARES LTDA
Fab03921;04854180000000;DPC DO BRASIL LTDA
Fab03922;06207500000000;EURO MED INDUSTRIA E COMERCIO LTDA
Fab03923;55643600000000;RIOQUIMICA S.A.
Fab03924;51533527000112;ATACADISTA DE FRALDAS MUNDIAL LTDA
Fab03925;04053063000167;MED GOLDMAN INDUSTRIA E COMERCIO LTDA
Fab03926;59556600000000;MARK MED INDUSTRIA E COMERCIO LTDA
Fab03927;00412880000103;EMBALI INDUSTRIAS PLASTICAS LTDA
Fab03928;08145250000121;MEDICALMED COMERCIO DE MATERIAIS MEDICOS LTDA
Fab03929;47963300000000;ANIDROL INDUSTRIA QUIMICA LTDA
Fab03930;86847900000000;BIOMEDICAL COMERCIO, INDUSTRIA, IMPORTACAO E EXPORTACAO DE PRODUTOS BIOMEDICOS LTDA.
Fab03931;47193100000000;CIRURGICA BRASIL COMERCIAL E IMPORTADORA LTDA
Fab03932;48939300000000;MEDI HOUSE INDUSTRIA E COMERCIO DE PRODUTOS CIRURGICOS E HOSPITALARES LTDA
Fab03933;36008300000000;COMMAR COMERCIO INTERNACIONAL LTDA
Fab03934;84966500000000;MAXICOR PRODUTOS MEDICOS LTDA
Fab03935;18466500000000;PROTECTOR PRODUTOS HOSPITALARES LTDA
Fab03936;13644713000130;ROMED INDUSTRIA E COMERCIO DE EQUIPAMENTOS MEDICOS LTDA
Fab03937;49354000000000;OXIGEL MATERIAIS HOSPITALARES INDUSTRIA E COMERCIO LTDA
Fab03938;78746800000000;CASEX IND DE PLASTICOS E PROD MEDICOS HOSPITALARES LTDA
Fab03939;26751200000000;AMERICAN HEALTH PRODUTOS PARA SAUDE LTDA
Fab03940;78742500000000;JOAOMED COMERCIO DE MATERIAIS CIRURGICOS S/A
Fab03941;11205000000000;ASTROMED INDUSTRIA E COMERCIO DE EMBALAGENS FLEXIVEIS LTDA
Fab03942;10345462000102;OMRON HEALTHCARE BRASIL INDUSTRIA E COMERCIO DE PRODUTOS MEDICOS LTDA.
Fab03943;04506490000000;HELIANTO FARMACEUTICA LTDA
Fab03944;44010400000000;CAZI QUIMICA FARMACEUTICA INDUSTRIA E COMERCIO LTDA
Fab03945;12936032000182;DENTAL COMERCIO DE PRODUTOS ODONTO-MEDICOS LTDA
Fab03946;03620720000000;CMOS DRAKE S.A
Fab03947;01592547000196;ESSENCIAL COSMETICOS INDUSTRIA LTDA
Fab03948;36164893000158;G.G INDUSTRIA E COMERCIO DE PLASTICOS LTDA
Fab03949;03033615000102;NEW TURTLE INDUSTRIA E COMERCIO DE PECAS DE PLASTICOS E METAIS LTDA
Fab03950;11957600000000;CLEAN MEDICAL COMERCIO E LOCACAO DE EQUIPAMENTOS HOSPITALARES S.A.
Fab03951;30820100000000;M2LIFE COMERCIAL IMPORTADORA E EXPORTADORA LTDA
Fab03952;12098843000151;BM3 IMPORTACAO E EXPORTACAO LTDA
Fab03953;05161210000000;CLEAN UP BRAZIL BIOTECNOLOGIA LTDA
Fab03954;15361500000000;ALFA & OMEGA MEDICAL LTDA
Fab03955;17039142000165;OLIMEDIC INDUSTRIA E COMERCIO DE MOVEIS HOSPITALARES LTDA
Fab03956;06879630000000;CINORD INDUSTRIA FARMACEUTICA LTDA
Fab03957;08172563000179;4 R INDUSTRIA E COMERCIO DE TUBOS DE LATEX LTDA.
Fab03958;00542467000000;A B DESCARTAVEIS INDUSTRIA E COMERCIO LTDA
Fab03959;19972600000000;FACILIMPE COMERCIO DE PRODUTOS DE LIMPEZA EM GERAL LTDA.
Fab03960;05953170000000;FAVA INDUSTRIA E COMERCIO DE PRODUTOS HOSPITALARES E ODONTOLOGICOS LTDA.
Fab03961;00331788000119;AIR LIQUIDE BRASIL LTDA
Fab03962;89982000000000;MAX CIRURGICA COMERCIO DE MATERIAIS HOSPITALARES LTDA
Fab03963;65738200000000;MARIMAR INDUSTRIA COMERCIO IMPORTACAO E EXPORTACAO DE RPG LTDA
Fab03964;04901170000000;CASSIFLEX LTDA
Fab03965;10812300000000;NUTRISENIOR INDUSTRIA, COMERCIO, IMPORTACAO E EXPORTACAO DE PRODUTOS NUTRICIONAIS LTDA
Fab03966;61409843000130;MARCATTO FORTINOX INDUSTRIAL LTDA
Fab03967;03129105000133;TERUMO MEDICAL DO BRASIL LTDA.
Fab03968;05030500000000;MIKATOS INDUSTRIA, COMERCIO, SERVICOS E IMPORTACAO LTDA
Fab03969;90607700000000;IODONTEC INDUSTRIA E COMERCIO DE PRODUTOS ODONTOLOGICOS LTDA
Fab03970;11026200000000;SP MARCAS - INDUSTRIA E COMERCIO DE PRODUTOS TEXTEIS HOSPITALARES LTDA
Fab03971;50328600000000;UNITEC INDUSTRIA E COMERCIO DE APARELHOS HOSPITALARES LTDA
Fab03972;12441700000000;NOVA SICILIANO INDUSTRIA E COMERCIO DE PLACAS METALICAS LTDA
Fab03973;69348900000000;ANADONA COMERCIO E CONFECCOES LTDA
Fab03974;05118770000000;FISIOMEDICA PRODUTOS E EQUIPAMENTOS LTDA
Fab03975;09029404000182;COPERMED COMERCIAL IMPORTADORA LTDA
Fab03976;01000820000000;SOLUMED MATERIAIS MEDICOS LTDA
Fab03977;56035967000163;FOUR STAR PAPEIS LTDA
Fab03978;07768130000000;ASTELLAS FARMA BRASIL IMPORTACAO E DISTRIBUICAO DE MEDICAMENTOS LTDA.
Fab03979;08855790000000;BRACELL PAPEIS NORDESTE LTDA
Fab03980;07699580000000;POLLITEX EMBALAGENS FLEXIVEIS LTDA
Fab03981;02101808000190;ALFA INDUSTRIA E COMERCIO DE MATERIAIS PLASTICOS PARA LABORATORIOS LTDA
Fab03982;03033590000000;OLIMED MATERIAL HOSPITALAR S.A.
Fab03983;48791685000168;C.B.S. MEDICO CIENTIFICA S/A
Fab03984;05218200000000;TAYLOR FARMACIA DE MANIPULACAO LTDA
Fab03985;13038100000000;INDUFLEX INDUSTRIA E COMERCIO DE ARTEFATOS DE BORRACHA LTDA
Fab03986;03921280000169;MEDCLEAN COMERCIAL LTDA
Fab03987;94304700000000;MEDICONE PROJETOS E SOLUCOES PARA A INDUSTRIA E A SAUDE LTDA.
Fab03988;19338500000000;ALFRS INDUSTRIA DE MOVEIS LTDA
Fab03989;28215470000191;GOLDMED IMPORTACAO DE PRODUTOS HOSPITALARES LTDA.
Fab03990;06981319000121;AMERICAN INSTRUMENTS LTDA
Fab03991;24682887000103;AQUASONUS MEDICAL COMPANY LTDA
Fab03992;61391800000000;ARISTON SERVICOS DE ESCRITORIO E APOIO ADMINISTRATIVO LTDA
Fab03993;09545590000000;MABRA FARMACEUTICA LTDA
Fab03994;92037500000000;FARMAMED PRODUTOS HOSPITALARES LTDA
Fab03995;05257630000000;RANDOX BRASIL LTDA.
Fab03996;05932899000102;MEYOR'S DO BRASIL LTDA
Fab03997;07826500000000;INOVEN INDUSTRIA, COMERCIO E IMPORTACAO LTDA
Fab03998;01571700000000;HALEX ISTAR INDUSTRIA FARMACEUTICA SA
Fab03999;61082400000000;COSMED INDUSTRIA DE COSMETICOS E MEDICAMENTOS S.A.
Fab04000;72593800000000;NOVA QUIMICA FARMACEUTICA S/A
Fab04001;33078500000000;TORRENT DO BRASIL LTDA
Fab04002;05575120000000;GENOM FARMACEUTICA LTDA
Fab04003;14806000000000;MOMENTA FARMACEUTICA LTDA.
Fab04004;65271900000000;NATIVITA INDUSTRIA E COMERCIO LTDA
Fab04005;61363000000000;CHIESI FARMACEUTICA LTDA
Fab04006;35356800000000;LAPON INDUSTRIA FARMACEUTICA LTDA
Fab04007;49601100000000;FRESENIUS HEMOCARE BRASIL LTDA.
Fab04008;61230300000000;LIBBS FARMACEUTICA LTDA
Fab04009;08055630000000;IMEC-INDUSTRIA DE MEDICAMENTOS CUSTODIA LTDA
Fab04010;01140700000000;PROLINK INDUSTRIA QUIMICA LTDA
Fab04011;10733900000000;FLEXPELL HOSPITALAR LTDA
Fab04012;04242860000000;MEDI-GLOBE BRASIL LTDA
Fab04013;59309300000000;INJEX INDUSTRIAS CIRURGICAS LTDA
Fab04014;82641300000000;CREMER S.A.
Fab04015;10896600000000;DUOTEC - EMBALAGENS LTDA
Fab04016;21831246000185;TECH-SUL MEDICAL INDUSTRIA E COMERCIO LTDA
Fab04017;53162095000106;BIOSINTETICA FARMACEUTICA LTDA
Fab04018;45740289000113;ORTOFEN INDUSTRIA E COMERCIO LTDA
Fab04019;05399790000000;UNICHEM FARMACEUTICA DO BRASIL LTDA.
Fab04020;05254970000000;ZYDUS NIKKHO FARMACEUTICA LTDA
Fab04021;08157290000000;NATCOFARMA DO BRASIL LTDA
Fab04022;58430800000000;BLAU FARMACEUTICA S.A.
Fab04023;53056057000179;RECORDATI RARE DISEASES COMERCIO DE MEDICAMENTOS LTDA.
Fab04024;19791800000000;LABORATORIOS OSORIO DE MORAES LTDA
Fab04025;58188194000180;GN INJECTA INDUSTRIA, COMERCIO DE MATERIAIS MEDICOS, CIRURGICOS, ODONTOLOGICOS E DESCARTAVEIS LTDA
Fab04026;06923493000118;MEDFIO INDUSTRIA E COMERCIO DE ARTIGOS ODONTOLOGICOS LTDA.
Fab04027;10692852000140;DESCARBOX DISTRIBUIDORA HOSPITALAR LTDA
Fab04028;01965200000000;ALLDESC INDUSTRIA E COMERCIO DE PRODUTOS DESCARTAVEIS LTDA
Fab04029;07394427000160;VEROPAPEIS FABRICACAO DE PRODUTOS DE PAPEL LTDA
Fab04030;03989600000112;ALLA BRASIL LTDA
Fab04031;04656250000000;UNITHER INDUSTRIA FARMACEUTICA LTDA.
Fab04032;03869980000000;W.S. COMPRESSA DE GAZE LTDA
Fab04033;17602900000000;DELTA INDUSTRIA E COMERCIO LTDA
Fab04034;61269300000000;ALCOOL SANTA CRUZ LTDA
Fab04035;14594300000000;MK LIFE PRODUTOS MEDICAL E DENTAL LTDA
Fab04036;14336300000000;SOL-MILLENNIUM BRASIL IMPORTACAO E EXPORTACAO LTDA
Fab04037;79402400000000;ESTILO ARTEFATOS DE MADEIRAS LTDA
Fab04038;22940751000201;LUMIRADX HEALTHCARE LTDA
Fab04039;33839800000000;NEVE INDUSTRIA E COMERCIO DE PRODUTOS CIRURGICOS LTDA.
Fab04040;54565500000000;SISPACK MEDICAL LTDA.
Fab04041;01177250000000;CRISTOFOLI EQUIPAMENTOS DE BIOSSEGURANCA LTDA
Fab04042;33173100000000;CELLERA FARMACEUTICA S.A.
Fab04043;67423200000000;IBG INDUSTRIA BRASILEIRA DE GASES LTDA
Fab04044;60409100000000;NESTLE BRASIL LTDA.
Fab04045;00157774000000;TARGA MEDICAL S.A.
Fab04046;40989700000000;LETOMED INDUSTRIA E COMERCIO DE PRODUTOS HOSPITALARES LTDA
Fab04047;40989688000107;LETOMED INDUSTRIA E COMERCIO DE PRODUTOS HOSPITALARES LTDA
Fab04048;73097500000000;L H INDUSTRIA TEXTIL LTDA
Fab04049;33325900000000;LONDON QUALITY ORAL HEALTH INDUSTRIA E COMERCIO DE PRODUTOS PARA SAUDE LTDA
Fab04050;04238200000000;PROLINK COMERCIO DE ACOS E EQUIPAMENTOS INDUSTRIAIS LTDA
Fab04051;59717600000000;MULTILASER INDUSTRIAL S.A.
Fab04052;08179550000000;CELLPUS INDUSTRIA E COMERCIO DE ARTEFATOS PLASTICOS LTDA
Fab04053;07439330000000;DVT COMERCIO, IMPORTACAO E EXPORTACAO LTDA
Fab04054;24682900000000;AQUASONUS MEDICAL COMPANY LTDA
Fab04055;11671800000000;DESCARBOX INDUSTRIA E COMERCIO LTDA
Fab04056;59106000000000;WHIRLPOOL S.A
Fab04057;68949200000000;UNITED MEDICAL LTDA
Fab04058;28791000000000;FOX INDUSTRIA E COMERCIO DE MATERIAIS MEDICOS E HOSPITALARES LTDA
Fab04059;17252700000000;VITALMEDICA DISTRIBUIDORA DE MOVEIS E EQUIPAMENTOS HOSPITALARES LTDA
Fab04060;13024100000000;GTECH COMERCIO DE PRODUTOS QUIMICOS LTDA
Fab04061;22565300000000;ADVAGEN BIOTECH LTDA
Fab04062;08308150000000;SUPERMEDY IMPORTACAO E EXPORTACAO LTDA
Fab04063;05421590000000;WINNER INDUSTRIA DE DESCARTAVEIS LTDA
Fab04064;05678150000000;HAOXI EQUIPAMENTOS MEDICOS HOSPITALARES LTDA
Fab04065;01417370000000;ARKTUS INDUSTRIA E COMERCIO DE PRODUTOS PARA SAUDE LTDA.
Fab04066;26185200000000;PASSROD IMPORTACAO E EXPORTACAO DE PRODUTOS PARA SAUDE LTDA
Fab04067;58635800000000;FARMARIN INDUSTRIA E COMERCIO LTDA
Fab04068;06172460000000;NUTRIEX IMPORTACAO E EXPORTACAO DE PRODUTOS NUTRICIONAIS E FARMOQUIMICOS LTDA
Fab04069;74232000000000;LABORATORIOS FERRING LTDA
Fab04070;62969600000000;CSL BEHRING COMERCIO DE PRODUTOS FARMACEUTICOS LTDA
Fab04071;40357800000000;ULTRA TEXTIL INDUSTRIA E COMERCIO DE PRODUTOS HOSPITALARES LTDA
Fab04072;05932900000000;MEYOR'S DO BRASIL LTDA
Fab04073;48740800000000;CRAL ARTIGOS PARA LABORATORIO LTDA
Fab04074;23865000000000;GAMMA CRUCIS COMERCIO ATACADISTA, IMPORTACAO E DISTRIBUICAO LTDA
Fab04075;10607400000000;HARBO MEDICAL LTDA
Fab04076;05783970000000;FLAMAGEL INDUSTRIA E COMERCIO LTDA
Fab04077;07967730000000;HADASSAH - COSMETICOS LTDA
Fab04078;21008058000151;FERNANDO UNIFORMES LTDA
Fab04079;09284952000159;KEDRION BRASIL DISTRIBUIDORA DE PRODUTOS HOSPITALARES LTDA.
Fab04080;33109400000000;CASA GRANADO LABORATORIOS FARMACIAS E DROGARIAS S A
Fab04081;95433400000000;COMERCIO DE MATERIAIS MEDICOS HOSPITALARES MACROSUL LTDA
Fab04082;50248800000000;ABBOTT DIAGNOSTICOS RAPIDOS S.A.
Fab04083;05044980000000;LEGRAND PHARMA INDUSTRIA FARMACEUTICA LTDA
Fab04084;17546000000000;ICARAI DO BRASIL INDUSTRIA QUIMICA LTDA
Fab04085;44363700000000;GLENMARK FARMACEUTICA LTDA
Fab04086;01072992000125;DGTECH INDUSTRIA E COMERCIO LTDA.
Fab04087;11244400000000;LUDAN INDUSTRIA E COMERCIO LTDA
Fab04088;05035240000000;SUN FARMACEUTICA DO BRASIL LTDA
Fab04089;00192190000000;OFTALMOPHARMA INDUSTRIA E COMERCIO DE PRODUTOS FARMACEUTICOS LTDA
Fab04090;54516661000101;JOHNSON & JOHNSON DO BRASIL INDUSTRIA E COMERCIO DE PRODUTOS PARA SAUDE LTDA.
Fab04091;44639493000180;EUGIA PHARMA INDUSTRIA FARMACEUTICA LIMITADA
Fab04092;03968970000000;BIO PHARMUS LTDA
Fab04093;82641325001866;CREMER S.A.
Fab04094;04977640000000;COOPERUNI COOPERATIVA DE PRODUCAO DE PRODUTOS DE HIGIENE E LIMPEZA
Fab04095;02625650000000;SANFARMA INDUSTRIA, COMERCIO E IMPORTACAO E EXPORTACAO LTDA
Fab04096;13977106000191;EBD BIOTECH IMPORTACAO E COMERCIO DE PRODUTOS MEDICOS HOSPITALARES LTDA
Fab04097;11014500000000;BIOFLORENCE IMPLEMENTOS ORTOPEDICOS LTDA
Fab04098;33193000000000;BIANCODENT EQUIPAMENTOS LABORATORIAIS, MEDICOS E ODONTOLOGICOS LTDA
Fab04099;05021870000000;TECHNODRY LIOFILIZADOS MEDICOS LTDA
Fab04100;10372638000107;CESAR EDUARDO RESENDE BASTOS
Fab04101;09117476000181;MANDALA BRASIL IMPORTACAO E DISTRIBUICAO DE PRODUTO MEDICO HOSPITALAR LTDA
Fab04102;32304095000123;DENTARIA BRASIL INDUSTRIA E COMERCIO DE PRODUTOS ODONTOLOGICOS LTDA
Fab04103;19501400000000;MAWDSLEYS PHARMACEUTICALS DO BRASIL LTDA
Fab04104;02635520000000;JALLES MACHADO S.A.
Fab04105;01310210000000;LABORPLAST COMERCIAL LTDA
Fab04106;02485350000000;SICAD DO BRASIL FITAS AUTOADESIVAS LTDA
Fab04107;09121520000000;SEVEN COMERCIO DE PRODUTOS BIOTECNOLOGICOS LTDA
Fab04108;61418000000000;CIRURGICA FERNANDES - COMERCIO DE MATERIAIS CIRURGICOS E HOSPITALARES - SOCIEDADE LIMITADA
Fab04109;00252903000000;ESTERILI MED INDUSTRIA E COMERCIO DE PRODUTOS MEDICOS HOSPITALARES LTDA
Fab04110;02370649000120;BRASUTURE INDUSTRIA COMERCIO IMPORTACAO E EXPORTACAO LTDA
Fab04111;00165933000139;DESCARTEX CONFECCOES E COMERCIO LTDA
Fab04112;56323300000000;TRINKS COMERCIO DE PECAS LTDA
Fab04113;04040383000182;INDUSTRIAS H. A. BARONE LTDA
Fab04114;61072400000000;PFIZER BRASIL LTDA
Fab04115;68032200000000;BIONATUS LABORATORIO BOTANICO LTDA
Fab04116;06113700000179;DYNAMIC LAB INDUSTRIA FARMACEUTICA LTDA
Fab04117;02455073000101;CLARIS PRODUTOS FARMACEUTICOS DO BRASIL LTDA.
Fab04118;58061600000000;MICRODENT APARELHOS MEDICOS E ODONTOLOGICOS LTDA
Fab04119;03887860000000;GATTI QUIMICA LTDA
Fab04120;32465200000000;LABORATORIOS DUPRAT LTDA
Fab04121;96167900000000;PRATA HOSPITALAR LTDA
Fab04122;03887864000165;GATTI QUIMICA LTDA
Fab04123;05761666000186;SANAFARMA IND. & COM. DE PRODUTOS QUIMICOS E FARMACEUTICOS LTDA - ME
Fab04124;04718140000000;VR MEDICAL IMPORTADORA E DISTRIBUIDORA DE PRODUTOS MEDICOS LTDA.
Fab04125;05882800000000;MEGAFRAL INDUSTRIA E COMERCIO LTDA
Fab04126;43945150000180;ABL INDUSTRIA, COMERCIO ATACADISTA, IMPORTACAO E EXPORTACAO LTDA
Fab04127;11666105000109;DELLAMED S.A.
Fab04128;54516700000000;JOHNSON & JOHNSON DO BRASIL INDUSTRIA E COMERCIO DE PRODUTOS PARA SAUDE LTDA.
Fab04129;00546993000000;MEDICAL DEVICE PRODUTOS E MATERIAIS HOSPITALARES LTDA
Fab04130;02163978000108;MASTERFIX INDUSTRIA E COMERCIO LTDA
Fab04131;70939600000000;FABRICA DE ARTEFATOS DE LATEX SAO ROQUE LTDA
Fab04132;04747450000000;BABY PISS INDUSTRIA E COMERCIO DE FRALDAS DESCARTAVEIS LTDA
Fab04133;12288046000137;CCM INDUSTRIA E COMERCIO DE PRODUTOS DESCARTAVEIS S.A.
Fab04134;57953400000000;LUCKSPUMA INDUSTRIA E COMERCIO LIMITADA
Fab04135;12288000000000;CCM INDUSTRIA E COMERCIO DE PRODUTOS DESCARTAVEIS S.A.
Fab04136;07427470000185;ENDOBRAX COMERCIO, IMPORTACAO E EXPORTACAO DE EQUIPAMENTOS MEDICOS LTDA
Fab04137;17914800000000;ALTEVIR AUGUSTO DEMBINSKI
Fab04138;19136400000000;EXELTIS LABORATORIO FARMACEUTICO LTDA
Fab04139;33349500000000;FARMOQUIMICA S A
Fab04140;75014200000000;NUNESFARMA DISTRIBUIDORA DE PRODUTOS FARMACEUTICOS LTDA
Fab04141;05333540000000;TEVA FARMACEUTICA LTDA.
Fab04142;56014475000191;DELTRONIX EQUIPAMENTOS LTDA
Fab04143;31327300000000;BIOPAS BRASIL PRODUTOS FARMACEUTICOS LTDA
Fab04144;00317372000000;GALDERMA BRASIL LTDA
Fab04145;33122466000704;CERAS JOHNSON LTDA
Fab04146;04084834000183;NATUFLORES INDUSTRIA E COMERCIO DE COSMETICOS LTDA
Fab04147;10645500000000;DISTRIBUIDORA DE MEDICAMENTOS SAUDE & VIDA LTDA
Fab04148;84684600000000;LABORATORIO CATARINENSE LTDA
Fab04149;04967408000198;EMERGO BRAZIL IMPORT IMPORTACAO E DISTRIBUICAO DE PRODUTOS MEDICOS HOSPITALARES LTDA
Fab04150;48113900000000;1FARMA INDUSTRIA FARMACEUTICA LTDA
Fab04151;23552200000000;ROCHE DIABETES CARE BRASIL LTDA
Fab04152;29346300000000;LABORATORIO FARMACEUTICO VITAMED LTDA
Fab04153;24365710000183;UNIVERSIDADE FEDERAL DO RIO GRANDE DO NORTE
Fab04154;01645409000128;AUTO SUTURE DO BRASIL LTDA.
Fab04155;55163000000000;SEMINA INDUSTRIA E COMERCIO LTDA
Fab04156;03108098000193;BLISFARMA INDUSTRIA FARMACEUTICA LTDA
Fab04157;40809600000000;BIOWELL AMERICA LTDA
Fab04158;21763300000000;ANGELUS PRIMA DENTAL LTDA
Fab04159;11198447000133;KACIL INDUSTRIA E COMERCIO LTDA
Fab04160;20669200000000;K2 INDUSTRIA, COMERCIO, IMPORTACAO E EXPORTACAO LTDA
Fab04161;61186900000000;KODAK BRASILEIRA COMERCIO DE PRODUTOS PARA IMAGEM E SERVICOS LTDA
Fab04162;07499260000000;M P - COMERCIO DE MATERIAIS HOSPITALARES LTDA.
Fab04163;17926587000167;ABA INDUSTRIA E COMERCIO DE DESCARTAVEIS LTDA
Fab04164;00762455000144;NIPRO MEDICAL LTDA
Fab04165;25066300000000;ALGSUN INDUSTRIA E COMERCIO DE PRODUTOS LTDA
Fab04166;08646790000000;MAXINUTRI LABORATORIO NUTRACEUTICO LTDA
Fab04167;03978170000000;DR.REDDY'S FARMACEUTICA DO BRASIL LTDA
Fab04168;33089180000260;PRLV INDUSTRIA DE SUPLEMENTOS ALIMENTARES LTDA
Fab04169;08053383000178;CAITHEC COMERCIO E INDUSTRIA LTDA
Fab04170;06940330000000;MED SHARP INDUSTRIA E COMERCIO DE PRODUTOS HOSPITALARES LTDA
Fab04171;14469100000000;INDUSTRIA DE ARTEFATOS DE BORRACHA INOVATEX LTDA
Fab04172;20180600000000;2I PRODUTOS ODONTOLOGICOS E MEDICO HOSPITALARES S.A. EM RECUPERACAO JUDICIAL
Fab04173;58085800000000;WIRATH INDUSTRIA E COMERCIO LTDA
Fab04174;02936819000190;APICE HEALTHCARE EQUIPAMENTOS MEDICOS HOSPITALARES LTDA
Fab04175;02216436000148;NORTEXTIL NORDESTE TEXTIL LTDA
Fab04176;11462456000190;DIAGNOSTICA INDUSTRIA E COMERCIO LTDA
Fab04177;46271011000107;ERVIEGAS QUIMICA FINA E PLASTICOS LTDA
Fab04178;06223055000147;DIAGNOSTEK INDUSTRIA E COMERCIO DE PRODUTOS CIENTIFICOS LTDA
Fab04179;51462471000152;LABSYNTH PRODUTOS PARA LABORATORIOS LTDA
Fab04180;04415370000000;CHRON EPIGEN INDUSTRIA E COMERCIO LTDA
Fab04181;02473977000151;SITMED EQUIPAMENTOS MEDICOS LTDA
Fab04182;78950000000000;HERBARIUM LABORATORIO BOTANICO LTDA.
Fab04183;37696646000165;IDEATON INDUSTRIA DE SUPLEMENTOS LTDA
Fab04184;01444277000176;DABIO BRASILE IMPORTACAO E EXPORTACAO DE COMPRESSORES DE AR LTDA
Fab04185;33255800000000;IBF INDUSTRIA BRASILEIRA DE FILMES S/A.
Fab04186;10249100000000;INALAMED EQUIPAMENTOS E MATERIAIS HOSPITALARES LTDA
Fab04187;07186180000000;TEXPHARMA INDUSTRIA E COMERCIO DE PRODUTOS MEDICOS E HOSPITALARES LTDA
Fab04188;10249145000184;INALAMED EQUIPAMENTOS E MATERIAIS HOSPITALARES LTDA
Fab04189;10399413000144;EXODO CIENTIFICA QUIMICA FINA INDUSTRIA E COMERCIO LTDA
Fab04190;09560267000108;BETANIAMED COMERCIAL LTDA
Fab04191;26757900000000;LEMED DISTRIBUIDORA MATERIAIS HOSPITALARES LTDA
Fab04192;78935400001409;FARMACIA VALE VERDE LTDA
Fab04193;43426600000000;ALLERGAN PRODUTOS FARMACEUTICOS LTDA.
Fab04194;10546000000000;VITA MEDICAL MATERIAL HOSPITALAR LTDA
Fab04195;65312000000000;BIOMASTER EQUIPAMENTOS HOSPITALARES LTDA
Fab04196;43640800000000;FUNDACAO PARA O REMEDIO POPULAR FURP
Fab04197;05788120000000;METALIC MEDICAL PRODUTOS HOSPITALARES LTDA
Fab04198;33247700000000;GLAXOSMITHKLINE BRASIL LTDA
Fab04199;11050300000000;GIGANTE PRODUTOS MEDICOS LTDA
Fab04200;56036000000000;FOUR STAR PAPEIS LTDA
Fab04201;04716280000000;RMC - INDUSTRIA BRASILEIRA DE PRODUTOS MEDICOS LTDA
Fab04202;07775666000160;AVANUTRI EQUIPAMENTOS DE SAUDE LTDA
Fab04203;17164100000000;PRIME INSTRUMENTOS CIRURGICOS LTDA
Fab04204;00332257000000;E. DE GODOY BRAGANCA TEXTIL
Fab04205;51780500000000;JANSSEN-CILAG FARMACEUTICA LTDA
Fab04206;21983850000127;SAM MEDIC INDUSTRIA DE EQUIPAMENTOS HOSPITALARES LTDA
Fab04207;48396400000000;UCI FARMA INDUSTRIA FARMACEUTICA LTDA
Fab04208;33145200000000;LABORATORIO GROSS S A
Fab04209;50657400000000;EBRAM PRODUTOS LABORATORIAIS LTDA
Fab04210;03142790000000;GOLD ANALISA DIAGNOSTICA LTDA
Fab04211;04798380000000;ASFER INDUSTRIA QUIMICA LTDA
Fab04212;03415840000000;FORTSAN DO BRASIL IND QUIMICA E FARMACEUTICA LTDA
Fab04213;08546930000000;CARESTREAM DO BRASIL COMERCIO E SERVICOS DE PRODUTOS MEDICOS LTDA
Fab04214;00562583000000;RENYLAB - QUIMICA E FARMACEUTICA LTDA
Fab04215;56999000000000;BRISTOL-MYERS SQUIBB FARMACEUTICA LTDA.
Fab04216;60874200000000;DAIICHI SANKYO BRASIL FARMACEUTICA LTDA.
Fab04217;02932070000000;HYPERA S.A.
Fab04218;55227789000100;LBS LABORASA INDUSTRIA FARMACEUTICA LTDA
Fab04219;07540200000000;MEDIFARR PRODUTOS PARA A SAUDE LTDA.
Fab04220;59506100000000;UNIAO TEXTIL COMERCIO E BENEFICIAMENTO DE PRODUTOS DE ALGODAO LTDA
Fab04221;94022654000160;LABORATORIO QUIMICO FARMACEUTICO TIARAJU LTDA
Fab04222;59476800000000;PROCTER & GAMBLE DO BRASIL LTDA.
Fab04223;08569250000000;A. M. MOTA CUSTODIO
Fab04224;14243000000000;BIOGENESIS BRASIL INDUSTRIA E COMERCIO DE EQUIPAMENTOS MEDICO-HOSPITALARES LTDA
Fab04225;35291000000000;WT DISTRIBUIDORA LTDA
Fab04226;33040635000171;BIOMERIEUX BRASIL INDUSTRIA E COMERCIO DE PRODUTOS LABORATORIAIS LTDA
Fab04227;61282700000000;LABORATORIO QUIMICO FARMACEUTICO BERGAMO LTDA
Fab04228;18774800000000;AMGEN BIOTECNOLOGIA DO BRASIL LTDA.
Fab04229;01932230000000;CALLAMARYS INDUSTRIA E COMERCIO DE COSMETICOS E SANEANTES LTDA
Fab04230;07204370000000;ANA SILVIA ALVES MARTINS FALEIROS DE ANDRADE
Fab04231;03840190000000;RS MED LTDA
Fab04232;02290280000000;KIMBERLY -CLARK BRASIL INDUSTRIA E COMERCIO DE PRODUTOS DE HIGIENE LTDA
Fab04233;10620000000000;GODOY & BAPTISTELLA INDUSTRIA E COMERCIO DE PRODUTOS DE HIGIENE LTDA
Fab04234;14766100000000;MEDGRAN INDUSTRIA E COMERCIO DE PRODUTOS HOSPITALARES LTDA
Fab04235;08048990000000;DUNE PRODUTOS ORTOPEDICOS LTDA
Fab04236;02916030000000;FRADEL-MED INDUSTRIA E COMERCIO DE APARELHOS MEDICOS LTDA
Fab04237;11011800000000;VENTCARE INDUSTRIA E COMERCIO LTDA
Fab04238;11666100000000;DELLAMED S.A.
Fab04239;05922810000000;MAGNA MEDICA COMERCIO DE PRODUTOS MEDICOS HOSPITALARES LTDA.
Fab04240;03426480000000;SALDANHA RODRIGUES LTDA
Fab04241;05524740000000;MED SUPPLY PRODUTOS MEDICOS LTDA
Fab04242;06353660000000;V & E INDUSTRIA E COMERCIO DE PRODUTOS HOSPITALARES LTDA
Fab04243;07334239000147;C M MEDICAL COMERCIAL HOSPITALAR LTDA
Fab04244;37787700000000;MEDI COMPANY EQUIPAMENTOS DE PROTECAO LTDA
Fab04245;07775670000000;AVANUTRI EQUIPAMENTOS DE SAUDE LTDA
Fab04246;34143700000000;MAISMED COMERCIO DE PRODUTOS PARA SAUDE LTDA
Fab04247;21831200000000;TECH-SUL MEDICAL INDUSTRIA E COMERCIO LTDA
Fab04248;01122230000000;IMPORT SERVICE MATERIAL MEDICO HOSPITALAR LTDA
Fab04249;04516470000000;TECNOPRINT IMPRESSOS TECNICOS LTDA
Fab04250;07626780000000;CIRURGICA SAO FELIPE PRODUTOS PARA SAUDE LTDA
Fab04251;10686900000000;MASTER MEDIKAL INDUSTRIA E COMERCIO DE EQUIPAMENTOS MEDICOS LTDA
Fab04252;23829300000000;INFINITI CONFECCAO LTDA
Fab04253;28215500000000;GOLDMED IMPORTACAO DE PRODUTOS HOSPITALARES LTDA.
Fab04254;22575100000000;6B INVENT GERMANY INOX CE - BRASIL, IMPORTACAO E EXPORTACAO LTDA
Fab04255;01772800000000;MEDTRONIC COMERCIAL LTDA
Fab04256;24331600000000;MULTICARE PHARMACEUTICALS LTDA
Fab04257;07925710000000;AUROBINDO PHARMA PRODUTOS FARMACEUTICOS LIMITADA
Fab04258;92695700000000;KLEY HERTZ FARMACEUTICA S.A
Fab04259;15127900000000;MUNDIPHARMA BRASIL PRODUTOS MEDICOS E FARMACEUTICOS LTDA.
Fab04260;66818360000103;DENT-FLEX INDUSTRIA E COMERCIO LTDA
Fab04261;45987000000000;ORGANON FARMACEUTICA LTDA.
Fab04262;00072255000160;JUSIMED IMPORTACAO E COMERCIO DE PRODUTOS MEDICOS LTDA
Fab04263;61100000000000;ZAMBON LABORATORIOS FARMACEUTICOS LTDA
Fab04264;17440300000000;MYRALIS INDUSTRIA FARMACEUTICA LTDA
Fab04265;07670110000000;ARESE PHARMA LTDA.
Fab04266;04522600000000;LUNDBECK BRASIL LTDA
Fab04267;04752990000000;BIOMM S/A
Fab04268;61455200000000;TRB PHARMA INDUSTRIA QUIMICA E FARMACEUTICA LTDA
Fab04269;03560970000000;MERCK SHARP & DOHME FARMACEUTICA LTDA.
Fab04270;89738200000000;SANREMO S/A
Fab04271;61150400000000;LABORATORIOS BALDACCI LTDA EM RECUPERACAO JUDICIAL
Fab04272;03860740000000;LARISMED - INDUSTRIA E COMERCIO DE MATERIAIS MEDICO E HOSPITALAR LTDA
Fab04273;18459600000000;BAYER S.A.
Fab04274;19426700000000;ANOVIS INDUSTRIAL FARMACEUTICA LTDA.
Fab04275;02121800000000;ICOFA INDUSTRIA E COMERCIO DE FRALDAS E ABSORVENTES LTDA
Fab04276;74360100000000;BEST FABRIL INDUSTRIA E COMERCIO DE ARTEFATOS DE FALSO TECIDO LTDA.
Fab04277;10555100000000;GRUNENTHAL DO BRASIL FARMACEUTICA LTDA.
Fab04278;17102400000000;SOOLIS NUTRACEUTICA INDUSTRIA E COMERCIO LTDA
Fab04279;67577400000000;IMPLANTEC MATERIAIS MEDICOS E HOSPITALARES LTDA
Fab04280;18834900000000;NOVA OGP INDUSTRIA E COMERCIO LTDA
Fab04281;04748180000000;LABORATORIOS BAGO DO BRASIL S.A.
Fab04282;01107390000000;SUPPORT PRODUTOS NUTRICIONAIS LTDA
Fab04283;11405400000000;ALFA MED SISTEMAS MEDICOS LTDA
Fab04284;26715000000000;PROMED COMERCIO DE SUPRIMENTOS HOSPITALARES LTDA
Fab04285;22315538000128;MLA SUPRIMENTOS MEDICOS SA
Fab04286;40192600000000;BELLAFRAL CONFORT INDUSTRIA LTDA
Fab04287;17935938000104;MAXX INDUSTRIA E COMERCIO DE PAPEL LTDA
Fab04288;68176544000142;KSN - PROTECAO RESPIRATORIA LTDA
Fab04289;73636400000000;NEWPROV PRODUTOS PARA LABORATORIO LTDA
Fab04290;04842200000000;KOVALENT DO BRASIL LTDA
Fab04291;02534070000000;BIOTECNICA INDUSTRIA E COMERCIO LTDA
Fab04292;33036800000000;QUIMICA HALLER LTDA
Fab04293;07009770000000;WANA INDUSTRIA E COMERCIO DE PRODUTOS QUIMICOS LTDA
Fab04294;00424413000000;DESKARPLAS INDUSTRIA E COMERCIO LTDA
Fab04295;09245000000000;INDUSTRIA E COMERCIO DE PRODUTOS CIENTIFICOS PERFECTA LTDA.
Fab04296;65802894000189;BIO MN INDUSTRIA E COMERCIO LTDA
Fab04297;09413670000000;PETNOR INDUSTRIA E COMERCIO DE EMBALAGENS LTDA
Fab04298;11198400000000;KACIL INDUSTRIA E COMERCIO LTDA
Fab04299;71957300000000;GREINER BIO-ONE BRASIL PRODUTOS MEDICOS HOSPITALARES LTDA
Fab04300;12600200000000;MOLNLYCKE HEALTH CARE VENDA DE PRODUTOS MEDICOS LTDA
Fab04301;33026100000000;MEGALABS FARMACEUTICA S.A.
Fab04302;16516300000000;LABTEST DIAGNOSTICA S/A
Fab04303;07718720000000;BEAUFOUR IPSEN FARMACEUTICA LTDA.
Fab04304;36940761000170;GREENCARE PHARMA COMERCIO ATACADISTA DE MEDICAMENTOS E COSMETICOS LTDA.
Fab04305;38909503000157;OPEM REPRESENTACAO IMPORTADORA EXPORTADORA E DISTR.LTDA
Fab04306;20451700000000;SALUTEM COMERCIO DE MOVEIS HOSPITALARES LTDA
Fab04307;66835300000000;BALMAK INDUSTRIA E COMERCIO LTDA
Fab04308;37182605000150;QLS - QUALITY LIFE SCIENCES IMPORTACAO E EXPORTACAO LTDA
Fab04309;87642700000000;MECSUL MAQUINAS E EQUIPAMENTOS LTDA
Fab04310;68867500000000;GABMED PRODUTOS ESPECIFICOS LTDA
Fab04311;33656800000000;INNOVARE INDUSTRIA E COMERCIO DE PECAS PLASTICAS LTDA
Fab04312;18344700000000;MR SAFETY TECHNOLOGY LTDA
Fab04313;46658200000000;INDUSTRIA TEXTIL COLINA LTDA
Fab04314;05150880000000;HEALTH QUALITY - INDUSTRIA E COMERCIO LTDA
Fab04315;02761300000000;WEB WELLHEAD EQUIPMENT DO BRASIL LTDA
Fab04316;07767480000000;BIOMOLECULAR TECHNOLOGY COMERCIO, IMPORTACAO, EXPORTACAO E DISTRIBUICAO DE MATERIAIS MEDICOS E LABORATORIAIS LTDA
Fab04317;34274065000147;BIOFARMACEUTICA PRODUTOS MEDICO HOSPITALARES LTDA
Fab04318;05210560000000;DBS INDUSTRIA E COMERCIO LTDA
Fab04319;83874600000000;LABORATORIO FARMACEUTICO ELOFAR LTDA.
Fab04320;55980700000000;ADIUM S.A.
Fab04321;09058500000000;FARMA VISION IMPORTACAO E EXPORTACAO DE MEDICAMENTOS LTDA
Fab04322;09284950000000;KEDRION BRASIL DISTRIBUIDORA DE PRODUTOS HOSPITALARES LTDA.
Fab04323;11367066000130;ALPHARAD INDUSTRIA, COMERCIO, IMPORTACAO E EXPORTACAO DE PRODUTOS HOSPITALARES LTDA
Fab04324;24326304000101;A 2 F INDUSTRIA FARMACEUTICA LTDA
Fab04325;33051500000000;LABORATORIOS PIERRE FABRE DO BRASIL LTDA
Fab04326;46070900000000;LABORATORIOS PFIZER LTDA
Fab04327;10708800000000;FRANTINS INDUSTRIA E COMERCIO DE PRODUTOS ODONTOLOGICOS LTDA
Fab04328;09036720000000;HIDROFARMA REPRESENTACAO E FABRICACAO DE ALGODAO LTDA
Fab04329;21810980000168;INNOVATIVE MEDICINES BRASIL SP DISTRIBUICAO DE MEDICAMENTOS LTDA
Fab04330;37260261000150;MEDICAL SYSTEM BRASIL IMPORTACAO E COMERCIO DE PRODUTOS MEDICOS LTDA
Fab04331;64711500000000;UCB BIOPHARMA LTDA.
Fab04332;72899016000199;ESSITY DO BRASIL INDUSTRIA E COMERCIO LTDA
Fab04333;08633431000105;GABISA MEDICAL INTERNATIONAL S.A.
Fab04334;41590794000178;HORIZON THERAPEUTICS BRASIL LTDA.
Fab04335;28345933000130;BRAMED COMERCIO HOSPITALAR DO BRASIL LTDA
Fab04336;33660100000000;J.N.S. TEXTIL LTDA
Fab04337;55198700000000;NCS INDUSTRIA E COMERCIO DE EQUIPAMENTOS PARA SAUDE LTDA
Fab04338;24331585000190;MULTICARE PHARMACEUTICALS LTDA
Fab04339;59548200000000;FABRICA DE ARTEFATOS DE LATEX BLOWTEX LTDA
Fab04340;03317470000000;LABOR LINE INDUSTRIA E COMERCIO DE EQUIPAMENTOS HOSPITALARES E LABORATORIAIS LTDA
Fab04341;66783600000000;PRO-LIFE EQUIPAMENTOS MEDICOS LTDA
Fab04342;08179551000176;CELLPUS INDUSTRIA E COMERCIO DE ARTEFATOS PLASTICOS LTDA
Fab04343;47394100000000;BIOMED PRODUTOS MEDICOS LTDA
Fab04344;54433100000000;BIOFARMA FARMACEUTICA LTDA
Fab04345;01074840000000;WILCOS DO BRASIL INDUSTRIA E COMERCIO LIMITADA
Fab04346;23596700000000;SEROPLAST INDUSTRIA E COMERCIO DE PRODUTOS HOSPITALARES LTDA
Fab04347;55195800000000;REVITAL INDUSTRIA E COMERCIO DE PRODUTOS NATURAIS LTDA
Fab04348;72820000000000;M. SO MATERIAL HOSPITALAR LTDA
Fab04349;04470103000176;BIOTECNO INDUSTRIA E COMERCIO LTDA
Fab04350;59653700000000;VNO ORTOPEDIA INDUSTRIA E COMERCIO IMPORTACAO E EXPORTACAO LTDA
Fab04351;26685400000000;GOLD CARE  COMERCIO DE MATERIAIS CIRURGICOS E HOSPITALARES LTDA
Fab04352;04821942000191;POLIFER - INDUSTRIA E COMERCIO DE PRODUTOS PLASTICOS LTDA
Fab04353;58511300000000;SONICLEAR INDUSTRIA COMERCIO IMPORTACAO E EXP LTDA
Fab04354;56216800000000;PRODUTOS ORTOPEDICOS CHANTAL LTDA
Fab04355;24355700000000;FORTCLEAN COMERCIO DE PRODUTOS TEXTEIS LTDA
Fab04356;26439487000105;SANDOM INDUSTRIA E COMERCIO FARMACEUTICO LTDA
Fab04357;33697943000174;INDUSTRIA DE FRALDAS GBI LTDA
Fab04358;45101837000165;RECIFRALDA INDUSTRIA DE FRALDA LTDA
Fab04359;15670288000189;GILEAD SCIENCES FARMACEUTICA DO BRASIL LTDA
Fab04360;23643300000000;DANONE LTDA
Fab04361;01831390000000;BLISFARMA INDUSTRIA ALIMENTICIA LTDA
Fab04362;12424000000000;LIDER COMERCIO DE MEDICAMENTOS E MATERIAIS HOSPITALARES LTDA
Fab04363;09058502000148;FARMA VISION IMPORTACAO E EXPORTACAO DE MEDICAMENTOS LTDA
Fab04364;55227800000000;LBS LABORASA INDUSTRIA FARMACEUTICA LTDA
Fab04365;01123970000000;ORTHO PAUHER INDUSTRIA COMERCIO E DISTRIBUICOES LTDA
Fab04366;12577257000190;ECOMAX INDUSTRIA E COMERCIO DE PRODUTOS PLASTICOS LTDA
Fab04367;18258209000115;CIRURGICA CERON IMPORTADORA E EXPORTADORA DE EQUIPAMENTOS HOSPITALARES E VETERINARIOS LTDA
Fab04368;03476067000195;FORT FLEX COMERCIAL LTDA
Fab04369;03852060000000;MEDSUPPLY ELETRO-ELETRONICA LTDA
Fab04370;00433726000000;PROINLAB - INDUSTRIA E COMERCIO DE PRODUTOS PARA LABORATORIOS LTDA
Fab04371;00377455000000;IDEXX BRASIL LABORATORIOS LTDA.
Fab04372;50938700000000;THEOTO S A INDUSTRIA E COMERCIO
Fab04373;06173150000000;DIAMANTEC PRODUTOS ODONTOLOGICOS LTDA
Fab04374;13109151000124;UNO HEALTHCARE COMERCIO DE MEDICAMENTOS LTDA.
Fab04375;60831658001220;BOEHRINGER INGELHEIM DO BRASIL QUIMICA E FARMACEUTICA LTDA.
Fab04376;10734100000000;PRODUTOS QUIMICOS ORION S/A
Fab04377;30763301000138;BEONE MEDICINES BRASIL LTDA
Fab04378;49425259000173;VIPI INDUSTRIA, COMERCIO, EXPORTACAO E IMPORTACAO DE PRODUTOS ODONTOLOGICOS LTDA.
Fab04379;04654860000000;INDALABOR INDAIA LABORATORIO FARMACEUTICO LTDA
Fab04380;24450310000176;USA COMERCIO DE PRODUTOS CIRURGICOS LTDA
